商号,よみ,法令の条項,公告アドレス,公告開始日,公告終了日,所在地,備考,初回観測,最終観測,掲載終了検知
ＴＯＰＰＡＮホールディングス株式会社,とっぱんほーるでぃんぐす,会社法第198条第1項,https://www.holdings.toppan.com/assets/ja/pdf/ir/stockinfo/20260501koukoku.pdf,2026-05-01,2026-08-03,東京都台東区台東1-5-1,,2026-08-03T14:17:49+09:00,2026-08-03T15:26:28+09:00,2026-08-04T07:03:49+09:00
株式会社神戸製鋼所,こうべせいこうしょ,会社法第797条第3項及び第4項,https://www.kobelco.co.jp/ir/pdf/260511.pdf,2026-05-12,2026-08-31,神戸市中央区脇浜海岸通2-2-4,,2026-08-03T14:17:49+09:00,2026-08-31T06:43:15+09:00,2026-09-01T06:43:15+09:00
株式会社ミライト・ワン,みらいとわん,会社法第797条第3項及び第4項,https://contents.xj-storage.jp/xcontents/AS99169/a121f7e2/c3aa/4f08/aa19/dd76ada31a76/20260514195449878s.pdf,2026-05-21,2026-09-30,東京都港区虎ノ門2-2-3,,2026-08-03T14:17:49+09:00,2026-09-05T06:43:22+09:00,
フジテック株式会社,ふじてっく,会社法第219条第1項,https://www.fujitec.co.jp/uploads/2026/05/260529-Notice-of-Merger-and-Notice-to-Submit-Stock-Certificates.pdf,2026-05-29,2026-09-30,滋賀県彦根市宮田町591-1,,2026-08-03T14:17:49+09:00,2026-09-05T06:43:22+09:00,
株式会社スクウェア・エニックス,すくうぇあえにっくす,資金決済に関する法律第20条第2項、第3項及び第4項,https://www.jp.square-enix.com/company/ja/electronic/download/shikinnkessai_koukoku_20260530.pdf,2026-05-30,2026-09-15,東京都新宿区新宿6-27-30,,2026-08-03T14:17:49+09:00,2026-09-05T06:43:22+09:00,
株式会社商工組合中央金庫,しょうこうくみあいちゅうおうきんこ,民間公益活動を促進するための休眠預金等に係る資金の活用に関する法律第3条第1項,https://www.shokochukin.co.jp/share/library/announce/pdf/20260529_kyuminyokin.pdf,2026-06-01,2026-08-31,東京都中央区八重洲2-10-17,,2026-08-03T14:17:49+09:00,2026-08-31T06:43:15+09:00,2026-09-01T06:43:15+09:00
網易娯楽株式会社,あみいごらく,資金決済に関する法律第20条第2項,https://www.neteasegames.com/pdf/20260524.pdf,2026-06-01,2026-08-31,東京都新宿区西新宿6-8-1,,2026-08-03T14:17:49+09:00,2026-08-31T06:43:15+09:00,2026-09-01T06:43:15+09:00
オリックス銀行株式会社,おりっくすぎんこう,民間公益活動を促進するための休眠預金等に係る資金の活用に関する法律第3条第1項,https://www.orixbank.co.jp/aboutus/disclosure/pdf/dormant-deposit.pdf,2026-06-02,2026-08-03,東京都港区芝3-22-8,,2026-08-03T14:17:49+09:00,2026-08-03T15:26:28+09:00,2026-08-04T07:03:49+09:00
株式会社コーエーテクモゲームス,こーえーてくもげーむす,資金決済に関する法律第20条第2項,https://www.koeitecmo.co.jp/ir/stock/public-notice/group/docs/ktg_announcement_260601.pdf,2026-06-02,2026-09-01,神奈川県横浜市西区みなとみらい4-3-6,,2026-08-03T14:17:49+09:00,2026-09-01T06:43:15+09:00,2026-09-02T06:43:32+09:00
株式会社豊和銀行,ほうわぎんこう,民間公益活動を促進するための休眠預金等に係る資金の活用に関する法律第3条第1項,https://www.howabank.co.jp/wp-content/uploads/2026/06/20260603.pdf,2026-06-04,2026-08-05,大分市王子中町4-10,,2026-08-03T14:17:49+09:00,2026-08-05T07:04:38+09:00,2026-08-06T07:05:07+09:00
ＰａｙＰａｙ銀行株式会社,ぺいぺいぎんこう,民間公益活動を促進するための休眠預金等に係る資金の活用に関する法律第3条第1項,https://www.paypay-bank.co.jp/dormancy/2026.pdf,2026-06-04,2026-08-04,東京都新宿区四谷1-6-1,,2026-08-03T14:17:49+09:00,2026-08-04T07:03:49+09:00,2026-08-05T07:04:38+09:00
株式会社岩手銀行,いわてぎんこう,民間公益活動を促進するための休眠預金等に係る資金の活用に関する法律第3条第1項,https://www.iwatebank.co.jp/assets/pdf/20260605_kyuminyokin.pdf,2026-06-05,2026-08-05,岩手県盛岡市中央通1-2-3,,2026-08-03T14:17:49+09:00,2026-08-05T07:04:38+09:00,2026-08-06T07:05:07+09:00
株式会社北日本銀行,きたにっぽんぎんこう,民間公益活動を促進するための休眠預金等に係る資金の活用に関する法律第3条第1項,https://www.kitagin.co.jp/company/ir/publicnotice/pdf/260608_1.pdf,2026-06-08,2026-08-07,岩手県盛岡市中央通1-6-7,,2026-08-03T14:17:49+09:00,2026-08-07T08:46:02+09:00,2026-08-08T06:55:28+09:00
株式会社北國銀行,ほつこくぎんこう,民間公益活動を促進するための休眠預金等に係る資金の活用に関する法律第3条第1項,https://www.hokkokubank.co.jp/ir/koukoku/pdf/20260609.pdf,2026-06-09,2026-08-08,石川県金沢市広岡2-12-6,,2026-08-03T14:17:49+09:00,2026-08-08T06:55:28+09:00,2026-08-09T06:50:47+09:00
株式会社沖縄銀行,おきなわぎんこう,民間公益活動を促進するための休眠預金等に係る資金の活用に関する法律第3条第1項,https://www.okinawa-bank.co.jp/_files/00047968/kyumin_koukoku.pdf,2026-06-09,2026-08-08,沖縄県那覇市久茂地3-10-1,,2026-08-03T14:17:49+09:00,2026-08-08T06:55:28+09:00,2026-08-09T06:50:47+09:00
インテグラル株式会社,いんてぐらる,会社法第785条第3項及び第4項,https://www.integralkk.com/gr/notice/pdf/20260610koukoku_1.pdf,2026-06-10,2026-09-30,東京都千代田区丸の内1-9-2,,2026-08-03T14:17:49+09:00,2026-09-05T06:43:22+09:00,
株式会社あいち銀行,あいちぎんこう,民間公益活動を促進するための休眠預金等に係る資金の活用に関する法律第3条第1項,https://www.aichibank.co.jp/files/pdf/dormant_deposits2026.pdf,2026-06-10,2026-08-09,名古屋市中区栄3-14-12,,2026-08-03T14:17:49+09:00,2026-08-09T06:50:47+09:00,2026-08-10T06:52:06+09:00
株式会社四国銀行,しこくぎんこう,民間公益活動を促進するための休眠預金等に係る資金の活用に関する法律第3条第1項,https://contents.xj-storage.jp/xcontents/AS02508/e975bf55/720c/49cc/8050/345ef3d90eff/20260515181227925s.pdf,2026-06-10,2026-08-10,高知市南はりまや町1-1-1,,2026-08-03T14:17:49+09:00,2026-08-10T06:52:06+09:00,2026-08-11T06:56:35+09:00
株式会社群馬銀行,ぐんまぎんこう,民間公益活動を促進するための休眠預金等に係る資金の活用に関する法律第3条第1項,https://www.gunmabank.co.jp/ir/denshi/pdf/kyuumin2026.pdf,2026-06-10,2026-08-10,群馬県前橋市元総社町194,,2026-08-03T14:17:49+09:00,2026-08-10T06:52:06+09:00,2026-08-11T06:56:35+09:00
株式会社あおぞら銀行,あおぞらぎんこう,民間公益活動を促進するための休眠預金等に係る資金の活用に関する法律第3条第1項,https://www.aozorabank.co.jp/ir/announcement/pdf/20260612_kyuumin.pdf,2026-06-12,2026-08-13,東京都千代田区麹町6-1-1,,2026-08-03T14:17:49+09:00,2026-08-13T06:58:28+09:00,2026-08-14T06:58:17+09:00
株式会社きらやか銀行,きらやかぎんこう,民間公益活動を促進するための休眠預金等に係る資金の活用に関する法律第3条第1項,https://www.kirayaka.co.jp/aboutus/ir/koukoku/pdf/announce20260612.pdf,2026-06-12,2026-08-12,山形市旅篭町3-2-3,,2026-08-03T14:17:49+09:00,2026-08-12T06:59:06+09:00,2026-08-13T06:58:28+09:00
株式会社福岡中央銀行,ふくおかちゅうおうぎんこう,民間公益活動を促進するための休眠預金等に係る資金の活用に関する法律第3条第1項,https://www.fukuokachuo-bank.co.jp/invest/pdf/koukoku/k_yokin.pdf,2026-06-12,2026-08-11,福岡市中央区大名2-12-1,,2026-08-03T14:17:49+09:00,2026-08-11T06:56:35+09:00,2026-08-12T06:59:06+09:00
株式会社きらぼし銀行,きらぼしぎんこう,民間公益活動を促進するための休眠預金等に係る資金の活用に関する法律第3条第1項,https://www.kiraboshibank.co.jp/pdf/kyumin202606.pdf,2026-06-13,2026-08-12,東京都港区南青山3-10-43,,2026-08-03T14:17:49+09:00,2026-08-12T06:59:06+09:00,2026-08-13T06:58:28+09:00
株式会社西日本シティ銀行,にしにっぽんしてぃぎんこう,民間公益活動を促進するための休眠預金等に係る資金の活用に関する法律第3条第1項,https://www.ncbank.co.jp/kabunushi_toshika/kessan_kokoku/images/20260612_koukoku.pdf,2026-06-13,2026-08-12,福岡市博多区博多駅前3-1-1,,2026-08-03T14:17:49+09:00,2026-08-12T06:59:06+09:00,2026-08-13T06:58:28+09:00
株式会社仙台銀行,せんだいぎんこう,民間公益活動を促進するための休眠預金等に係る資金の活用に関する法律第3条第1項,https://www.sendaibank.co.jp/aboutus/ir/pdf/kyuumin.pdf,2026-06-15,2026-08-15,仙台市青葉区一番町2-1-1,,2026-08-03T14:17:49+09:00,2026-08-15T06:48:26+09:00,2026-08-16T06:47:10+09:00
株式会社但馬銀行,たじまぎんこう,民間公益活動を促進するための休眠預金等に係る資金の活用に関する法律第3条第1項,https://www.tajimabank.co.jp/news/important/kyumin_koukoku202606.pdf,2026-06-15,2026-08-14,兵庫県豊岡市千代田町1-5,,2026-08-03T14:17:49+09:00,2026-08-14T06:58:17+09:00,2026-08-15T06:48:26+09:00
株式会社北海道銀行,ほっかいどうぎんこう,民間公益活動を促進するための休眠預金等に係る資金の活用に関する法律第3条第1項,https://www.hokkaidobank.co.jp/documents/kyuumin.pdf,2026-06-15,2026-08-14,北海道札幌市中央区大通西4-1,,2026-08-03T14:17:49+09:00,2026-08-14T06:58:17+09:00,2026-08-15T06:48:26+09:00
株式会社北都銀行,ほくとぎんこう,民間公益活動を促進するための休眠預金等に係る資金の活用に関する法律第3条第1項,https://kmasterplus.pronexus.co.jp/release/26384199/1227907.pdf,2026-06-15,2026-08-15,秋田市中通3-1-41,,2026-08-03T14:17:49+09:00,2026-08-15T06:48:26+09:00,2026-08-16T06:47:10+09:00
株式会社北陸銀行,ほくりくぎんこう,民間公益活動を促進するための休眠預金等に係る資金の活用に関する法律第3条第1項,https://www.hokugin.co.jp/data/ir/kyuumin.pdf,2026-06-15,2026-08-14,富山市堤町通り1-2-26,,2026-08-03T14:17:49+09:00,2026-08-14T06:58:17+09:00,2026-08-15T06:48:26+09:00
株式会社大垣共立銀行,おおがききょうりつ,民間公益活動を促進するための休眠預金等に係る資金の活用に関する法律第3条第1項,https://www.okb.co.jp/assets/pdf/investor/kyuminyokin2026.pdf,2026-06-15,2026-08-17,岐阜県大垣市郭町3-98,,2026-08-03T14:17:49+09:00,2026-08-17T06:46:46+09:00,2026-08-18T06:48:51+09:00
株式会社富山銀行,とやまぎんこう,民間公益活動を促進するための休眠預金等に係る資金の活用に関する法律第3条第1項,https://contents.xj-storage.jp/xcontents/AS05356/2bba21a1/17b9/469a/bd63/5931919dc7f7/20260511105724077s.pdf,2026-06-15,2026-08-14,富山県高岡市下関町3-1,,2026-08-03T14:17:49+09:00,2026-08-14T06:58:17+09:00,2026-08-15T06:48:26+09:00
株式会社東北銀行,とうほくぎんこう,民間公益活動を促進するための休眠預金等に係る資金の活用に関する法律第3条第1項,https://kmasterplus.pronexus.co.jp/release/26377598/1227885.pdf,2026-06-15,2026-08-15,岩手県盛岡市内丸3-1,,2026-08-03T14:17:49+09:00,2026-08-15T06:48:26+09:00,2026-08-16T06:47:10+09:00
株式会社沖縄海邦銀行,おきなわかいほうぎんこう,民間公益活動を促進するための休眠預金等に係る資金の活用に関する法律第3条第1項,https://www.kaiho-bank.co.jp/assets/files/48dca2ee49944e42b93ae6e184ab9f5b/c30073ff57aa48418065a73452be1a13/2026.pdf,2026-06-15,2026-08-14,沖縄県那覇市久茂地2-9-12,,2026-08-03T14:17:49+09:00,2026-08-14T06:58:17+09:00,2026-08-15T06:48:26+09:00
株式会社神奈川銀行,かながわぎんこう,民間公益活動を促進するための休眠預金等に係る資金の活用に関する法律第3条第1項,https://www.kanagawabank.co.jp/assets/pdf/denshikoukoku202606.pdf,2026-06-15,2026-08-14,横浜市中区長者町9-166,,2026-08-03T14:17:49+09:00,2026-08-14T06:58:17+09:00,2026-08-15T06:48:26+09:00
株式会社福井銀行,ふくいぎんこう,民間公益活動を促進するための休眠預金等に係る資金の活用に関する法律第3条第1項,https://www.fukuibank.co.jp/ir/koukoku/pdf/20260615_kyuminyokin.pdf,2026-06-15,2026-08-14,福井市順化1-1-1,,2026-08-03T14:17:49+09:00,2026-08-14T06:58:17+09:00,2026-08-15T06:48:26+09:00
株式会社荘内銀行,しょうないぎんこう,民間公益活動を促進するための休眠預金等に係る資金の活用に関する法律第3条第1項,https://kmasterplus.pronexus.co.jp/release/26384198/1227908.pdf,2026-06-15,2026-08-15,山形市本町1-4-21,,2026-08-03T14:17:49+09:00,2026-08-15T06:48:26+09:00,2026-08-16T06:47:10+09:00
株式会社静岡中央銀行,しずおかちゅうおうぎんこう,民間公益活動を促進するための休眠預金等に係る資金の活用に関する法律第3条第1項,https://www.shizuokachuo-bank.co.jp/about/pdf/denshikoukoku260615.pdf,2026-06-15,2026-08-14,静岡県沼津市大手町4-76,,2026-08-03T14:17:49+09:00,2026-08-14T06:58:17+09:00,2026-08-15T06:48:26+09:00
高知信用金庫,こうち,民間公益活動を促進するための休眠預金等に係る資金の活用に関する法律第3条第1項,https://www.combank.co.jp/kitei/pdf/kyuminkoukoku2026.pdf,2026-06-15,2026-08-14,高知市はりまや町2-4-4,,2026-08-03T14:17:49+09:00,2026-08-14T06:58:17+09:00,2026-08-15T06:48:26+09:00
株式会社東日本銀行,ひがしにっぽんぎんこう,民間公益活動を促進するための休眠預金等に係る資金の活用に関する法律第3条第1項,https://www.higashi-nipponbank.co.jp/pdf/koukoku/koukoku_260615.pdf,2026-06-16,2026-08-16,東京都中央区日本橋3-11-2,,2026-08-03T14:17:49+09:00,2026-08-16T06:47:10+09:00,2026-08-17T06:46:46+09:00
株式会社横浜銀行,よこはまぎんこう,民間公益活動を促進するための休眠預金等に係る資金の活用に関する法律第3条第1項,https://www.boy.co.jp/shared/pdf/k_t/202606kyumin.pdf,2026-06-16,2026-08-16,横浜市西区みなとみらい3-1-1,,2026-08-03T14:17:49+09:00,2026-08-16T06:47:10+09:00,2026-08-17T06:46:46+09:00
株式会社池田泉州銀行,いけだせんしゅうぎんこう,民間公益活動を促進するための休眠預金等に係る資金の活用に関する法律第3条第1項,https://www.sihd-bk.jp/company/koukoku/pdf/dormantdeposits2026.pdf,2026-06-16,2026-08-17,大阪市北区茶屋町18-14,,2026-08-03T14:17:49+09:00,2026-08-17T06:46:46+09:00,2026-08-18T06:48:51+09:00
株式会社清水銀行,しみずぎんこう,民間公益活動を促進するための休眠預金等に係る資金の活用に関する法律第3条第1項,https://www.shimizubank.co.jp/aboutus/financial/pdf/pdf_koukoku/20260615_koukoku.pdf,2026-06-16,2026-08-16,静岡市清水区富士見町2-1,,2026-08-03T14:17:49+09:00,2026-08-16T06:47:10+09:00,2026-08-17T06:46:46+09:00
株式会社福島銀行,ふくしまぎんこう,民間公益活動を促進するための休眠預金等に係る資金の活用に関する法律第3条第1項,https://www.fukushimabank.co.jp/ir/denshi/denshihoutei/pdf/20260616.pdf,2026-06-16,2026-08-17,福島市万世町2-5,,2026-08-03T14:17:49+09:00,2026-08-17T06:46:46+09:00,2026-08-18T06:48:51+09:00
尾家産業株式会社,おいえさんぎょう,会社法第799条第3項,https://www.oie.co.jp/assets/editor/files/gappeikoukoku.pdf,2026-06-17,2026-08-30,大阪市北区豊崎6-11-27,,2026-08-03T14:17:49+09:00,2026-08-30T06:43:17+09:00,2026-08-31T06:43:15+09:00
尾家産業株式会社,おいえさんぎょう,会社法第797条第3項及び第4項,https://www.oie.co.jp/assets/editor/files/gappeikoukoku.pdf,2026-06-17,2026-08-30,大阪市北区豊崎6-11-27,,2026-08-03T14:17:49+09:00,2026-08-30T06:43:17+09:00,2026-08-31T06:43:15+09:00
株式会社トマト銀行,とまとぎんこう,民間公益活動を促進するための休眠預金等に係る資金の活用に関する法律第3条第1項,https://www.tomatobank.co.jp/investor/koukoku/pdf/20260618.pdf,2026-06-19,2026-08-31,岡山市北区番町2-3-4,,2026-08-03T14:17:49+09:00,2026-08-31T06:43:15+09:00,2026-09-01T06:43:15+09:00
株式会社富山第一銀行,とやまだいいちぎんこう,民間公益活動を促進するための休眠預金等に係る資金の活用に関する法律第3条第1項,https://www.first-bank.co.jp/ir/pdf/zaimu/20260619_kyuumin.pdf,2026-06-19,2026-08-31,富山市西町5-1,,2026-08-03T14:17:49+09:00,2026-08-31T06:43:15+09:00,2026-09-01T06:43:15+09:00
株式会社長崎銀行,ながさきぎんこう,民間公益活動を促進するための休眠預金等に係る資金の活用に関する法律第3条第1項,https://www.nagasakibank.co.jp/annai/keiei/pdf/koukoku260619.pdf,2026-06-19,2026-08-19,長崎市栄町3-14,,2026-08-03T14:17:49+09:00,2026-08-19T06:48:00+09:00,2026-08-20T06:49:02+09:00
株式会社鹿児島銀行,かごしまぎんこう,民間公益活動を促進するための休眠預金等に係る資金の活用に関する法律第3条第1項,https://www.kagin.co.jp/library/kyumin/20260618_120.pdf,2026-06-19,2026-08-18,鹿児島市金生町6-6,,2026-08-03T14:17:49+09:00,2026-08-18T06:48:51+09:00,2026-08-19T06:48:00+09:00
株式会社筑邦銀行,ちくほうぎんこう,民間公益活動を促進するための休眠預金等に係る資金の活用に関する法律第3条第1項,https://www.chikugin.co.jp/uploads/pdf/kyuminyokin_denshikoukoku_260619.pdf,2026-06-20,2026-08-19,福岡県久留米市諏訪野町2456-1,,2026-08-03T14:17:49+09:00,2026-08-19T06:48:00+09:00,2026-08-20T06:49:02+09:00
株式会社みなと銀行,みなとぎんこう,民間公益活動を促進するための休眠預金等に係る資金の活用に関する法律第3条第1項,https://www.resona-gr.co.jp/holdings/other/koukoku/mb/pdf/20260622.pdf,2026-06-22,2026-08-31,神戸市中央区三宮町2-1-1,,2026-08-03T14:17:49+09:00,2026-08-31T06:43:15+09:00,2026-09-01T06:43:15+09:00
株式会社りそな銀行,りそなぎんこう,民間公益活動を促進するための休眠預金等に係る資金の活用に関する法律第3条第1項,https://www.resona-gr.co.jp/holdings/other/koukoku/rb/pdf/20260622.pdf,2026-06-22,2026-08-31,大阪市中央区備後町2-2-1,,2026-08-03T14:17:49+09:00,2026-08-31T06:43:15+09:00,2026-09-01T06:43:15+09:00
株式会社三十三銀行,さんじゅうさんぎんこう,民間公益活動を促進するための休眠預金等に係る資金の活用に関する法律第3条第1項,https://www.33bank.co.jp/doc/koukoku/kyuumin26.pdf,2026-06-22,2026-08-21,三重県四日市市西新地7-8,,2026-08-03T14:17:49+09:00,2026-08-21T06:49:45+09:00,2026-08-22T06:48:10+09:00
株式会社佐賀銀行,さがぎんこう,民間公益活動を促進するための休眠預金等に係る資金の活用に関する法律第3条第1項,https://www.sagabank.co.jp/ir/files/koukoku/r80619_koukoku.pdf,2026-06-22,2026-08-24,佐賀市唐人2-7-20,,2026-08-03T14:17:49+09:00,2026-08-24T06:47:21+09:00,2026-08-25T06:49:51+09:00
株式会社埼玉りそな銀行,さいたまりそなぎんこう,民間公益活動を促進するための休眠預金等に係る資金の活用に関する法律第3条第1項,https://www.resona-gr.co.jp/holdings/other/koukoku/sr/pdf/20260622.pdf,2026-06-22,2026-08-31,埼玉県さいたま市浦和区常盤7-4-1,,2026-08-03T14:17:49+09:00,2026-08-31T06:43:15+09:00,2026-09-01T06:43:15+09:00
株式会社徳島大正銀行,とくしまたいしょうぎんこう,民間公益活動を促進するための休眠預金等に係る資金の活用に関する法律第3条第1項,https://www.tokugin.co.jp/about/data/densi/pdf/koukoku_kyumin_260622.pdf,2026-06-22,2026-08-21,徳島市富田浜1-41,,2026-08-03T14:17:49+09:00,2026-08-21T06:49:45+09:00,2026-08-22T06:48:10+09:00
株式会社栃木銀行,とちぎぎんこう,民間公益活動を促進するための休眠預金等に係る資金の活用に関する法律第三条第一項,https://kmasterplus.pronexus.co.jp/release/26385056/1227940.pdf,2026-06-22,2026-08-24,栃木県宇都宮市西2-1-18,,2026-08-03T14:17:49+09:00,2026-08-24T06:47:21+09:00,2026-08-25T06:49:51+09:00
株式会社秋田銀行,あきたぎんこう,民間公益活動を促進するための休眠預金等に係る資金の活用に関する法律第3条第1項,https://www.akita-bank.co.jp/aboutus/investor/ir/densi/pdf/20260619.pdf,2026-06-22,2026-08-28,秋田市山王3-2-1,,2026-08-03T14:17:49+09:00,2026-08-28T09:37:19+09:00,2026-08-29T07:14:31+09:00
株式会社関西みらい銀行,かんさいみらいぎんこう,民間公益活動を促進するための休眠預金等に係る資金の活用に関する法律第3条第1項,https://www.resona-gr.co.jp/holdings/other/koukoku/kmb/pdf/20260622.pdf,2026-06-22,2026-08-31,大阪市中央区備後町2-2-1,,2026-08-03T14:17:49+09:00,2026-08-31T06:43:15+09:00,2026-09-01T06:43:15+09:00
株式会社香川銀行,かがわぎんこう,民間公益活動を促進するための休眠預金等に係る資金の活用に関する法律第3条第1項,https://www.kagawabank.co.jp/about/public/other/kyuminyokin.pdf,2026-06-22,2026-08-22,香川県高松市亀井町6-1,,2026-08-03T14:17:49+09:00,2026-08-22T06:48:10+09:00,2026-08-23T06:47:33+09:00
Ｓｉｘ　Ｗａｖｅｓ　Ｐａｙｍｅｎｔ株式会社,しっくすうぇーぶすぺいめんと,資金決済に関する法律第20条第2項,https://paymentkk.6waves.com/pdf/wings+ms_6w.pdf,2026-06-22,2026-08-21,東京都千代田区霞が関3-2-6東京倶楽部ビルディング11階,,2026-08-03T14:17:49+09:00,2026-08-21T06:49:45+09:00,2026-08-22T06:48:10+09:00
株式会社山陰合同銀行,さんいんごうどうぎんこう,民間公益活動を促進するための休眠預金等に係る資金の活用に関する法律第3条第1項,https://www.gogin.co.jp/common/kyuuminyokin2026.pdf,2026-06-23,2026-08-24,島根県松江市魚町10,,2026-08-03T14:17:49+09:00,2026-08-24T06:47:21+09:00,2026-08-25T06:49:51+09:00
株式会社肥後銀行,ひごぎんこう,民間公益活動を促進するための休眠預金等に係る資金の活用に関する法律第3条第1項,https://www.higobank.co.jp/article/info/files/b832b27a71e9f38d6161290641f56c48c691f926.pdf,2026-06-23,2026-08-23,熊本市中央区練兵町1,,2026-08-03T14:17:49+09:00,2026-08-23T06:47:33+09:00,2026-08-24T06:47:21+09:00
株式会社青森みちのく銀行,あおもりみちのくぎんこう,民間公益活動を促進するための休眠預金等に係る資金の活用に関する法律第3条第1項,https://www.am-bk.co.jp/guide/koukoku/pdf/etc20260622.pdf,2026-06-23,2026-08-23,青森市橋本1-9-30,,2026-08-03T14:17:49+09:00,2026-08-23T06:47:33+09:00,2026-08-24T06:47:21+09:00
サノヤスホールディングス株式会社,さのやすほーるでぃんぐす,会社法第201条第3項及び第4項,https://www.sanoyas.co.jp/ir/publicnotice/20260625-2.pdf,2026-06-25,2026-08-31,大阪市北区中之島3-3-23,,2026-08-03T14:17:49+09:00,2026-08-31T06:43:15+09:00,2026-09-01T06:43:15+09:00
株式会社千葉興業銀行,ちばこうぎょうぎんこう,民間公益活動を促進するための休眠預金等に係る資金の活用に関する法律第3条第1項,https://www.chibakogyo-bank.co.jp/ir/pdf/k20260625.pdf,2026-06-25,2026-08-26,千葉市美浜区幸町2-1-2,,2026-08-03T14:17:49+09:00,2026-08-26T06:49:54+09:00,2026-08-27T07:34:03+09:00
株式会社千葉興業銀行,ちばこうぎょうぎんこう,会社法第158条第1項及び第2項,https://www.chibakogyo-bank.co.jp/ir/pdf/kb20260624.pdf,2026-06-25,2026-08-17,千葉市美浜区幸町2-1-2,,2026-08-03T14:17:49+09:00,2026-08-17T06:46:46+09:00,2026-08-18T06:48:51+09:00
株式会社南日本銀行,みなみにっぽんぎんこう,民間公益活動を促進するための休眠預金等に係る資金の活用に関する法律第3条第1項,https://nangin.jp/ir/HP-Announcement-DormantAccount_202606.pdf,2026-06-25,2026-08-25,鹿児島市山下町1-1,,2026-08-03T14:17:49+09:00,2026-08-25T06:49:51+09:00,2026-08-26T06:49:54+09:00
株式会社大分銀行,おおいたぎんこう,民間公益活動を促進するための休眠預金等に係る資金の活用に関する法律第3条第1項,https://www.oitabank.co.jp/kabunushi/koukoku/koukoku_d/pdf/2026kyumin.pdf,2026-06-25,2026-08-24,大分市府内町3-4-1,,2026-08-03T14:17:49+09:00,2026-08-24T06:47:21+09:00,2026-08-25T06:49:51+09:00
株式会社大東銀行,だいとうぎんこう,民間公益活動を促進するための休眠預金等に係る資金の活用に関する法律第3条第1項,https://www.daitobank.co.jp/information/files/kyumin20260625.pdf,2026-06-25,2026-08-25,福島県郡山市中町19-1,,2026-08-03T14:17:49+09:00,2026-08-25T06:49:51+09:00,2026-08-26T06:49:54+09:00
株式会社ＳＢＩ新生銀行,えすびーあいしんせいぎんこう,民間公益活動を促進するための休眠預金等に係る資金の活用に関する法律第3条第1項,https://corp.sbishinseibank.co.jp/ja/ir/announcement/main/0/teaserItems1/01/linkList/0/link/260624_kokoku.pdf,2026-06-25,2026-08-25,東京都中央区日本橋室町2-4-3,,2026-08-03T14:17:49+09:00,2026-08-25T06:49:51+09:00,2026-08-26T06:49:54+09:00
株式会社イオン銀行,いおんぎんこう,民間公益活動を促進するための休眠預金等に係る資金の活用に関する法律第3条第1項,https://kmasterplus.pronexus.co.jp/release/26376925/1227952.pdf,2026-06-26,2026-08-26,東京都千代田区神田錦町3-22,,2026-08-03T14:17:49+09:00,2026-08-26T06:49:54+09:00,2026-08-27T07:34:03+09:00
株式会社宮崎太陽銀行,みやざきたいようぎんこう,民間公益活動を促進するための休眠預金等に係る資金の活用に関する法律第3条第1項,https://www.taiyobank.co.jp/common/pdf/investors/notice/kyuuminyokin_2026.pdf,2026-06-26,2026-08-26,宮崎市広島2-1-31,,2026-08-03T14:17:49+09:00,2026-08-26T06:49:54+09:00,2026-08-27T07:34:03+09:00
楽天銀行株式会社,らくてんぎんこう,民間公益活動を促進するための休眠預金等に係る資金の活用に関する法律第3条第1項,https://www.rakuten-bank.co.jp/corp/pdf/announcement-260625.pdf,2026-06-26,2026-08-25,東京都港区港南2-16-5,,2026-08-03T14:17:49+09:00,2026-08-25T06:49:51+09:00,2026-08-26T06:49:54+09:00
株式会社ＳＭＢＣ信託銀行,えすえむびーしーしんたくぎんこう,民間公益活動を促進するための休眠預金等に係る資金の活用に関する法律第3条第1項,https://www.smbctb.co.jp/contents/aboutus/information/settlement/kyuminyokin_kokoku_2026.pdf,2026-06-27,2026-08-27,東京都千代田区丸の内1-3-2,,2026-08-03T14:17:49+09:00,2026-08-27T07:34:03+09:00,2026-08-28T09:37:19+09:00
カバー株式会社,かばー,資金決済に関する法律第20条第2項,https://contents.xj-storage.jp/xcontents/AS05169/b7945650/15db/4ab6/965c/5c2a124fff36/20260623105519494s.pdf,2026-06-29,2026-09-30,東京都港区三田3-5-19住友不動産東京三田ガーデンタワー,,2026-08-03T14:17:49+09:00,2026-09-05T06:43:22+09:00,
株式会社京都銀行,きょうとぎんこう,民間公益活動を促進するための休眠預金等に係る資金の活用に関する法律第3条第1項,https://www.kyotobank.co.jp/investor/denshi/pdf/20260629.pdf,2026-06-29,2026-08-29,京都市下京区烏丸通松原上る薬師前町700,,2026-08-03T14:17:49+09:00,2026-08-29T13:39:57+09:00,2026-08-30T06:43:17+09:00
株式会社滋賀銀行,しがぎんこう,民間公益活動を促進するための休眠預金等に係る資金の活用に関する法律第3条第1項,https://www.shigagin.com/pdf/investor_public_20260625_1.pdf,2026-06-29,2026-09-04,滋賀県大津市浜町1-38,,2026-08-03T14:17:49+09:00,2026-09-04T06:43:17+09:00,2026-09-05T06:43:22+09:00
株式会社高知銀行,こうちぎんこう,民間公益活動を促進するための休眠預金等に係る資金の活用に関する法律第3条第1項,https://kmasterplus.pronexus.co.jp/release/26387755/1227994.pdf,2026-06-29,2026-08-29,高知市堺町2-24,,2026-08-03T14:17:49+09:00,2026-08-29T13:39:57+09:00,2026-08-30T06:43:17+09:00
バナナジャパン株式会社,ばななじゃぱん,資金決済に関する法律第20条第2項,https://imgcs.37mobile.com/image/oversea/webSite/article/1782297345000/2.pdf,2026-06-30,2026-09-29,東京都中央区銀座1-22-11銀座大竹ビジデンス2階,,2026-08-03T14:17:49+09:00,2026-09-05T06:43:22+09:00,
株式会社ゆうちょ銀行,ゆうちょぎんこう,民間公益活動を促進するための休眠預金等に係る資金の活用に関する法律第3条第1項,https://www.jp-bank.japanpost.jp/ir/kokoku/pdf/kokoku_260630.pdf,2026-06-30,2026-08-31,東京都千代田区丸の内2-7-2,,2026-08-03T14:17:49+09:00,2026-08-31T06:43:15+09:00,2026-09-01T06:43:15+09:00
株式会社オッドナンバー,おっどなんばー,資金決済に関する法律第20条第1項及び第2項並びに前払式支払手段に関する内閣府令第41条第2項,https://odd-no.com/e-publicnotice/pdf/refund20260630.pdf,2026-06-30,2026-09-30,東京都渋谷区神宮前1-4-20パークコート神宮前716,,2026-08-03T14:17:49+09:00,2026-09-05T06:43:22+09:00,
水戸信用金庫,みとしんようきんこ,民間公益活動を促進するための休眠預金等に係る資金の活用に関する法律第3条第1項,https://www.mitoshin.co.jp/announcement/pdf/20260629.pdf,2026-06-30,2026-08-31,茨城県水戸市城南2-2-21,,2026-08-03T14:17:49+09:00,2026-08-31T06:43:15+09:00,2026-09-01T06:43:15+09:00
ａｕじぶん銀行株式会社,えーゆーじぶんぎんこう,民間公益活動を促進するための休眠預金等に係る資金の活用に関する法律第3条第1項,https://www.jibunbank.co.jp/corporate/financial_information/pdf/denshikoukoku_20260629.pdf,2026-06-30,2026-09-07,東京都中央区日本橋1-19-1,,2026-08-03T14:17:49+09:00,2026-09-05T06:43:22+09:00,
あぶくま信用金庫,あぶくま,民間公益活動を促進するための休眠預金等に係る資金の活用に関する法律第3条第1項,https://tss-shinkin.co.jp/denshikokoku/kyumin_2026.pdf,2026-07-01,2026-09-01,福島県南相馬市原町区栄町2-15,,2026-08-03T14:17:49+09:00,2026-09-01T06:43:15+09:00,2026-09-02T06:43:32+09:00
いちい信用金庫,いちい,民間公益活動を促進するための休眠預金等に係る資金の活用に関する法律第3条第1項,https://shinkin-tokai.co.jp/koukoku/2026.pdf,2026-07-01,2026-09-01,愛知県一宮市若竹3-2-2,,2026-08-03T14:17:49+09:00,2026-09-01T06:43:15+09:00,2026-09-02T06:43:32+09:00
おかやま信用金庫,おかやま,民間公益活動を促進するための休眠預金等に係る資金の活用に関する法律第3条第1項,https://e-css.net/info/download/51/2026kyuumin.pdf,2026-07-01,2026-08-31,岡山市北区柳町1-11-21,,2026-08-03T14:17:49+09:00,2026-08-31T06:43:15+09:00,2026-09-01T06:43:15+09:00
かながわ信用金庫,かながわ,民間公益活動を促進するための休眠預金等に係る資金の活用に関する法律第3条第1項,https://www.tasb.jp/information/koukoku/kyuminyokin.pdf,2026-07-01,2026-08-31,神奈川県横須賀市大滝町1-28,,2026-08-03T14:17:49+09:00,2026-08-31T06:43:15+09:00,2026-09-01T06:43:15+09:00
きのくに信用金庫,きのくにしんようきんこ,民間公益活動を促進するための休眠預金等に係る資金の活用に関する法律第3条第1項,https://www.kinokuni-shinkin.jp/denshikokoku202607.pdf,2026-07-01,2026-09-01,和歌山市本町2-38,,2026-08-03T14:17:49+09:00,2026-09-01T06:43:15+09:00,2026-09-02T06:43:32+09:00
さがみ信用金庫,さがみ,民間公益活動を促進するための休眠預金等に係る資金の活用に関する法律第3条第1項,https://www.tasb.jp/information/koukoku/kyuminyokin.pdf,2026-07-01,2026-08-31,神奈川県小田原市本町2-9-25,,2026-08-03T14:17:49+09:00,2026-08-31T06:43:15+09:00,2026-09-01T06:43:15+09:00
さわやか信用金庫,さわやか,民間公益活動を促進するための休眠預金等に係る資金の活用に関する法律第3条第1項,https://www.tasb.jp/information/koukoku/kyuminyokin.pdf,2026-07-01,2026-08-31,東京都港区三田5-21-5,,2026-08-03T14:17:49+09:00,2026-08-31T06:43:15+09:00,2026-09-01T06:43:15+09:00
しずおか焼津信用金庫,しずおかやいづ,民間公益活動を促進するための休眠預金等に係る資金の活用に関する法律第3条第1項,https://shinkin-tokai.co.jp/koukoku/2026.pdf,2026-07-01,2026-09-01,静岡市葵区相生町1-1,,2026-08-03T14:17:49+09:00,2026-09-01T06:43:15+09:00,2026-09-02T06:43:32+09:00
しののめ信用金庫,しののめ,民間公益活動を促進するための休眠預金等に係る資金の活用に関する法律第3条第1項,https://www.tasb.jp/information/koukoku/kyuminyokin.pdf,2026-07-01,2026-08-31,群馬県富岡市富岡1123,,2026-08-03T14:17:49+09:00,2026-08-31T06:43:15+09:00,2026-09-01T06:43:15+09:00
しまなみ信用金庫,しまなみ,民間公益活動を促進するための休眠預金等に係る資金の活用に関する法律第3条第1項,https://e-css.net/info/download/51/2026kyuumin.pdf,2026-07-01,2026-08-31,広島県三原市港町1-8-1,,2026-08-03T14:17:49+09:00,2026-08-31T06:43:15+09:00,2026-09-01T06:43:15+09:00
しまね信用金庫,しまね,民間公益活動を促進するための休眠預金等に係る資金の活用に関する法律第3条第1項,https://e-css.net/info/download/51/2026kyuumin.pdf,2026-07-01,2026-08-31,島根県松江市御手船場町557-4,,2026-08-03T14:17:49+09:00,2026-08-31T06:43:15+09:00,2026-09-01T06:43:15+09:00
たちばな信用金庫,たちばなしんようきんこ,民間公益活動を促進するための休眠預金等に係る資金の活用に関する法律第3条第1項,https://www.tachibana-shinkin.jp/files/uploads/koukoku.pdf,2026-07-01,2026-08-31,長崎県諫早市小川町52-1,,2026-08-03T14:17:49+09:00,2026-08-31T06:43:15+09:00,2026-09-01T06:43:15+09:00
にいかわ信用金庫,にいかわ,民間公益活動を促進するための休眠預金等に係る資金の活用に関する法律第3条第1項,https://www.shinkin.co.jp/niikawa/announcement/data/denshikoukoku202607.pdf,2026-07-01,2026-09-01,富山県魚津市双葉町6-5,,2026-08-03T14:17:49+09:00,2026-09-01T06:43:15+09:00,2026-09-02T06:43:32+09:00
のと共栄信用金庫,のときょうえいしんようきんこ,民間公益活動を促進するための休眠預金等に係る資金の活用に関する法律第3条第1項,https://www.shinkin.co.jp/notoshin/2026/06/30/kyuumin.koukoku.20260701.pdf,2026-07-01,2026-09-01,石川県七尾市桧物町35,,2026-08-03T14:17:49+09:00,2026-09-01T06:43:15+09:00,2026-09-02T06:43:32+09:00
はくさん信用金庫,はくさんしんようきんこ,民間公益活動を促進するための休眠預金等に係る資金の活用に関する法律第3条第1項,https://www.hakusanshinkin.co.jp/about/koukoku/upload/kyuuminyokin080701.pdf,2026-07-01,2026-09-01,石川県金沢市玉川町11-18,,2026-08-03T14:17:49+09:00,2026-09-01T06:43:15+09:00,2026-09-02T06:43:32+09:00
ひまわり信用金庫,ひまわり,民間公益活動を促進するための休眠預金等に係る資金の活用に関する法律第3条第1項,https://tss-shinkin.co.jp/denshikokoku/kyumin_2026.pdf,2026-07-01,2026-09-01,福島県いわき市平祢宜町3-1,,2026-08-03T14:17:49+09:00,2026-09-01T06:43:15+09:00,2026-09-02T06:43:32+09:00
アイオー信用金庫,あいおー,民間公益活動を促進するための休眠預金等に係る資金の活用に関する法律第3条第1項,https://www.tasb.jp/information/koukoku/kyuminyokin.pdf,2026-07-01,2026-08-31,群馬県伊勢崎市中央町20-17,,2026-08-03T14:17:49+09:00,2026-08-31T06:43:15+09:00,2026-09-01T06:43:15+09:00
アルプス中央信用金庫,あるぷすちゅうおう,民間公益活動を促進するための休眠預金等に係る資金の活用に関する法律第3条第1項,https://www.tasb.jp/information/koukoku/kyuminyokin.pdf,2026-07-01,2026-08-31,長野県伊那市荒井3438-1,,2026-08-03T14:17:49+09:00,2026-08-31T06:43:15+09:00,2026-09-01T06:43:15+09:00
コザ信用金庫,こざ,民間公益活動を促進するための休眠預金等に係る資金の活用に関する法律第3条第1項,https://www.tasb.jp/information/koukoku/kyuminyokin.pdf,2026-07-01,2026-08-31,沖縄県沖縄市上地2-10-1,,2026-08-03T14:17:49+09:00,2026-08-31T06:43:15+09:00,2026-09-01T06:43:15+09:00
スルガ銀行株式会社,するがぎんこう,民間公益活動を促進するための休眠預金等に係る資金の活用に関する法律第3条第1項,https://www.surugabank.co.jp/surugabank/investors/denshikoukoku/pdf/202607_kyumin.pdf,2026-07-01,2026-08-31,静岡県沼津市通横町23,,2026-08-03T14:17:49+09:00,2026-08-31T06:43:15+09:00,2026-09-01T06:43:15+09:00
一関信用金庫,いちのせき,民間公益活動を促進するための休眠預金等に係る資金の活用に関する法律第3条第1項,https://tss-shinkin.co.jp/denshikokoku/kyumin_2026.pdf,2026-07-01,2026-09-01,岩手県一関市幸町5-5,,2026-08-03T14:17:49+09:00,2026-09-01T06:43:15+09:00,2026-09-02T06:43:32+09:00
三島信用金庫,みしま,民間公益活動を促進するための休眠預金等に係る資金の活用に関する法律第3条第1項,https://shinkin-tokai.co.jp/koukoku/2026.pdf,2026-07-01,2026-09-01,静岡県三島市芝本町12-3,,2026-08-03T14:17:49+09:00,2026-09-01T06:43:15+09:00,2026-09-02T06:43:32+09:00
三条信用金庫,さんじょう,民間公益活動を促進するための休眠預金等に係る資金の活用に関する法律第3条第1項,https://www.tasb.jp/information/koukoku/kyuminyokin.pdf,2026-07-01,2026-08-31,新潟県三条市旭町2-5-10,,2026-08-03T14:17:49+09:00,2026-08-31T06:43:15+09:00,2026-09-01T06:43:15+09:00
上田信用金庫,うえだ,民間公益活動を促進するための休眠預金等に係る資金の活用に関する法律第3条第1項,https://www.tasb.jp/information/koukoku/kyuminyokin.pdf,2026-07-01,2026-08-31,長野県上田市材木町1-17-12,,2026-08-03T14:17:49+09:00,2026-08-31T06:43:15+09:00,2026-09-01T06:43:15+09:00
上越信用金庫,じょうえつ,民間公益活動を促進するための休眠預金等に係る資金の活用に関する法律第3条第1項,https://www.tasb.jp/information/koukoku/kyuminyokin.pdf,2026-07-01,2026-08-31,新潟県上越市中央1-11-1,,2026-08-03T14:17:49+09:00,2026-08-31T06:43:15+09:00,2026-09-01T06:43:15+09:00
世田谷信用金庫,せたがや,民間公益活動を促進するための休眠預金等に係る資金の活用に関する法律第3条第1項,https://www.tasb.jp/information/koukoku/kyuminyokin.pdf,2026-07-01,2026-08-31,東京都世田谷区世田谷1-23-3,,2026-08-03T14:17:49+09:00,2026-08-31T06:43:15+09:00,2026-09-01T06:43:15+09:00
中兵庫信用金庫,なかひょうごしんようきんこ,民間公益活動を促進するための休眠預金等に係る資金の活用に関する法律第3条第1項,https://www.nakashin.co.jp/attention/koukoku_2026_07_01.pdf,2026-07-01,2026-08-31,兵庫県丹波市氷上町成松226-1,,2026-08-03T14:17:49+09:00,2026-08-31T06:43:15+09:00,2026-09-01T06:43:15+09:00
中南信用金庫,ちゅうなん,民間公益活動を促進するための休眠預金等に係る資金の活用に関する法律第3条第1項,https://www.tasb.jp/information/koukoku/kyuminyokin.pdf,2026-07-01,2026-08-31,神奈川県中郡大磯町大磯1133-1,,2026-08-03T14:17:49+09:00,2026-08-31T06:43:15+09:00,2026-09-01T06:43:15+09:00
中日信用金庫,ちゅうにち,民間公益活動を促進するための休眠預金等に係る資金の活用に関する法律第3条第1項,https://shinkin-tokai.co.jp/koukoku/2026.pdf,2026-07-01,2026-09-01,名古屋市北区清水2-9-5,,2026-08-03T14:17:49+09:00,2026-09-01T06:43:15+09:00,2026-09-02T06:43:32+09:00
中栄信用金庫,ちゅうえい,民間公益活動を促進するための休眠預金等に係る資金の活用に関する法律第3条第1項,https://www.tasb.jp/information/koukoku/kyuminyokin.pdf,2026-07-01,2026-08-31,神奈川県秦野市元町1-7,,2026-08-03T14:17:49+09:00,2026-08-31T06:43:15+09:00,2026-09-01T06:43:15+09:00
九州ひぜん信用金庫,きゅうしゅうひぜんしんようきんこ,民間公益活動を促進するための休眠預金等に係る資金の活用に関する法律第3条第1項,https://www.qhize.com/pdf/koukoku.pdf,2026-07-01,2026-08-31,佐賀県武雄市武雄町大字富岡8894,,2026-08-03T14:17:49+09:00,2026-08-31T06:43:15+09:00,2026-09-01T06:43:15+09:00
亀有信用金庫,かめあり,民間公益活動を促進するための休眠預金等に係る資金の活用に関する法律第3条第1項,https://www.tasb.jp/information/koukoku/kyuminyokin.pdf,2026-07-01,2026-08-31,東京都葛飾区亀有3-13-1,,2026-08-03T14:17:49+09:00,2026-08-31T06:43:15+09:00,2026-09-01T06:43:15+09:00
二本松信用金庫,にほんまつ,民間公益活動を促進するための休眠預金等に係る資金の活用に関する法律第3条第1項,https://tss-shinkin.co.jp/denshikokoku/kyumin_2026.pdf,2026-07-01,2026-09-01,福島県二本松市本町2-64,,2026-08-03T14:17:49+09:00,2026-09-01T06:43:15+09:00,2026-09-02T06:43:32+09:00
京都北都信用金庫,きょうとほくとしんようきんこ,民間公益活動を促進するための休眠預金等に係る資金の活用に関する法律第3条第1項,https://www.hokuto-shinkin.co.jp/etc/pdf/koukoku080701.pdf,2026-07-01,2026-09-01,京都府宮津市字鶴賀2054-1,,2026-08-03T14:17:49+09:00,2026-09-01T06:43:15+09:00,2026-09-02T06:43:32+09:00
仙南信用金庫,せんなん,民間公益活動を促進するための休眠預金等に係る資金の活用に関する法律第3条第1項,https://tss-shinkin.co.jp/denshikokoku/kyumin_2026.pdf,2026-07-01,2026-09-01,宮城県白石市沢端町1-45,,2026-08-03T14:17:49+09:00,2026-09-01T06:43:15+09:00,2026-09-02T06:43:32+09:00
伊万里信用金庫,いまりしんようきんこ,民間公益活動を促進するための休眠預金等に係る資金の活用に関する法律第3条第1項,https://www.shinkin.co.jp/imari/policy/koukoku/kyuumin2026.pdf,2026-07-01,2026-08-31,佐賀県伊万里市伊万里町甲375-3,,2026-08-03T14:17:49+09:00,2026-08-31T06:43:15+09:00,2026-09-01T06:43:15+09:00
伊達信用金庫,だて,民間公益活動を促進するための休眠預金等に係る資金の活用に関する法律第3条第1項,https://www.shinkin-hsis.com/denshikoukoku/kyuumin2026.pdf,2026-07-01,2026-09-01,北海道伊達市梅本町39-30,,2026-08-03T14:17:49+09:00,2026-09-01T06:43:15+09:00,2026-09-02T06:43:32+09:00
会津信用金庫,あいづ,民間公益活動を促進するための休眠預金等に係る資金の活用に関する法律第3条第1項,https://tss-shinkin.co.jp/denshikokoku/kyumin_2026.pdf,2026-07-01,2026-09-01,福島県会津若松市馬場町2-16,,2026-08-03T14:17:49+09:00,2026-09-01T06:43:15+09:00,2026-09-02T06:43:32+09:00
但陽信用金庫,たんよう,民間公益活動を促進するための休眠預金等に係る資金の活用に関する法律第3条第1項,https://www.tanyo-shinkin.co.jp/_pdf/about/guideline/kyuuminyokin/densikoukoku.pdf,2026-07-01,2026-08-31,兵庫県加古川市加古川町溝之口772,,2026-08-03T14:17:49+09:00,2026-08-31T06:43:15+09:00,2026-09-01T06:43:15+09:00
但馬信用金庫,たじましんようきんこ,民間公益活動を促進するための休眠預金等に係る資金の活用に関する法律第3条第1項,https://www.tanshin.co.jp/info/wp-content/uploads/2026/06/kyuminyokin20260701.pdf,2026-07-01,2026-09-01,兵庫県豊岡市中央町17-8,,2026-08-03T14:17:49+09:00,2026-09-01T06:43:15+09:00,2026-09-02T06:43:32+09:00
佐原信用金庫,さわら,民間公益活動を促進するための休眠預金等に係る資金の活用に関する法律第3条第1項,https://www.tasb.jp/information/koukoku/kyuminyokin.pdf,2026-07-01,2026-08-31,千葉県香取市佐原イ525,,2026-08-03T14:17:49+09:00,2026-08-31T06:43:15+09:00,2026-09-01T06:43:15+09:00
佐賀信用金庫,さがしんようきんこ,民間公益活動を促進するための休眠預金等に係る資金の活用に関する法律第3条第1項,https://www.shinkin.co.jp/saga/about/epublic/pdf/1931epn202607.pdf,2026-07-01,2026-08-31,佐賀市中央本町8-10,,2026-08-03T14:17:49+09:00,2026-08-31T06:43:15+09:00,2026-09-01T06:43:15+09:00
佐野信用金庫,さの,民間公益活動を促進するための休眠預金等に係る資金の活用に関する法律第3条第1項,https://www.tasb.jp/information/koukoku/kyuminyokin.pdf,2026-07-01,2026-08-31,栃木県佐野市本町2910,,2026-08-03T14:17:49+09:00,2026-08-31T06:43:15+09:00,2026-09-01T06:43:15+09:00
倉吉信用金庫,くらよし,民間公益活動を促進するための休眠預金等に係る資金の活用に関する法律第3条第1項,https://e-css.net/info/download/51/2026kyuumin.pdf,2026-07-01,2026-08-31,鳥取県倉吉市昭和町1-60,,2026-08-03T14:17:49+09:00,2026-08-31T06:43:15+09:00,2026-09-01T06:43:15+09:00
備前日生信用金庫,びぜんひなせ,民間公益活動を促進するための休眠預金等に係る資金の活用に関する法律第3条第1項,https://e-css.net/info/download/51/2026kyuumin.pdf,2026-07-01,2026-08-31,岡山県備前市伊部1660-7,,2026-08-03T14:17:49+09:00,2026-08-31T06:43:15+09:00,2026-09-01T06:43:15+09:00
備北信用金庫,びほく,民間公益活動を促進するための休眠預金等に係る資金の活用に関する法律第3条第1項,https://e-css.net/info/download/51/2026kyuumin.pdf,2026-07-01,2026-08-31,岡山県高梁市正宗町1964-1,,2026-08-03T14:17:49+09:00,2026-08-31T06:43:15+09:00,2026-09-01T06:43:15+09:00
八幡信用金庫,はちまん,民間公益活動を促進するための休眠預金等に係る資金の活用に関する法律第3条第1項,https://shinkin-tokai.co.jp/koukoku/2026.pdf,2026-07-01,2026-09-01,岐阜県郡上市八幡町新町968-1,,2026-08-03T14:17:49+09:00,2026-09-01T06:43:15+09:00,2026-09-02T06:43:32+09:00
兵庫信用金庫,ひょうごしんようきんこ,民間公益活動を促進するための休眠預金等に係る資金の活用に関する法律第3条第1項,https://www.shinkin.co.jp/hyoshin/news/pdf/2026_koukoku.pdf,2026-07-01,2026-09-02,兵庫県姫路市北条口3-27,,2026-08-03T14:17:49+09:00,2026-09-02T06:43:32+09:00,2026-09-03T06:43:38+09:00
利根郡信用金庫,とねぐん,民間公益活動を促進するための休眠預金等に係る資金の活用に関する法律第3条第1項,https://www.tasb.jp/information/koukoku/kyuminyokin.pdf,2026-07-01,2026-08-31,群馬県沼田市東原新町1540,,2026-08-03T14:17:49+09:00,2026-08-31T06:43:15+09:00,2026-09-01T06:43:15+09:00
加茂信用金庫,かも,民間公益活動を促進するための休眠預金等に係る資金の活用に関する法律第3条第1項,https://www.tasb.jp/information/koukoku/kyuminyokin.pdf,2026-07-01,2026-08-31,新潟県加茂市本町1-29,,2026-08-03T14:17:49+09:00,2026-08-31T06:43:15+09:00,2026-09-01T06:43:15+09:00
北おおさか信用金庫,きたおおさかしんようきんこ,民間公益活動を促進するための休眠預金等に係る資金の活用に関する法律第3条第1項,https://www.kitaosaka-shinkin.co.jp/data/kyumin.pdf,2026-07-01,2026-08-31,大阪府茨木市西駅前町9-32,,2026-08-03T14:17:49+09:00,2026-08-31T06:43:15+09:00,2026-09-01T06:43:15+09:00
北上信用金庫,きたかみ,民間公益活動を促進するための休眠預金等に係る資金の活用に関する法律第3条第1項,https://tss-shinkin.co.jp/denshikokoku/kyumin_2026.pdf,2026-07-01,2026-09-01,岩手県北上市本通り1-5-30,,2026-08-03T14:17:49+09:00,2026-09-01T06:43:15+09:00,2026-09-02T06:43:32+09:00
北伊勢上野信用金庫,きたいせうえの,民間公益活動を促進するための休眠預金等に係る資金の活用に関する法律第3条第1項,https://shinkin-tokai.co.jp/koukoku/2026.pdf,2026-07-01,2026-09-01,三重県四日市市安島2-2-3,,2026-08-03T14:17:49+09:00,2026-09-01T06:43:15+09:00,2026-09-02T06:43:32+09:00
北星信用金庫,ほくせい,民間公益活動を促進するための休眠預金等に係る資金の活用に関する法律第3条第1項,https://www.shinkin-hsis.com/denshikoukoku/kyuumin2026.pdf,2026-07-01,2026-09-01,北海道名寄市西二条南5-5,,2026-08-03T14:17:49+09:00,2026-09-01T06:43:15+09:00,2026-09-02T06:43:32+09:00
北空知信用金庫,きたそらち,民間公益活動を促進するための休眠預金等に係る資金の活用に関する法律第3条第1項,https://www.shinkin-hsis.com/denshikoukoku/kyuumin2026.pdf,2026-07-01,2026-09-01,北海道深川市四条8-16,,2026-08-03T14:17:49+09:00,2026-09-01T06:43:15+09:00,2026-09-02T06:43:32+09:00
北群馬信用金庫,きたぐんま,民間公益活動を促進するための休眠預金等に係る資金の活用に関する法律第3条第1項,https://www.tasb.jp/information/koukoku/kyuminyokin.pdf,2026-07-01,2026-08-31,群馬県渋川市石原203-3,,2026-08-03T14:17:49+09:00,2026-08-31T06:43:15+09:00,2026-09-01T06:43:15+09:00
北見信用金庫,きたみ,民間公益活動を促進するための休眠預金等に係る資金の活用に関する法律第3条第1項,https://www.shinkin-hsis.com/denshikoukoku/kyuumin2026.pdf,2026-07-01,2026-09-01,北海道北見市大通東1-2-1,,2026-08-03T14:17:49+09:00,2026-09-01T06:43:15+09:00,2026-09-02T06:43:32+09:00
北門信用金庫,ほくもん,民間公益活動を促進するための休眠預金等に係る資金の活用に関する法律第3条第1項,https://www.shinkin-hsis.com/denshikoukoku/kyuumin2026.pdf,2026-07-01,2026-09-01,北海道滝川市栄町3-3-4,,2026-08-03T14:17:49+09:00,2026-09-01T06:43:15+09:00,2026-09-02T06:43:32+09:00
千葉信用金庫,ちば,民間公益活動を促進するための休眠預金等に係る資金の活用に関する法律第3条第1項,https://www.tasb.jp/information/koukoku/kyuminyokin.pdf,2026-07-01,2026-08-31,千葉市中央区中央2-4-1,,2026-08-03T14:17:49+09:00,2026-08-31T06:43:15+09:00,2026-09-01T06:43:15+09:00
半田信用金庫,はんだ,民間公益活動を促進するための休眠預金等に係る資金の活用に関する法律第3条第1項,https://shinkin-tokai.co.jp/koukoku/2026.pdf,2026-07-01,2026-09-01,愛知県半田市御幸町8,,2026-08-03T14:17:49+09:00,2026-09-01T06:43:15+09:00,2026-09-02T06:43:32+09:00
吉備信用金庫,きび,民間公益活動を促進するための休眠預金等に係る資金の活用に関する法律第3条第1項,https://e-css.net/info/download/51/2026kyuumin.pdf,2026-07-01,2026-08-31,岡山県総社市中央2-1-1,,2026-08-03T14:17:49+09:00,2026-08-31T06:43:15+09:00,2026-09-01T06:43:15+09:00
呉信用金庫,くれ,民間公益活動を促進するための休眠預金等に係る資金の活用に関する法律第3条第1項,https://e-css.net/info/download/51/2026kyuumin.pdf,2026-07-01,2026-08-31,広島県呉市本通2-2-15,,2026-08-03T14:17:49+09:00,2026-08-31T06:43:15+09:00,2026-09-01T06:43:15+09:00
唐津信用金庫,からつしんようきんこ,民間公益活動を促進するための休眠預金等に係る資金の活用に関する法律第3条第1項,https://www.karashin.co.jp/files/libs/236/20190326113912649.pdf,2026-07-01,2026-08-31,佐賀県唐津市大名小路310-35,,2026-08-03T14:17:49+09:00,2026-08-31T06:43:15+09:00,2026-09-01T06:43:15+09:00
城北信用金庫,じょうほく,民間公益活動を促進するための休眠預金等に係る資金の活用に関する法律第3条第1項,https://www.tasb.jp/information/koukoku/kyuminyokin.pdf,2026-07-01,2026-08-31,東京都荒川区荒川3-79-7,,2026-08-03T14:17:49+09:00,2026-08-31T06:43:15+09:00,2026-09-01T06:43:15+09:00
城南信用金庫,じょうなん,民間公益活動を促進するための休眠預金等に係る資金の活用に関する法律第3条第1項,https://www.tasb.jp/information/koukoku/kyuminyokin.pdf,2026-07-01,2026-08-31,東京都品川区西五反田7-2-3,,2026-08-03T14:17:49+09:00,2026-08-31T06:43:15+09:00,2026-09-01T06:43:15+09:00
埼玉縣信用金庫,さいたまけんしんようきんこ,民間公益活動を促進するための休眠預金等に係る資金の活用に関する法律第3条第1項,https://www.saishin.co.jp/2026_topics/kyumin20260701.pdf,2026-07-01,2026-09-01,埼玉県熊谷市本町1-130-1,,2026-08-03T14:17:49+09:00,2026-09-01T06:43:15+09:00,2026-09-02T06:43:32+09:00
多摩信用金庫,たま,民間公益活動を促進するための休眠預金等に係る資金の活用に関する法律第3条第1項,https://www.tasb.jp/information/koukoku/kyuminyokin.pdf,2026-07-01,2026-08-31,東京都立川市緑町3-4,,2026-08-03T14:17:49+09:00,2026-08-31T06:43:15+09:00,2026-09-01T06:43:15+09:00
大分みらい信用金庫,おおいたみらいしんようきんこ,民間公益活動を促進するための休眠預金等に係る資金の活用に関する法律第3条第1項,https://www.oitamirai.co.jp/koukoku/pdf/kyumin20260701.pdf,2026-07-01,2026-08-31,大分県別府市駅前本町1-31,,2026-08-03T14:17:49+09:00,2026-08-31T06:43:15+09:00,2026-09-01T06:43:15+09:00
大分信用金庫,おおいたしんようきんこ,民間公益活動を促進するための休眠預金等に係る資金の活用に関する法律第3条第1項,https://www.shinkin.co.jp/oitashinkin/common/img/1960koukoku2.pdf,2026-07-01,2026-08-31,大分市大道町3-4-42,,2026-08-03T14:17:49+09:00,2026-08-31T06:43:15+09:00,2026-09-01T06:43:15+09:00
大和信用金庫,やまとしんようきんこ,民間公益活動を促進するための休眠預金等に係る資金の活用に関する法律第3条第1項,https://www.yamato-shinkin.co.jp/_news/contents/21216/kyuumin2026.pdf,2026-07-01,2026-09-01,奈良県桜井市大字桜井281-11,,2026-08-03T14:17:49+09:00,2026-09-01T06:43:15+09:00,2026-09-02T06:43:32+09:00
大地みらい信用金庫,だいちみらい,民間公益活動を促進するための休眠預金等に係る資金の活用に関する法律第3条第1項,https://www.shinkin-hsis.com/denshikoukoku/kyuumin2026.pdf,2026-07-01,2026-09-01,北海道根室市梅ヶ枝町3-15,,2026-08-03T14:17:49+09:00,2026-09-01T06:43:15+09:00,2026-09-02T06:43:32+09:00
大垣西濃信用金庫,おおがきせいのう,民間公益活動を促進するための休眠預金等に係る資金の活用に関する法律第3条第1項,https://shinkin-tokai.co.jp/koukoku/2026.pdf,2026-07-01,2026-09-01,岐阜県大垣市恵比寿町1-1,,2026-08-03T14:17:49+09:00,2026-09-01T06:43:15+09:00,2026-09-02T06:43:32+09:00
大川信用金庫,おおかわしんようきんこ,民間公益活動を促進するための休眠預金等に係る資金の活用に関する法律第3条第1項,https://www.shinkin.co.jp/ookawa/pdf/kyuminyokin_katsuyo_2026.pdf,2026-07-01,2026-08-31,福岡県大川市大字榎津305-1,,2026-08-03T14:17:49+09:00,2026-08-31T06:43:15+09:00,2026-09-01T06:43:15+09:00
大牟田柳川信用金庫,おおむたやながわしんようきんこ,民間公益活動を促進するための休眠預金等に係る資金の活用に関する法律第3条第1項,https://www.shinkin.co.jp/omuta/koukoku/2026.07.01_kyumin.pdf,2026-07-01,2026-08-31,福岡県大牟田市有明町2-2-17,,2026-08-03T14:17:49+09:00,2026-08-31T06:43:15+09:00,2026-09-01T06:43:15+09:00
大田原信用金庫,おおたわら,民間公益活動を促進するための休眠預金等に係る資金の活用に関する法律第3条第1項,https://www.tasb.jp/information/koukoku/kyuminyokin.pdf,2026-07-01,2026-08-31,栃木県大田原市中央1-10-5,,2026-08-03T14:17:49+09:00,2026-08-31T06:43:15+09:00,2026-09-01T06:43:15+09:00
大阪シティ信用金庫,おおさかしてぃしんようきんこ,民間公益活動を促進するための休眠預金等に係る資金の活用に関する法律第3条第1項,https://www.osaka-city-shinkin.co.jp/announcement/20260701.pdf,2026-07-01,2026-09-01,大阪市中央区北浜2-5-4,,2026-08-03T14:17:49+09:00,2026-09-01T06:43:15+09:00,2026-09-02T06:43:32+09:00
大阪信用金庫,おおさかしんようきんこ,民間公益活動を促進するための休眠預金等に係る資金の活用に関する法律第3条第1項,https://www.osaka-shinkin.co.jp/pdf/imp_news/2026/20260701_koukoku.pdf,2026-07-01,2026-08-31,大阪市天王寺区上本町8-9-14,,2026-08-03T14:17:49+09:00,2026-08-31T06:43:15+09:00,2026-09-01T06:43:15+09:00
大阪厚生信用金庫,おおさかこうせいしんようきんこ,民間公益活動を促進するための休眠預金等に係る資金の活用に関する法律第3条第1項,https://www.co-sei.co.jp/footer/pdf/kyumin2026_01.pdf,2026-07-01,2026-09-02,大阪市中央区島之内1-20-19,,2026-08-03T14:17:49+09:00,2026-09-02T06:43:32+09:00,2026-09-03T06:43:38+09:00
大阪商工信用金庫,おおさかしょうこう,民間公益活動を促進するための休眠預金等に係る資金の活用に関する法律第3条第1項,https://www.osaka-shoko.co.jp/densi_koukoku/pdf/d_koukoku_r080701.pdf,2026-07-01,2026-08-31,大阪市中央区本町2-2-8,,2026-08-03T14:17:49+09:00,2026-08-31T06:43:15+09:00,2026-09-01T06:43:15+09:00
天草信用金庫,あまくさしんようきんこ,民間公益活動を促進するための休眠預金等に係る資金の活用に関する法律第3条第1項,https://www.shinkin.co.jp/amakusa/1955koukoku2026.pdf,2026-07-01,2026-08-31,熊本県天草市太田町9-3,,2026-08-03T14:17:49+09:00,2026-08-31T06:43:15+09:00,2026-09-01T06:43:15+09:00
奄美大島信用金庫,あまみおおしましんようきんこ,民間公益活動を促進するための休眠預金等に係る資金の活用に関する法律第3条第1項,https://www.amamishinkin.co.jp/img/0801koukoku.pdf,2026-07-01,2026-08-31,鹿児島県奄美市名瀬幸町4-18,,2026-08-03T14:17:49+09:00,2026-08-31T06:43:15+09:00,2026-09-01T06:43:15+09:00
奈良中央信用金庫,ならちゅうおうしんようきんこ,民間公益活動を促進するための休眠預金等に係る資金の活用に関する法律第3条第1項,https://www.narachuo-shinkinbank.co.jp/about/files/pdf/denshikoukoku/20260701.pdf,2026-07-01,2026-09-01,奈良県磯城郡田原本町132-10,,2026-08-03T14:17:49+09:00,2026-09-01T06:43:15+09:00,2026-09-02T06:43:32+09:00
奈良信用金庫,ならしんようきんこ,民間公益活動を促進するための休眠預金等に係る資金の活用に関する法律第3条第1項,https://www.narashin.co.jp/topic/pdf/kyuminyokin_20260701.pdf,2026-07-01,2026-09-01,奈良県大和郡山市南郡山町529-6,,2026-08-03T14:17:49+09:00,2026-09-01T06:43:15+09:00,2026-09-02T06:43:32+09:00
姫路信用金庫,ひめじしんようきんこ,民間公益活動を促進するための休眠預金等に係る資金の活用に関する法律第3条第1項,https://www.shinkin.co.jp/himeshin/news_juyo/images/506_pdf.pdf,2026-07-01,2026-08-31,兵庫県姫路市十二所前町105,,2026-08-03T14:17:49+09:00,2026-08-31T06:43:15+09:00,2026-09-01T06:43:15+09:00
宇和島信用金庫,うわじま,民間公益活動を促進するための休眠預金等に係る資金の活用に関する法律第3条第1項,https://www.shinkin.co.jp/uwajima/assets/pdf/about/announcement/dormant-deposits_r8.pdf,2026-07-01,2026-09-01,愛媛県宇和島市本町追手2-8-21,,2026-08-03T14:17:49+09:00,2026-09-01T06:43:15+09:00,2026-09-02T06:43:32+09:00
宮古信用金庫,みやこ,民間公益活動を促進するための休眠預金等に係る資金の活用に関する法律第3条第1項,https://tss-shinkin.co.jp/denshikokoku/kyumin_2026.pdf,2026-07-01,2026-09-01,岩手県宮古市向町2-46,,2026-08-03T14:17:49+09:00,2026-09-01T06:43:15+09:00,2026-09-02T06:43:32+09:00
宮城第一信用金庫,みやぎだいいち,民間公益活動を促進するための休眠預金等に係る資金の活用に関する法律第3条第1項,https://tss-shinkin.co.jp/denshikokoku/kyumin_2026.pdf,2026-07-01,2026-09-01,仙台市青葉区中央3-5-17,,2026-08-03T14:17:49+09:00,2026-09-01T06:43:15+09:00,2026-09-02T06:43:32+09:00
宮崎第一信用金庫,みやざきだいいちしんようきんこ,民間公益活動を促進するための休眠預金等に係る資金の活用に関する法律第3条第1項,https://www.miyasin.co.jp/_news-1/contents/354/koukoku2026.pdf,2026-07-01,2026-08-31,宮崎市橘通東2-4-1,,2026-08-03T14:17:49+09:00,2026-08-31T06:43:15+09:00,2026-09-01T06:43:15+09:00
富士信用金庫,ふじ,民間公益活動を促進するための休眠預金等に係る資金の活用に関する法律第3条第1項,https://shinkin-tokai.co.jp/koukoku/2026.pdf,2026-07-01,2026-09-01,静岡県富士市青島町212,,2026-08-03T14:17:49+09:00,2026-09-01T06:43:15+09:00,2026-09-02T06:43:32+09:00
富士宮信用金庫,ふじのみや,民間公益活動を促進するための休眠預金等に係る資金の活用に関する法律第3条第1項,https://shinkin-tokai.co.jp/koukoku/2026.pdf,2026-07-01,2026-09-01,静岡県富士宮市元城町31-15,,2026-08-03T14:17:49+09:00,2026-09-01T06:43:15+09:00,2026-09-02T06:43:32+09:00
富山信用金庫,とやましんようきんこ,民間公益活動を促進するための休眠預金等に係る資金の活用に関する法律第3条第1項,https://www.shinkin.co.jp/tomishin/about/pdf/denshikoukoku_kyumin_20260622.pdf,2026-07-01,2026-08-31,富山市室町通り1-1-32,,2026-08-03T14:17:49+09:00,2026-08-31T06:43:15+09:00,2026-09-01T06:43:15+09:00
小松川信用金庫,こまつがわ,民間公益活動を促進するための休眠預金等に係る資金の活用に関する法律第3条第1項,https://www.tasb.jp/information/koukoku/kyuminyokin.pdf,2026-07-01,2026-08-31,東京都江戸川区平井6-23-23,,2026-08-03T14:17:49+09:00,2026-08-31T06:43:15+09:00,2026-09-01T06:43:15+09:00
小浜信用金庫,おばましんようきんこ,民間公益活動を促進するための休眠預金等に係る資金の活用に関する法律第3条第1項,https://www.shinkin.co.jp/obama/pdf/kyuumin_denshikoukoku.pdf,2026-07-01,2026-09-01,福井県小浜市大手町9-20,,2026-08-03T14:17:49+09:00,2026-09-01T06:43:15+09:00,2026-09-02T06:43:32+09:00
尾西信用金庫,びさい,民間公益活動を促進するための休眠預金等に係る資金の活用に関する法律第3条第1項,https://shinkin-tokai.co.jp/koukoku/2026.pdf,2026-07-01,2026-09-01,愛知県一宮市篭屋1-4-3,,2026-08-03T14:17:49+09:00,2026-09-01T06:43:15+09:00,2026-09-02T06:43:32+09:00
山形信用金庫,やまがた,民間公益活動を促進するための休眠預金等に係る資金の活用に関する法律第3条第1項,https://tss-shinkin.co.jp/denshikokoku/kyumin_2026.pdf,2026-07-01,2026-09-01,山形市白山1-10-3,,2026-08-03T14:17:49+09:00,2026-09-01T06:43:15+09:00,2026-09-02T06:43:32+09:00
山梨信用金庫,やまなし,民間公益活動を促進するための休眠預金等に係る資金の活用に関する法律第3条第1項,https://www.tasb.jp/information/koukoku/kyuminyokin.pdf,2026-07-01,2026-08-31,山梨県甲府市中央1-12-36,,2026-08-03T14:17:49+09:00,2026-08-31T06:43:15+09:00,2026-09-01T06:43:15+09:00
岐阜信用金庫,ぎふ,民間公益活動を促進するための休眠預金等に係る資金の活用に関する法律第3条第1項,https://shinkin-tokai.co.jp/koukoku/2026.pdf,2026-07-01,2026-09-01,岐阜市神田町6-11,,2026-08-03T14:17:49+09:00,2026-09-01T06:43:15+09:00,2026-09-02T06:43:32+09:00
岡崎信用金庫,おかざき,民間公益活動を促進するための休眠預金等に係る資金の活用に関する法律第3条第1項,https://shinkin-tokai.co.jp/koukoku/2026.pdf,2026-07-01,2026-09-01,愛知県岡崎市菅生町字元菅41,,2026-08-03T14:17:49+09:00,2026-09-01T06:43:15+09:00,2026-09-02T06:43:32+09:00
島根中央信用金庫,しまねちゅうおう,民間公益活動を促進するための休眠預金等に係る資金の活用に関する法律第3条第1項,https://e-css.net/info/download/51/2026kyuumin.pdf,2026-07-01,2026-08-31,島根県出雲市今市町252-1,,2026-08-03T14:17:49+09:00,2026-08-31T06:43:15+09:00,2026-09-01T06:43:15+09:00
島田掛川信用金庫,しまだかけがわ,民間公益活動を促進するための休眠預金等に係る資金の活用に関する法律第3条第1項,https://shinkin-tokai.co.jp/koukoku/2026.pdf,2026-07-01,2026-09-01,静岡県掛川市亀の甲2-203,,2026-08-03T14:17:49+09:00,2026-09-01T06:43:15+09:00,2026-09-02T06:43:32+09:00
川之江信用金庫,かわのえしんようきんこ,民間公益活動を促進するための休眠預金等に係る資金の活用に関する法律第3条第1項,https://www.kawanoe-shinkin.co.jp/cms/wp-content/uploads/2026/06/750e10c2c3927ef16862518dbc54d3dc.pdf,2026-07-01,2026-09-01,愛媛県四国中央市金生町下分1089-1,,2026-08-03T14:17:49+09:00,2026-09-01T06:43:15+09:00,2026-09-02T06:43:32+09:00
川口信用金庫,かわぐちしんようきんこ,民間公益活動を促進するための休眠預金等に係る資金の活用に関する法律第3条第1項,https://www.shinkin.co.jp/ksb/info/important/pdf/kyumin.pdf,2026-07-01,2026-08-31,埼玉県川口市栄町3-9-3,,2026-08-03T14:17:49+09:00,2026-08-31T06:43:15+09:00,2026-09-01T06:43:15+09:00
巣鴨信用金庫,すがも,民間公益活動を促進するための休眠預金等に係る資金の活用に関する法律第3条第1項,https://www.tasb.jp/information/koukoku/kyuminyokin.pdf,2026-07-01,2026-08-31,東京都豊島区巣鴨2-10-2,,2026-08-03T14:17:49+09:00,2026-08-31T06:43:15+09:00,2026-09-01T06:43:15+09:00
帯広信用金庫,おびひろ,民間公益活動を促進するための休眠預金等に係る資金の活用に関する法律第3条第1項,https://www.shinkin-hsis.com/denshikoukoku/kyuumin2026.pdf,2026-07-01,2026-09-01,北海道帯広市西三条南7-2,,2026-08-03T14:17:49+09:00,2026-09-01T06:43:15+09:00,2026-09-02T06:43:32+09:00
幡多信用金庫,はたしんようきんこ,民間公益活動を促進するための休眠預金等に係る資金の活用に関する法律第3条第1項,https://www.shinkin.co.jp/hatashin/pdf/information/202607koukoku.pdf,2026-07-01,2026-09-01,高知県四万十市中村大橋通6-9-28,,2026-08-03T14:17:49+09:00,2026-09-01T06:43:15+09:00,2026-09-02T06:43:32+09:00
平塚信用金庫,ひらつか,民間公益活動を促進するための休眠預金等に係る資金の活用に関する法律第3条第1項,https://www.tasb.jp/information/koukoku/kyuminyokin.pdf,2026-07-01,2026-08-31,神奈川県平塚市紅谷町11-19,,2026-08-03T14:17:49+09:00,2026-08-31T06:43:15+09:00,2026-09-01T06:43:15+09:00
広島みどり信用金庫,ひろしまみどり,民間公益活動を促進するための休眠預金等に係る資金の活用に関する法律第3条第1項,https://e-css.net/info/download/51/2026kyuumin.pdf,2026-07-01,2026-08-31,広島県庄原市西本町3-1-8,,2026-08-03T14:17:49+09:00,2026-08-31T06:43:15+09:00,2026-09-01T06:43:15+09:00
広島信用金庫,ひろしま,民間公益活動を促進するための休眠預金等に係る資金の活用に関する法律第3条第1項,https://e-css.net/info/download/51/2026kyuumin.pdf,2026-07-01,2026-08-31,広島市中区富士見町3-15,,2026-08-03T14:17:49+09:00,2026-08-31T06:43:15+09:00,2026-09-01T06:43:15+09:00
延岡信用金庫,のべおかしんようきんこ,民間公益活動を促進するための休眠預金等に係る資金の活用に関する法律第3条第1項,https://www.nobeshin.jp/nskoukoku.pdf,2026-07-01,2026-08-31,宮崎県延岡市南町1-4-3,,2026-08-03T14:17:49+09:00,2026-08-31T06:43:15+09:00,2026-09-01T06:43:15+09:00
徳島信用金庫,とくしま,民間公益活動を促進するための休眠預金等に係る資金の活用に関する法律第3条第1項,https://www.shinkin.co.jp/tokusima/news/pdf/kyuminkoukoku.pdf,2026-07-01,2026-09-01,徳島市仲之町2-18-1,,2026-08-03T14:17:49+09:00,2026-09-01T06:43:15+09:00,2026-09-02T06:43:32+09:00
愛媛信用金庫,えひめ,民間公益活動を促進するための休眠預金等に係る資金の活用に関する法律第3条第1項,https://www.shinkin.co.jp/ehime/announcement/pdf/kyuminyokin2026.pdf,2026-07-01,2026-09-02,愛媛県松山市二番町4-2-11,,2026-08-03T14:17:49+09:00,2026-09-02T06:43:32+09:00,2026-09-03T06:43:38+09:00
愛知信用金庫,あいち,民間公益活動を促進するための休眠預金等に係る資金の活用に関する法律第3条第1項,https://shinkin-tokai.co.jp/koukoku/2026.pdf,2026-07-01,2026-09-01,名古屋市中区錦3-15-25,,2026-08-03T14:17:49+09:00,2026-09-01T06:43:15+09:00,2026-09-02T06:43:32+09:00
敦賀信用金庫,つるが,民間公益活動を促進するための休眠預金等に係る資金の活用に関する法律第3条第1項,https://www.shinkin.co.jp/tsuruga/about/pdf/koukoku/koukoku.pdf,2026-07-01,2026-08-31,福井県敦賀市本町1-11-7,,2026-08-03T14:17:49+09:00,2026-08-31T06:43:15+09:00,2026-09-01T06:43:15+09:00
新井信用金庫,あらい,民間公益活動を促進するための休眠預金等に係る資金の活用に関する法律第3条第1項,https://www.tasb.jp/information/koukoku/kyuminyokin.pdf,2026-07-01,2026-08-31,新潟県妙高市栄町2-3,,2026-08-03T14:17:49+09:00,2026-08-31T06:43:15+09:00,2026-09-01T06:43:15+09:00
新宮信用金庫,しんぐうしんようきんこ,民間公益活動を促進するための休眠預金等に係る資金の活用に関する法律第3条第1項,https://www.shinkin.co.jp/shingu/pdf/denshikokoku.pdf,2026-07-01,2026-09-01,和歌山県新宮市大橋通3-1-4,,2026-08-03T14:17:49+09:00,2026-09-01T06:43:15+09:00,2026-09-02T06:43:32+09:00
新庄信用金庫,しんじょう,民間公益活動を促進するための休眠預金等に係る資金の活用に関する法律第3条第1項,https://tss-shinkin.co.jp/denshikokoku/kyumin_2026.pdf,2026-07-01,2026-09-01,山形県新庄市本町2-9,,2026-08-03T14:17:49+09:00,2026-09-01T06:43:15+09:00,2026-09-02T06:43:32+09:00
新湊信用金庫,しんみなとしんようきんこ,民間公益活動を促進するための休眠預金等に係る資金の活用に関する法律第3条第1項,https://www.shinkin.co.jp/s-minato/announcement/data/20260701kyuuminyokin.pdf,2026-07-01,2026-09-01,富山県射水市中新湊12-20,,2026-08-03T14:17:49+09:00,2026-09-01T06:43:15+09:00,2026-09-02T06:43:32+09:00
新潟信用金庫,にいがた,民間公益活動を促進するための休眠預金等に係る資金の活用に関する法律第3条第1項,https://www.tasb.jp/information/koukoku/kyuminyokin.pdf,2026-07-01,2026-08-31,新潟市中央区西堀通五番町855-1,,2026-08-03T14:17:49+09:00,2026-08-31T06:43:15+09:00,2026-09-01T06:43:15+09:00
新発田信用金庫,しばた,民間公益活動を促進するための休眠預金等に係る資金の活用に関する法律第3条第1項,https://www.tasb.jp/information/koukoku/kyuminyokin.pdf,2026-07-01,2026-08-31,新潟県新発田市中央町3-2-21,,2026-08-03T14:17:49+09:00,2026-08-31T06:43:15+09:00,2026-09-01T06:43:15+09:00
日新信用金庫,にっしんしんようきんこ,民間公益活動を促進するための休眠預金等に係る資金の活用に関する法律第3条第1項,https://www.nisshin-shinkin.co.jp/aboutus/pdf/kyuminyokin.pdf,2026-07-01,2026-09-01,兵庫県明石市本町2-3-20,,2026-08-03T14:17:49+09:00,2026-09-01T06:43:15+09:00,2026-09-02T06:43:32+09:00
日本曹達株式会社,にほんそーだ,会社法第449条第3項,https://kmasterplus.pronexus.co.jp/release/26387878/1227965.pdf,2026-07-01,2026-08-03,東京都千代田区丸の内2-7-2,,2026-08-03T14:17:49+09:00,2026-08-03T15:26:28+09:00,2026-08-04T07:03:49+09:00
日本海信用金庫,にほんかい,民間公益活動を促進するための休眠預金等に係る資金の活用に関する法律第3条第1項,https://e-css.net/info/download/51/2026kyuumin.pdf,2026-07-01,2026-08-31,島根県浜田市殿町83-1,,2026-08-03T14:17:49+09:00,2026-08-31T06:43:15+09:00,2026-09-01T06:43:15+09:00
日田信用金庫,ひたしんようきんこ,民間公益活動を促進するための休眠預金等に係る資金の活用に関する法律第3条第1項,https://www.shinkin.co.jp/hitashin/data/koukoku2026.pdf,2026-07-01,2026-08-31,大分県日田市中本町3-20,,2026-08-03T14:17:49+09:00,2026-08-31T06:43:15+09:00,2026-09-01T06:43:15+09:00
日高信用金庫,ひだか,民間公益活動を促進するための休眠預金等に係る資金の活用に関する法律第3条第1項,https://www.shinkin-hsis.com/denshikoukoku/kyuumin2026.pdf,2026-07-01,2026-09-01,北海道浦河郡浦河町大通2-31-2,,2026-08-03T14:17:49+09:00,2026-09-01T06:43:15+09:00,2026-09-02T06:43:32+09:00
昭和信用金庫,しょうわ,民間公益活動を促進するための休眠預金等に係る資金の活用に関する法律第3条第1項,https://www.tasb.jp/information/koukoku/kyuminyokin.pdf,2026-07-01,2026-08-31,東京都世田谷区北沢1-38-14,,2026-08-03T14:17:49+09:00,2026-08-31T06:43:15+09:00,2026-09-01T06:43:15+09:00
村上信用金庫,むらかみ,民間公益活動を促進するための休眠預金等に係る資金の活用に関する法律第3条第1項,https://www.tasb.jp/information/koukoku/kyuminyokin.pdf,2026-07-01,2026-08-31,新潟県村上市小町2-15,,2026-08-03T14:17:49+09:00,2026-08-31T06:43:15+09:00,2026-09-01T06:43:15+09:00
杜の都信用金庫,もりのみやこ,民間公益活動を促進するための休眠預金等に係る資金の活用に関する法律第3条第1項,https://tss-shinkin.co.jp/denshikokoku/kyumin_2026.pdf,2026-07-01,2026-09-01,仙台市青葉区国分町3-5-30,,2026-08-03T14:17:49+09:00,2026-09-01T06:43:15+09:00,2026-09-02T06:43:32+09:00
東予信用金庫,とうよしんようきんこ,民間公益活動を促進するための休眠預金等に係る資金の活用に関する法律第3条第1項,https://www.shinkin.co.jp/toyoshin/pdf/koukoku20260701.pdf,2026-07-01,2026-09-01,愛媛県新居浜市中須賀町1-6-37,,2026-08-03T14:17:49+09:00,2026-09-01T06:43:15+09:00,2026-09-02T06:43:32+09:00
東京シティ信用金庫,とうきょうしてぃ,民間公益活動を促進するための休眠預金等に係る資金の活用に関する法律第3条第1項,https://www.tasb.jp/information/koukoku/kyuminyokin.pdf,2026-07-01,2026-08-31,東京都中央区日本橋室町1-9-14,,2026-08-03T14:17:49+09:00,2026-08-31T06:43:15+09:00,2026-09-01T06:43:15+09:00
東京ベイ信用金庫,とうきょうべい,民間公益活動を促進するための休眠預金等に係る資金の活用に関する法律第3条第1項,https://www.tasb.jp/information/koukoku/kyuminyokin.pdf,2026-07-01,2026-08-31,千葉県市川市市川1-23-28,,2026-08-03T14:17:49+09:00,2026-08-31T06:43:15+09:00,2026-09-01T06:43:15+09:00
東京三協信用金庫,とうきょうさんきょう,民間公益活動を促進するための休眠預金等に係る資金の活用に関する法律第3条第1項,https://www.tasb.jp/information/koukoku/kyuminyokin.pdf,2026-07-01,2026-08-31,東京都新宿区高田馬場2-17-3,,2026-08-03T14:17:49+09:00,2026-08-31T06:43:15+09:00,2026-09-01T06:43:15+09:00
東京信用金庫,とうきょう,民間公益活動を促進するための休眠預金等に係る資金の活用に関する法律第3条第1項,https://www.tasb.jp/information/koukoku/kyuminyokin.pdf,2026-07-01,2026-08-31,東京都豊島区東池袋1-12-5,,2026-08-03T14:17:49+09:00,2026-08-31T06:43:15+09:00,2026-09-01T06:43:15+09:00
東京東信用金庫,とうきょうひがししんようきんこ,民間公益活動を促進するための休眠預金等に係る資金の活用に関する法律第3条第1項,https://www.higashin.co.jp/company/documents/koukoku/2026/20260701densikoukoku.pdf,2026-07-01,2026-09-01,東京都墨田区東向島2-36-10,,2026-08-03T14:17:49+09:00,2026-09-01T06:43:15+09:00,2026-09-02T06:43:32+09:00
東奥信用金庫,とうおう,民間公益活動を促進するための休眠預金等に係る資金の活用に関する法律第3条第1項,https://tss-shinkin.co.jp/denshikokoku/kyumin_2026.pdf,2026-07-01,2026-09-01,青森県弘前市大字土手町81,,2026-08-03T14:17:49+09:00,2026-09-01T06:43:15+09:00,2026-09-02T06:43:32+09:00
東山口信用金庫,ひがしやまぐち,民間公益活動を促進するための休眠預金等に係る資金の活用に関する法律第3条第1項,https://e-css.net/info/download/51/2026kyuumin.pdf,2026-07-01,2026-08-31,山口県防府市天神1-12-18,,2026-08-03T14:17:49+09:00,2026-08-31T06:43:15+09:00,2026-09-01T06:43:15+09:00
東春信用金庫,とうしゅん,民間公益活動を促進するための休眠預金等に係る資金の活用に関する法律第3条第1項,https://shinkin-tokai.co.jp/koukoku/2026.pdf,2026-07-01,2026-09-01,愛知県小牧市中央1-231-1,,2026-08-03T14:17:49+09:00,2026-09-01T06:43:15+09:00,2026-09-02T06:43:32+09:00
東栄信用金庫,とうえい,民間公益活動を促進するための休眠預金等に係る資金の活用に関する法律第3条第1項,https://www.tasb.jp/information/koukoku/kyuminyokin.pdf,2026-07-01,2026-08-31,東京都葛飾区新小岩1-52-8,,2026-08-03T14:17:49+09:00,2026-08-31T06:43:15+09:00,2026-09-01T06:43:15+09:00
東濃信用金庫,とうのう,民間公益活動を促進するための休眠預金等に係る資金の活用に関する法律第3条第1項,https://shinkin-tokai.co.jp/koukoku/2026.pdf,2026-07-01,2026-09-01,岐阜県多治見市本町2-5-1,,2026-08-03T14:17:49+09:00,2026-09-01T06:43:15+09:00,2026-09-02T06:43:32+09:00
松本信用金庫,まつもと,民間公益活動を促進するための休眠預金等に係る資金の活用に関する法律第3条第1項,https://www.tasb.jp/information/koukoku/kyuminyokin.pdf,2026-07-01,2026-08-31,長野県松本市丸の内1-1,,2026-08-03T14:17:49+09:00,2026-08-31T06:43:15+09:00,2026-09-01T06:43:15+09:00
枚方信用金庫,ひらかたしんようきんこ,民間公益活動を促進するための休眠預金等に係る資金の活用に関する法律第3条第1項,https://www.hirakata-shinkin.co.jp/cms_source/data/info/files/koukoku20260701.pdf,2026-07-01,2026-09-01,大阪府枚方市岡東町12-1,,2026-08-03T14:17:49+09:00,2026-09-01T06:43:15+09:00,2026-09-02T06:43:32+09:00
柏崎信用金庫,かしわざき,民間公益活動を促進するための休眠預金等に係る資金の活用に関する法律第3条第1項,https://www.tasb.jp/information/koukoku/kyuminyokin.pdf,2026-07-01,2026-08-31,新潟県柏崎市東本町1-2-16,,2026-08-03T14:17:49+09:00,2026-08-31T06:43:15+09:00,2026-09-01T06:43:15+09:00
栃木信用金庫,とちぎ,民間公益活動を促進するための休眠預金等に係る資金の活用に関する法律第3条第1項,https://www.tasb.jp/information/koukoku/kyuminyokin.pdf,2026-07-01,2026-08-31,栃木市万町9-28,,2026-08-03T14:17:49+09:00,2026-08-31T06:43:15+09:00,2026-09-01T06:43:15+09:00
株式会社うかい,うかい,会社法第201条第3項及び第4項,https://contents.xj-storage.jp/xcontents/76210/ac199b9c/98b9/46ae/a10e/4abbfe78607f/20260622184357671s.pdf,2026-07-01,2026-08-03,東京都八王子市南浅川町3426,,2026-08-03T14:17:49+09:00,2026-08-03T15:26:28+09:00,2026-08-04T07:03:49+09:00
株式会社セキド,せきど,会社法第449条第3項,https://kmasterplus.pronexus.co.jp/release/26391239/1228019.pdf,2026-07-01,2026-08-03,東京都新宿区西新宿3-7-1,,2026-08-03T14:17:49+09:00,2026-08-03T15:26:28+09:00,2026-08-04T07:03:49+09:00
株式会社東和銀行,とうわぎんこう,民間公益活動を促進するための休眠預金等に係る資金の活用に関する法律第3条第1項,https://www.towabank.co.jp/whatstowa/kyumin.pdf,2026-07-01,2026-09-02,群馬県前橋市本町2-12-6,,2026-08-03T14:17:49+09:00,2026-09-02T06:43:32+09:00,2026-09-03T06:43:38+09:00
桐生信用金庫,きりゅう,民間公益活動を促進するための休眠預金等に係る資金の活用に関する法律第3条第1項,https://www.tasb.jp/information/koukoku/kyuminyokin.pdf,2026-07-01,2026-08-31,群馬県桐生市錦町2-15-21,,2026-08-03T14:17:49+09:00,2026-08-31T06:43:15+09:00,2026-09-01T06:43:15+09:00
桑名三重信用金庫,くわなみえ,民間公益活動を促進するための休眠預金等に係る資金の活用に関する法律第3条第1項,https://shinkin-tokai.co.jp/koukoku/2026.pdf,2026-07-01,2026-09-01,三重県桑名市大央町20,,2026-08-03T14:17:49+09:00,2026-09-01T06:43:15+09:00,2026-09-02T06:43:32+09:00
気仙沼信用金庫,けせんぬま,民間公益活動を促進するための休眠預金等に係る資金の活用に関する法律第3条第1項,https://tss-shinkin.co.jp/denshikokoku/kyumin_2026.pdf,2026-07-01,2026-09-01,宮城県気仙沼市八日町2-4-10,,2026-08-03T14:17:49+09:00,2026-09-01T06:43:15+09:00,2026-09-02T06:43:32+09:00
水島信用金庫,みずしま,民間公益活動を促進するための休眠預金等に係る資金の活用に関する法律第3条第1項,https://e-css.net/info/download/51/2026kyuumin.pdf,2026-07-01,2026-08-31,岡山県倉敷市水島西常盤町8-23,,2026-08-03T14:17:49+09:00,2026-08-31T06:43:15+09:00,2026-09-01T06:43:15+09:00
水沢信用金庫,みずさわ,民間公益活動を促進するための休眠預金等に係る資金の活用に関する法律第3条第1項,https://tss-shinkin.co.jp/denshikokoku/kyumin_2026.pdf,2026-07-01,2026-09-01,岩手県奥州市水沢字日高西71-1,,2026-08-03T14:17:49+09:00,2026-09-01T06:43:15+09:00,2026-09-02T06:43:32+09:00
氷見伏木信用金庫,ひみふしきしんようきんこ,民間公益活動を促進するための休眠預金等に係る資金の活用に関する法律第3条第1項,https://www.shinkin.co.jp/himifusi/footermenu/kyumin2026.pdf,2026-07-01,2026-09-01,富山県氷見市中央町1-30,,2026-08-03T14:17:49+09:00,2026-09-01T06:43:15+09:00,2026-09-02T06:43:32+09:00
永和信用金庫,えいわしんようきんこ,民間公益活動を促進するための休眠預金等に係る資金の活用に関する法律第3条第1項,https://www.eiwa-shinkin.co.jp/data/kyumin-202607.pdf,2026-07-01,2026-08-31,大阪市浪速区日本橋4-7-20,,2026-08-03T14:17:49+09:00,2026-08-31T06:43:15+09:00,2026-09-01T06:43:15+09:00
沼津信用金庫,ぬまづ,民間公益活動を促進するための休眠預金等に係る資金の活用に関する法律第3条第1項,https://shinkin-tokai.co.jp/koukoku/2026.pdf,2026-07-01,2026-09-01,静岡県沼津市大手町5-6-16,,2026-08-03T14:17:49+09:00,2026-09-01T06:43:15+09:00,2026-09-02T06:43:32+09:00
津信用金庫,つ,民間公益活動を促進するための休眠預金等に係る資金の活用に関する法律第3条第1項,https://shinkin-tokai.co.jp/koukoku/2026.pdf,2026-07-01,2026-09-01,三重県津市大門21-12,,2026-08-03T14:17:49+09:00,2026-09-01T06:43:15+09:00,2026-09-02T06:43:32+09:00
津山信用金庫,つやま,民間公益活動を促進するための休眠預金等に係る資金の活用に関する法律第3条第1項,https://e-css.net/info/download/51/2026kyuumin.pdf,2026-07-01,2026-08-31,岡山県津山市山下30-15,,2026-08-03T14:17:49+09:00,2026-08-31T06:43:15+09:00,2026-09-01T06:43:15+09:00
浜松磐田信用金庫,はままついわた,民間公益活動を促進するための休眠預金等に係る資金の活用に関する法律第3条第1項,https://shinkin-tokai.co.jp/koukoku/2026.pdf,2026-07-01,2026-09-01,静岡県浜松市中央区元城町114-1,,2026-08-03T14:17:49+09:00,2026-09-01T06:43:15+09:00,2026-09-02T06:43:32+09:00
渡島信用金庫,おしま,民間公益活動を促進するための休眠預金等に係る資金の活用に関する法律第3条第1項,https://www.shinkin-hsis.com/denshikoukoku/kyuumin2026.pdf,2026-07-01,2026-09-01,北海道茅部郡森町字御幸町115,,2026-08-03T14:17:49+09:00,2026-09-01T06:43:15+09:00,2026-09-02T06:43:32+09:00
湖東信用金庫,ことう,民間公益活動を促進するための休眠預金等に係る資金の活用に関する法律第3条第1項,https://www.shinkin.co.jp/kotoshin/data/koukoku_kyumin.pdf,2026-07-01,2026-09-01,滋賀県東近江市青葉町1-1,,2026-08-03T14:17:49+09:00,2026-09-01T06:43:15+09:00,2026-09-02T06:43:32+09:00
滋賀中央信用金庫,しがちゅうおうしんようきんこ,民間公益活動を促進するための休眠預金等に係る資金の活用に関する法律第3条第1項,https://www.shigachushin.jp/pdf/kyuuminkouji.pdf,2026-07-01,2026-08-31,滋賀県近江八幡市桜宮町198,,2026-08-03T14:17:49+09:00,2026-08-31T06:43:15+09:00,2026-09-01T06:43:15+09:00
瀧野川信用金庫,たきのがわ,民間公益活動を促進するための休眠預金等に係る資金の活用に関する法律第3条第1項,https://www.tasb.jp/information/koukoku/kyuminyokin.pdf,2026-07-01,2026-08-31,東京都北区田端新町3-25-2,,2026-08-03T14:17:49+09:00,2026-08-31T06:43:15+09:00,2026-09-01T06:43:15+09:00
瀬戸信用金庫,せと,民間公益活動を促進するための休眠預金等に係る資金の活用に関する法律第3条第1項,https://shinkin-tokai.co.jp/koukoku/2026.pdf,2026-07-01,2026-09-01,愛知県瀬戸市東横山町119-1,,2026-08-03T14:17:49+09:00,2026-09-01T06:43:15+09:00,2026-09-02T06:43:32+09:00
烏山信用金庫,からすやま,民間公益活動を促進するための休眠預金等に係る資金の活用に関する法律第3条第1項,https://www.tasb.jp/information/koukoku/kyuminyokin.pdf,2026-07-01,2026-08-31,栃木県那須烏山市中央2-4-17,,2026-08-03T14:17:49+09:00,2026-08-31T06:43:15+09:00,2026-09-01T06:43:15+09:00
熊本中央信用金庫,くまもとちゅうおうしんようきんこ,民間公益活動を促進するための休眠預金等に係る資金の活用に関する法律第3条第1項,https://www.kumachu.jp/about/densikoukoku/koukoku2026.pdf,2026-07-01,2026-08-31,熊本市中央区大江本町1-6,,2026-08-03T14:17:49+09:00,2026-08-31T06:43:15+09:00,2026-09-01T06:43:15+09:00
熊本信用金庫,くまもとしんようきんこ,民間公益活動を促進するための休眠預金等に係る資金の活用に関する法律第3条第1項,https://www.kumamoto-shinkin.jp/koukoku/ddd.pdf,2026-07-01,2026-08-31,熊本市中央区手取本町2-1,,2026-08-03T14:17:49+09:00,2026-08-31T06:43:15+09:00,2026-09-01T06:43:15+09:00
熊本第一信用金庫,くまもとだいいちしんようきんこ,民間公益活動を促進するための休眠預金等に係る資金の活用に関する法律第3条第1項,https://www.daiichishinkin.co.jp/pdf/kyumin.pdf,2026-07-01,2026-08-31,熊本市中央区花畑町10-29,,2026-08-03T14:17:49+09:00,2026-08-31T06:43:15+09:00,2026-09-01T06:43:15+09:00
玉島信用金庫,たましま,民間公益活動を促進するための休眠預金等に係る資金の活用に関する法律第3条第1項,https://e-css.net/info/download/51/2026kyuumin.pdf,2026-07-01,2026-08-31,岡山県倉敷市玉島1438,,2026-08-03T14:17:49+09:00,2026-08-31T06:43:15+09:00,2026-09-01T06:43:15+09:00
田川信用金庫,たがわしんようきんこ,民間公益活動を促進するための休眠預金等に係る資金の活用に関する法律第3条第1項,https://www.tagawashinkin.co.jp/wp-content/uploads/2026/05/9ec8f157fa16ff4a225955ff609fe79e.pdf,2026-07-01,2026-08-31,福岡県田川市大字伊田字壱丁九反ヶ坪3557-8,,2026-08-03T14:17:49+09:00,2026-08-31T06:43:15+09:00,2026-09-01T06:43:15+09:00
甲府信用金庫,こうふ,民間公益活動を促進するための休眠預金等に係る資金の活用に関する法律第3条第1項,https://www.tasb.jp/information/koukoku/kyuminyokin.pdf,2026-07-01,2026-08-31,山梨県甲府市丸の内2-33-1,,2026-08-03T14:17:49+09:00,2026-08-31T06:43:15+09:00,2026-09-01T06:43:15+09:00
留萌信用金庫,るもい,民間公益活動を促進するための休眠預金等に係る資金の活用に関する法律第3条第1項,https://www.shinkin-hsis.com/denshikoukoku/kyuumin2026.pdf,2026-07-01,2026-09-01,北海道留萌市花園町2-1-8,,2026-08-03T14:17:49+09:00,2026-09-01T06:43:15+09:00,2026-09-02T06:43:32+09:00
白河信用金庫,しらかわ,民間公益活動を促進するための休眠預金等に係る資金の活用に関する法律第3条第1項,https://tss-shinkin.co.jp/denshikokoku/kyumin_2026.pdf,2026-07-01,2026-09-01,福島県白河市大手町14-6,,2026-08-03T14:17:49+09:00,2026-09-01T06:43:15+09:00,2026-09-02T06:43:32+09:00
盛岡信用金庫,もりおか,民間公益活動を促進するための休眠預金等に係る資金の活用に関する法律第3条第1項,https://tss-shinkin.co.jp/denshikokoku/kyumin_2026.pdf,2026-07-01,2026-09-01,岩手県盛岡市中ノ橋通1-4-6,,2026-08-03T14:17:49+09:00,2026-09-01T06:43:15+09:00,2026-09-02T06:43:32+09:00
目黒信用金庫,めぐろ,民間公益活動を促進するための休眠預金等に係る資金の活用に関する法律第3条第1項,https://www.tasb.jp/information/koukoku/kyuminyokin.pdf,2026-07-01,2026-08-31,東京都目黒区中目黒3-1-30,,2026-08-03T14:17:49+09:00,2026-08-31T06:43:15+09:00,2026-09-01T06:43:15+09:00
知多信用金庫,ちた,民間公益活動を促進するための休眠預金等に係る資金の活用に関する法律第3条第1項,https://shinkin-tokai.co.jp/koukoku/2026.pdf,2026-07-01,2026-09-01,愛知県半田市星崎町3-39-10,,2026-08-03T14:17:49+09:00,2026-09-01T06:43:15+09:00,2026-09-02T06:43:32+09:00
石動信用金庫,いするぎしんようきんこ,民間公益活動を促進するための休眠預金等に係る資金の活用に関する法律第3条第1項,https://www.shinkin.co.jp/isurugi/announcement/data/kyuuminyokinkoukoku2026.pdf,2026-07-01,2026-08-31,富山県小矢部市石動町13-13,,2026-08-03T14:17:49+09:00,2026-08-31T06:43:15+09:00,2026-09-01T06:43:15+09:00
石巻信用金庫,いしのまき,民間公益活動を促進するための休眠預金等に係る資金の活用に関する法律第3条第1項,https://tss-shinkin.co.jp/denshikokoku/kyumin_2026.pdf,2026-07-01,2026-09-01,宮城県石巻市中央3-6-21,,2026-08-03T14:17:49+09:00,2026-09-01T06:43:15+09:00,2026-09-02T06:43:32+09:00
砺波信用金庫,となみしんようきんこ,民間公益活動を促進するための休眠預金等に係る資金の活用に関する法律第3条第1項,https://www.tonami-shinkin.co.jp/_news/contents/21062/20260701.pdf,2026-07-01,2026-09-01,富山県南砺市福野1621-15,,2026-08-03T14:17:49+09:00,2026-09-01T06:43:15+09:00,2026-09-02T06:43:32+09:00
碧海信用金庫,へきかい,民間公益活動を促進するための休眠預金等に係る資金の活用に関する法律第3条第1項,https://shinkin-tokai.co.jp/koukoku/2026.pdf,2026-07-01,2026-09-01,愛知県安城市御幸本町15-1,,2026-08-03T14:17:49+09:00,2026-09-01T06:43:15+09:00,2026-09-02T06:43:32+09:00
神戸信用金庫,こうべしんようきんこ,民間公益活動を促進するための休眠預金等に係る資金の活用に関する法律第3条第1項,https://www.shinkinbank.co.jp/assets/pdf/20260701koukoku.pdf,2026-07-01,2026-08-31,神戸市中央区浪花町61,,2026-08-03T14:17:49+09:00,2026-08-31T06:43:15+09:00,2026-09-01T06:43:15+09:00
福井信用金庫,ふくいしんようきんこ,民間公益活動を促進するための休眠預金等に係る資金の活用に関する法律第3条第1項,https://www.shinkin.co.jp/fukushin/important/pdf/kyuminyokin.pdf,2026-07-01,2026-09-01,福井市田原2-3-1,,2026-08-03T14:17:49+09:00,2026-09-01T06:43:15+09:00,2026-09-02T06:43:32+09:00
福岡ひびき信用金庫,ふくおかひびきしんようきんこ,民間公益活動を促進するための休眠預金等に係る資金の活用に関する法律第3条第1項,https://www.fukuokahibiki.co.jp/pdf/2026koukoku.pdf,2026-07-01,2026-08-31,北九州市八幡東区尾倉2-8-1,,2026-08-03T14:17:49+09:00,2026-08-31T06:43:15+09:00,2026-09-01T06:43:15+09:00
福岡信用金庫,ふくおかしんようきんこ,民間公益活動を促進するための休眠預金等に係る資金の活用に関する法律第3条第1項,https://www.fukuoka-shinkin.co.jp/pdf/2026_koukoku.pdf,2026-07-01,2026-08-31,福岡市中央区天神1-6-8,,2026-08-03T14:17:49+09:00,2026-08-31T06:43:15+09:00,2026-09-01T06:43:15+09:00
福島信用金庫,ふくしま,民間公益活動を促進するための休眠預金等に係る資金の活用に関する法律第3条第1項,https://tss-shinkin.co.jp/denshikokoku/kyumin_2026.pdf,2026-07-01,2026-09-01,福島市万世町1-5,,2026-08-03T14:17:49+09:00,2026-09-01T06:43:15+09:00,2026-09-02T06:43:32+09:00
秋田信用金庫,あきた,民間公益活動を促進するための休眠預金等に係る資金の活用に関する法律第3条第1項,https://tss-shinkin.co.jp/denshikokoku/kyumin_2026.pdf,2026-07-01,2026-09-01,秋田市大町3-3-18,,2026-08-03T14:17:49+09:00,2026-09-01T06:43:15+09:00,2026-09-02T06:43:32+09:00
稚内信用金庫,わっかない,民間公益活動を促進するための休眠預金等に係る資金の活用に関する法律第3条第1項,https://www.shinkin-hsis.com/denshikoukoku/kyuumin2026.pdf,2026-07-01,2026-09-01,北海道稚内市中央3-9-6,,2026-08-03T14:17:49+09:00,2026-09-01T06:43:15+09:00,2026-09-02T06:43:32+09:00
空知信用金庫,そらち,民間公益活動を促進するための休眠預金等に係る資金の活用に関する法律第3条第1項,https://www.shinkin-hsis.com/denshikoukoku/kyuumin2026.pdf,2026-07-01,2026-09-01,北海道岩見沢市三条西6-2-1,,2026-08-03T14:17:49+09:00,2026-09-01T06:43:15+09:00,2026-09-02T06:43:32+09:00
筑後信用金庫,ちくごしんようきんこ,民間公益活動を促進するための休眠預金等に係る資金の活用に関する法律第3条第1項,https://www.shinkin.co.jp/chikugo/koukoku2026.pdf,2026-07-01,2026-08-31,福岡県久留米市東町35-10,,2026-08-03T14:17:49+09:00,2026-08-31T06:43:15+09:00,2026-09-01T06:43:15+09:00
米子信用金庫,よなご,民間公益活動を促進するための休眠預金等に係る資金の活用に関する法律第3条第1項,https://e-css.net/info/download/51/2026kyuumin.pdf,2026-07-01,2026-08-31,鳥取県米子市東福原2-5-1,,2026-08-03T14:17:49+09:00,2026-08-31T06:43:15+09:00,2026-09-01T06:43:15+09:00
米沢信用金庫,よねざわ,民間公益活動を促進するための休眠預金等に係る資金の活用に関する法律第3条第1項,https://tss-shinkin.co.jp/denshikokoku/kyumin_2026.pdf,2026-07-01,2026-09-01,山形県米沢市大町5-4-27,,2026-08-03T14:17:49+09:00,2026-09-01T06:43:15+09:00,2026-09-02T06:43:32+09:00
紀北信用金庫,きほく,民間公益活動を促進するための休眠預金等に係る資金の活用に関する法律第3条第1項,https://shinkin-tokai.co.jp/koukoku/2026.pdf,2026-07-01,2026-09-01,三重県尾鷲市野地町1-3,,2026-08-03T14:17:49+09:00,2026-09-01T06:43:15+09:00,2026-09-02T06:43:32+09:00
結城信用金庫,ゆうき,民間公益活動を促進するための休眠預金等に係る資金の活用に関する法律第3条第1項,https://www.tasb.jp/information/koukoku/kyuminyokin.pdf,2026-07-01,2026-08-31,茨城県結城市大字結城557,,2026-08-03T14:17:49+09:00,2026-08-31T06:43:15+09:00,2026-09-01T06:43:15+09:00
網走信用金庫,あばしり,民間公益活動を促進するための休眠預金等に係る資金の活用に関する法律第3条第1項,https://www.shinkin-hsis.com/denshikoukoku/kyuumin2026.pdf,2026-07-01,2026-09-01,北海道網走市南四条西1-8,,2026-08-03T14:17:49+09:00,2026-09-01T06:43:15+09:00,2026-09-02T06:43:32+09:00
羽後信用金庫,うご,民間公益活動を促進するための休眠預金等に係る資金の活用に関する法律第3条第1項,https://tss-shinkin.co.jp/denshikokoku/kyumin_2026.pdf,2026-07-01,2026-09-01,秋田県由利本荘市本荘13,,2026-08-03T14:17:49+09:00,2026-09-01T06:43:15+09:00,2026-09-02T06:43:32+09:00
興産信用金庫,こうさん,民間公益活動を促進するための休眠預金等に係る資金の活用に関する法律第3条第1項,https://www.tasb.jp/information/koukoku/kyuminyokin.pdf,2026-07-01,2026-08-31,東京都千代田区神田紺屋町41,,2026-08-03T14:17:49+09:00,2026-08-31T06:43:15+09:00,2026-09-01T06:43:15+09:00
興能信用金庫,こうのうしんようきんこ,民間公益活動を促進するための休眠預金等に係る資金の活用に関する法律第3条第1項,https://www.kono-shinkin.co.jp/wp/wp-content/uploads/2026/06/dormantdepositpublicnotice2026.pdf,2026-07-01,2026-08-31,石川県鳳珠郡能登町字宇出津ム字45-1,,2026-08-03T14:17:49+09:00,2026-08-31T06:43:15+09:00,2026-09-01T06:43:15+09:00
芝信用金庫,しば,民間公益活動を促進するための休眠預金等に係る資金の活用に関する法律第3条第1項,https://www.tasb.jp/information/koukoku/kyuminyokin.pdf,2026-07-01,2026-08-31,東京都港区新橋6-23-1,,2026-08-03T14:17:49+09:00,2026-08-31T06:43:15+09:00,2026-09-01T06:43:15+09:00
花巻信用金庫,はなまき,民間公益活動を促進するための休眠預金等に係る資金の活用に関する法律第3条第1項,https://tss-shinkin.co.jp/denshikokoku/kyumin_2026.pdf,2026-07-01,2026-09-01,岩手県花巻市吹張町11-10,,2026-08-03T14:17:49+09:00,2026-09-01T06:43:15+09:00,2026-09-02T06:43:32+09:00
苫小牧信用金庫,とまこまい,民間公益活動を促進するための休眠預金等に係る資金の活用に関する法律第3条第1項,https://www.shinkin-hsis.com/denshikoukoku/kyuumin2026.pdf,2026-07-01,2026-09-01,北海道苫小牧市表町3-1-6,,2026-08-03T14:17:49+09:00,2026-09-01T06:43:15+09:00,2026-09-02T06:43:32+09:00
萩山口信用金庫,はぎやまぐち,民間公益活動を促進するための休眠預金等に係る資金の活用に関する法律第3条第1項,https://e-css.net/info/download/51/2026kyuumin.pdf,2026-07-01,2026-08-31,山口市道場門前1-5-1,,2026-08-03T14:17:49+09:00,2026-08-31T06:43:15+09:00,2026-09-01T06:43:15+09:00
蒲郡信用金庫,がまごおり,民間公益活動を促進するための休眠預金等に係る資金の活用に関する法律第3条第1項,https://shinkin-tokai.co.jp/koukoku/2026.pdf,2026-07-01,2026-09-01,愛知県蒲郡市神明町4-25,,2026-08-03T14:17:49+09:00,2026-09-01T06:43:15+09:00,2026-09-02T06:43:32+09:00
西中国信用金庫,にしちゅうごく,民間公益活動を促進するための休眠預金等に係る資金の活用に関する法律第3条第1項,https://e-css.net/info/download/51/2026kyuumin.pdf,2026-07-01,2026-08-31,山口県下関市細江町1-1-8,,2026-08-03T14:17:49+09:00,2026-08-31T06:43:15+09:00,2026-09-01T06:43:15+09:00
西京信用金庫,さいきょう,民間公益活動を促進するための休眠預金等に係る資金の活用に関する法律第3条第1項,https://www.tasb.jp/information/koukoku/kyuminyokin.pdf,2026-07-01,2026-08-31,東京都新宿区新宿4-3-20,,2026-08-03T14:17:49+09:00,2026-08-31T06:43:15+09:00,2026-09-01T06:43:15+09:00
西兵庫信用金庫,にしひょうごしんようきんこ,民間公益活動を促進するための休眠預金等に係る資金の活用に関する法律第3条第1項,https://www.shinkin.co.jp/nisisin/pdf_file/news/20260630.pdf,2026-07-01,2026-09-01,兵庫県宍粟市山崎町山崎190,,2026-08-03T14:17:49+09:00,2026-09-01T06:43:15+09:00,2026-09-02T06:43:32+09:00
西尾信用金庫,にしお,民間公益活動を促進するための休眠預金等に係る資金の活用に関する法律第3条第1項,https://shinkin-tokai.co.jp/koukoku/2026.pdf,2026-07-01,2026-09-01,愛知県西尾市寄住町洲田51,,2026-08-03T14:17:49+09:00,2026-09-01T06:43:15+09:00,2026-09-02T06:43:32+09:00
観音寺信用金庫,かんおんじしんようきんこ,民間公益活動を促進するための休眠預金等に係る資金の活用に関する法律第3条第1項,https://www.kanshin.co.jp/wp-content/uploads/2026/06/2026-dormant-deposit.pdf,2026-07-01,2026-08-31,香川県観音寺市観音寺町甲3377-3,,2026-08-03T14:17:49+09:00,2026-08-31T06:43:15+09:00,2026-09-01T06:43:15+09:00
諏訪信用金庫,すわ,民間公益活動を促進するための休眠預金等に係る資金の活用に関する法律第3条第1項,https://www.tasb.jp/information/koukoku/kyuminyokin.pdf,2026-07-01,2026-08-31,長野県岡谷市郷田2-1-8,,2026-08-03T14:17:49+09:00,2026-08-31T06:43:15+09:00,2026-09-01T06:43:15+09:00
豊川信用金庫,とよかわ,民間公益活動を促進するための休眠預金等に係る資金の活用に関する法律第3条第1項,https://shinkin-tokai.co.jp/koukoku/2026.pdf,2026-07-01,2026-09-01,愛知県豊川市末広通3-34-1,,2026-08-03T14:17:49+09:00,2026-09-01T06:43:15+09:00,2026-09-02T06:43:32+09:00
豊橋信用金庫,とよはし,民間公益活動を促進するための休眠預金等に係る資金の活用に関する法律第3条第1項,https://shinkin-tokai.co.jp/koukoku/2026.pdf,2026-07-01,2026-09-01,愛知県豊橋市小畷町579,,2026-08-03T14:17:49+09:00,2026-09-01T06:43:15+09:00,2026-09-02T06:43:32+09:00
豊田信用金庫,とよた,民間公益活動を促進するための休眠預金等に係る資金の活用に関する法律第3条第1項,https://shinkin-tokai.co.jp/koukoku/2026.pdf,2026-07-01,2026-09-01,愛知県豊田市元城町1-48,,2026-08-03T14:17:49+09:00,2026-09-01T06:43:15+09:00,2026-09-02T06:43:32+09:00
越前信用金庫,えちぜんしんようきんこ,民間公益活動を促進するための休眠預金等に係る資金の活用に関する法律第3条第1項,https://www.shinkin.co.jp/echishin/top/pdf/oshirase/kyuumin2026.pdf,2026-07-01,2026-09-01,福井県大野市日吉町2-19,,2026-08-03T14:17:49+09:00,2026-09-01T06:43:15+09:00,2026-09-02T06:43:32+09:00
足利小山信用金庫,あしかがおやま,民間公益活動を促進するための休眠預金等に係る資金の活用に関する法律第3条第1項,https://www.tasb.jp/information/koukoku/kyuminyokin.pdf,2026-07-01,2026-08-31,栃木県足利市井草町2407-1,,2026-08-03T14:17:49+09:00,2026-08-31T06:43:15+09:00,2026-09-01T06:43:15+09:00
足立成和信用金庫,あだちせいわ,民間公益活動を促進するための休眠預金等に係る資金の活用に関する法律第3条第1項,https://www.tasb.jp/information/koukoku/kyuminyokin.pdf,2026-07-01,2026-08-31,東京都足立区千住1-4-16,,2026-08-03T14:17:49+09:00,2026-08-31T06:43:15+09:00,2026-09-01T06:43:15+09:00
道南うみ街信用金庫,どうなんうみまち,民間公益活動を促進するための休眠預金等に係る資金の活用に関する法律第3条第1項,https://www.shinkin-hsis.com/denshikoukoku/kyuumin2026.pdf,2026-07-01,2026-09-01,北海道檜山郡江差町字本町132,,2026-08-03T14:17:49+09:00,2026-09-01T06:43:15+09:00,2026-09-02T06:43:32+09:00
遠州信用金庫,えんしゅう,民間公益活動を促進するための休眠預金等に係る資金の活用に関する法律第3条第1項,https://shinkin-tokai.co.jp/koukoku/2026.pdf,2026-07-01,2026-09-01,静岡県浜松市中央区中沢町81-18,,2026-08-03T14:17:49+09:00,2026-09-01T06:43:15+09:00,2026-09-02T06:43:32+09:00
遠州鉄道ウェルネス株式会社,えんしゅうてつどううぇるねす,会社法第799条第3項,https://www.entetsu.co.jp/ir/pdf/20260630_koukoku03.pdf,2026-07-01,2026-08-03,静岡県浜松市中央区鍛冶町319-28,,2026-08-03T14:17:49+09:00,2026-08-03T15:26:28+09:00,2026-08-04T07:03:49+09:00
遠州鉄道分割準備株式会社,えんしゅうてつどうぶんかつじゅんび,会社法第799条第3項,https://www.entetsu.co.jp/ir/pdf/20260630_koukoku01.pdf,2026-07-01,2026-08-03,静岡県浜松市中央区旭町12-1,,2026-08-03T14:17:49+09:00,2026-08-03T15:26:28+09:00,2026-08-04T07:03:49+09:00
遠州鉄道株式会社,えんしゅうてつどう,会社法第789条第3項,https://www.entetsu.co.jp/ir/pdf/20260630_koukoku02.pdf,2026-07-01,2026-08-03,静岡県浜松市中央区旭町12-1,,2026-08-03T14:17:49+09:00,2026-08-03T15:26:28+09:00,2026-08-04T07:03:49+09:00
遠州鉄道株式会社,えんしゅうてつどう,会社法第789条第3項,https://www.entetsu.co.jp/ir/pdf/20260630_koukoku01.pdf,2026-07-01,2026-08-03,静岡県浜松市中央区旭町12-1,,2026-08-03T14:17:49+09:00,2026-08-03T15:26:28+09:00,2026-08-04T07:03:49+09:00
遠州鉄道株式会社,えんしゅうてつどう,会社法第789条第3項,https://www.entetsu.co.jp/ir/pdf/20260630_koukoku03.pdf,2026-07-01,2026-08-03,静岡県浜松市中央区旭町12-1,,2026-08-03T14:17:49+09:00,2026-08-03T15:26:28+09:00,2026-08-04T07:03:49+09:00
遠賀信用金庫,おんがしんようきんこ,民間公益活動を促進するための休眠預金等に係る資金の活用に関する法律第3条第1項,https://www.shinkin.co.jp/onga/img/news_important/suiminkoukoku2026.pdf,2026-07-01,2026-08-31,福岡県遠賀郡水巻町頃末北4-6-18,,2026-08-03T14:17:49+09:00,2026-08-31T06:43:15+09:00,2026-09-01T06:43:15+09:00
遠軽信用金庫,えんがる,民間公益活動を促進するための休眠預金等に係る資金の活用に関する法律第3条第1項,https://www.shinkin-hsis.com/denshikoukoku/kyuumin2026.pdf,2026-07-01,2026-09-01,北海道紋別郡遠軽町大通南1-1-15,,2026-08-03T14:17:49+09:00,2026-09-01T06:43:15+09:00,2026-09-02T06:43:32+09:00
遠鉄不動産株式会社,えんてつふどうさん,会社法第799条第3項,https://www.entetsu.co.jp/ir/pdf/20260630_koukoku02.pdf,2026-07-01,2026-08-03,静岡県浜松市中央区鍛冶町319-28,,2026-08-03T14:17:49+09:00,2026-08-03T15:26:28+09:00,2026-08-04T07:03:49+09:00
郡山信用金庫,こおりやま,民間公益活動を促進するための休眠預金等に係る資金の活用に関する法律第3条第1項,https://tss-shinkin.co.jp/denshikokoku/kyumin_2026.pdf,2026-07-01,2026-09-01,福島県郡山市清水台2-13-26,,2026-08-03T14:17:49+09:00,2026-09-01T06:43:15+09:00,2026-09-02T06:43:32+09:00
郵船商事人財サービス株式会社,ゆうせんしょうじじんざいさーびす,会社法第789条第3項,https://www.nyk-trading.com/corporate/pdf/notice2026_06.pdf,2026-07-01,2026-08-03,東京都品川区東品川2-2-20天王洲オーシャンスクエア9階,,2026-08-03T14:17:49+09:00,2026-08-03T15:26:28+09:00,2026-08-04T07:03:49+09:00
郵船商事株式会社,ゆうせんしょうじ,会社法第799条第3項,https://www.nyk-trading.com/corporate/pdf/notice2026_01.pdf,2026-07-01,2026-08-03,東京都品川区東品川2-2-20天王洲オーシャンスクエア9階,,2026-08-03T14:17:49+09:00,2026-08-03T15:26:28+09:00,2026-08-04T07:03:49+09:00
釧路信用金庫,くしろ,民間公益活動を促進するための休眠預金等に係る資金の活用に関する法律第3条第1項,https://www.shinkin-hsis.com/denshikoukoku/kyuumin2026.pdf,2026-07-01,2026-09-01,北海道釧路市北大通8-2,,2026-08-03T14:17:49+09:00,2026-09-01T06:43:15+09:00,2026-09-02T06:43:32+09:00
銚子信用金庫,ちょうし,民間公益活動を促進するための休眠預金等に係る資金の活用に関する法律第3条第1項,https://www.tasb.jp/information/koukoku/kyuminyokin.pdf,2026-07-01,2026-08-31,千葉県銚子市双葉町5-5,,2026-08-03T14:17:49+09:00,2026-08-31T06:43:15+09:00,2026-09-01T06:43:15+09:00
長岡信用金庫,ながおか,民間公益活動を促進するための休眠預金等に係る資金の活用に関する法律第3条第1項,https://www.tasb.jp/information/koukoku/kyuminyokin.pdf,2026-07-01,2026-08-31,新潟県長岡市大手通2-4-7,,2026-08-03T14:17:49+09:00,2026-08-31T06:43:15+09:00,2026-09-01T06:43:15+09:00
長浜信用金庫,ながはましんようきんこ,民間公益活動を促進するための休眠預金等に係る資金の活用に関する法律第3条第1項,https://www.nagashin.co.jp/common/doc/electronic-public-notice.pdf,2026-07-01,2026-09-01,滋賀県長浜市元浜町3-3,,2026-08-03T14:17:49+09:00,2026-09-01T06:43:15+09:00,2026-09-02T06:43:32+09:00
長野信用金庫,ながの,民間公益活動を促進するための休眠預金等に係る資金の活用に関する法律第3条第1項,https://www.tasb.jp/information/koukoku/kyuminyokin.pdf,2026-07-01,2026-08-31,長野市大字鶴賀133-1,,2026-08-03T14:17:49+09:00,2026-08-31T06:43:15+09:00,2026-09-01T06:43:15+09:00
関信用金庫,せき,民間公益活動を促進するための休眠預金等に係る資金の活用に関する法律第3条第1項,https://shinkin-tokai.co.jp/koukoku/2026.pdf,2026-07-01,2026-09-01,岐阜県関市東貸上12-1,,2026-08-03T14:17:49+09:00,2026-09-01T06:43:15+09:00,2026-09-02T06:43:32+09:00
阿南信用金庫,あなん,民間公益活動を促進するための休眠預金等に係る資金の活用に関する法律第3条第1項,https://www.shinkin.co.jp/anan/announcement/pdf/kyuminyokin.pdf,2026-07-01,2026-09-01,徳島県阿南市富岡町トノ町28-14,,2026-08-03T14:17:49+09:00,2026-09-01T06:43:15+09:00,2026-09-02T06:43:32+09:00
青い森信用金庫,あおいもり,民間公益活動を促進するための休眠預金等に係る資金の活用に関する法律第3条第1項,https://tss-shinkin.co.jp/denshikokoku/kyumin_2026.pdf,2026-07-01,2026-09-01,青森県八戸市大字八日町18,,2026-08-03T14:17:49+09:00,2026-09-01T06:43:15+09:00,2026-09-02T06:43:32+09:00
青木信用金庫,あおき,民間公益活動を促進するための休眠預金等に係る資金の活用に関する法律第3条第1項,https://www.tasb.jp/information/koukoku/kyuminyokin.pdf,2026-07-01,2026-08-31,埼玉県川口市中青木2-13-21,,2026-08-03T14:17:49+09:00,2026-08-31T06:43:15+09:00,2026-09-01T06:43:15+09:00
青梅信用金庫,おうめ,民間公益活動を促進するための休眠預金等に係る資金の活用に関する法律第3条第1項,https://www.tasb.jp/information/koukoku/kyuminyokin.pdf,2026-07-01,2026-08-31,東京都青梅市勝沼3-65,,2026-08-03T14:17:49+09:00,2026-08-31T06:43:15+09:00,2026-09-01T06:43:15+09:00
静清信用金庫,せいしん,民間公益活動を促進するための休眠預金等に係る資金の活用に関する法律第3条第1項,https://shinkin-tokai.co.jp/koukoku/2026.pdf,2026-07-01,2026-09-01,静岡市葵区昭和町2-1,,2026-08-03T14:17:49+09:00,2026-09-01T06:43:15+09:00,2026-09-02T06:43:32+09:00
須賀川信用金庫,すかがわ,民間公益活動を促進するための休眠預金等に係る資金の活用に関する法律第3条第1項,https://tss-shinkin.co.jp/denshikokoku/kyumin_2026.pdf,2026-07-01,2026-09-01,福島県須賀川市宮先町31,,2026-08-03T14:17:49+09:00,2026-09-01T06:43:15+09:00,2026-09-02T06:43:32+09:00
飯塚信用金庫,いいづかしんようきんこ,民間公益活動を促進するための休眠預金等に係る資金の活用に関する法律第3条第1項,https://www.shinkin.co.jp/iizuka/_news-1/contents/160/koukoku2026.pdf,2026-07-01,2026-08-31,福岡県飯塚市本町11-42,,2026-08-03T14:17:49+09:00,2026-08-31T06:43:15+09:00,2026-09-01T06:43:15+09:00
飯田信用金庫,いいだ,民間公益活動を促進するための休眠預金等に係る資金の活用に関する法律第3条第1項,https://www.tasb.jp/information/koukoku/kyuminyokin.pdf,2026-07-01,2026-08-31,長野県飯田市本町1-2,,2026-08-03T14:17:49+09:00,2026-08-31T06:43:15+09:00,2026-09-01T06:43:15+09:00
飯能信用金庫,はんのう,民間公益活動を促進するための休眠預金等に係る資金の活用に関する法律第3条第1項,https://www.tasb.jp/information/koukoku/kyuminyokin.pdf,2026-07-01,2026-08-31,埼玉県飯能市栄町24-9,,2026-08-03T14:17:49+09:00,2026-08-31T06:43:15+09:00,2026-09-01T06:43:15+09:00
館山信用金庫,たてやま,民間公益活動を促進するための休眠預金等に係る資金の活用に関する法律第3条第1項,https://www.shinkin.co.jp/tateyama/pdf/gm/202606km.pdf,2026-07-01,2026-09-01,千葉県館山市北条1634,,2026-08-03T14:17:49+09:00,2026-09-01T06:43:15+09:00,2026-09-02T06:43:32+09:00
館林信用金庫,たてばやし,民間公益活動を促進するための休眠預金等に係る資金の活用に関する法律第3条第1項,https://www.tasb.jp/information/koukoku/kyuminyokin.pdf,2026-07-01,2026-08-31,群馬県館林市本町1-6-32,,2026-08-03T14:17:49+09:00,2026-08-31T06:43:15+09:00,2026-09-01T06:43:15+09:00
高山信用金庫,たかやま,民間公益活動を促進するための休眠預金等に係る資金の活用に関する法律第3条第1項,https://shinkin-tokai.co.jp/koukoku/2026.pdf,2026-07-01,2026-09-01,岐阜県高山市下一之町63,,2026-08-03T14:17:49+09:00,2026-09-01T06:43:15+09:00,2026-09-02T06:43:32+09:00
高岡信用金庫,たかおかしんようきんこ,民間公益活動を促進するための休眠預金等に係る資金の活用に関する法律第3条第1項,https://www.shinkin.co.jp/takaoka/about/pdf/2026koukoku.pdf,2026-07-01,2026-09-04,富山県高岡市守山町68,,2026-08-03T14:17:49+09:00,2026-09-04T06:43:17+09:00,2026-09-05T06:43:22+09:00
高崎信用金庫,たかさき,民間公益活動を促進するための休眠預金等に係る資金の活用に関する法律第3条第1項,https://www.tasb.jp/information/koukoku/kyuminyokin.pdf,2026-07-01,2026-08-31,群馬県高崎市飯塚町1200-1,,2026-08-03T14:17:49+09:00,2026-08-31T06:43:15+09:00,2026-09-01T06:43:15+09:00
高松信用金庫,たかまつしんようきんこ,民間公益活動を促進するための休眠預金等に係る資金の活用に関する法律第3条第1項,https://www.takashin.co.jp/public_notice/pdf/20260701.pdf,2026-07-01,2026-08-31,香川県高松市瓦町1-9-2,,2026-08-03T14:17:49+09:00,2026-08-31T06:43:15+09:00,2026-09-01T06:43:15+09:00
高鍋信用金庫,たかなべしんようきんこ,民間公益活動を促進するための休眠預金等に係る資金の活用に関する法律第3条第1項,https://www.takanabe-shinkin.jp/assets/pdf/digital_public_pdf/kyuminyokin_2026.pdf,2026-07-01,2026-08-31,宮崎県児湯郡高鍋町大字高鍋町673,,2026-08-03T14:17:49+09:00,2026-08-31T06:43:15+09:00,2026-09-01T06:43:15+09:00
鳥取信用金庫,とっとり,民間公益活動を促進するための休眠預金等に係る資金の活用に関する法律第3条第1項,https://e-css.net/info/download/51/2026kyuumin.pdf,2026-07-01,2026-08-31,鳥取市栄町645,,2026-08-03T14:17:49+09:00,2026-08-31T06:43:15+09:00,2026-09-01T06:43:15+09:00
鶴岡信用金庫,つるおか,民間公益活動を促進するための休眠預金等に係る資金の活用に関する法律第3条第1項,https://tss-shinkin.co.jp/denshikokoku/kyumin_2026.pdf,2026-07-01,2026-09-01,山形県鶴岡市馬場町1-14,,2026-08-03T14:17:49+09:00,2026-09-01T06:43:15+09:00,2026-09-02T06:43:32+09:00
鹿児島信用金庫,かごしましんようきんこ,民間公益活動を促進するための休眠預金等に係る資金の活用に関する法律第3条第1項,https://www.shinkin.co.jp/kashin/_news/contents/174/0630.pdf,2026-07-01,2026-08-31,鹿児島市名山町1-23,,2026-08-03T14:17:49+09:00,2026-08-31T06:43:15+09:00,2026-09-01T06:43:15+09:00
鹿児島相互信用金庫,かごしまそうごしんようきんこ,民間公益活動を促進するための休眠預金等に係る資金の活用に関する法律第3条第1項,https://www.shinkin.co.jp/kasosin/koukoku/kasoshin.pdf,2026-07-01,2026-08-31,鹿児島市泉町2-3,,2026-08-03T14:17:49+09:00,2026-08-31T06:43:15+09:00,2026-09-01T06:43:15+09:00
鹿沼相互信用金庫,かぬまそうご,民間公益活動を促進するための休眠預金等に係る資金の活用に関する法律第3条第1項,https://www.tasb.jp/information/koukoku/kyuminyokin.pdf,2026-07-01,2026-08-31,栃木県鹿沼市上田町2331,,2026-08-03T14:17:49+09:00,2026-08-31T06:43:15+09:00,2026-09-01T06:43:15+09:00
岡三証券株式会社,おかさんしょうけん,会社法第789条第3項,https://www.okasan.co.jp/about/announcement/pdf/koukoku_260701.pdf,2026-07-02,2026-08-03,東京都中央区日本橋室町2-2-1,,2026-08-03T14:17:49+09:00,2026-08-03T15:26:28+09:00,2026-08-04T07:03:49+09:00
株式会社イノベーションファクトリー,いのべーしょんふぁくとりー,会社法第449条第2項及び第3項,https://www.fastretailing.com/jp/ir/notice/pdf/IF_kokoku.pdf,2026-07-02,2026-08-03,東京都江東区東雲2-11-41,,2026-08-03T14:17:49+09:00,2026-08-03T15:26:28+09:00,2026-08-04T07:03:49+09:00
株式会社クスリのアオキ,くすりのあおき,会社法第797条第4項,https://kusuri-aoki-hd.co.jp/wp-content/uploads/2026/06/koukoku_ao30.pdf,2026-07-02,2026-08-31,石川県白山市松本町2512,,2026-08-03T14:17:49+09:00,2026-08-31T06:43:15+09:00,2026-09-01T06:43:15+09:00
株式会社スポット,すぽっと,会社法第785条第4項,https://kusuri-aoki-hd.co.jp/wp-content/uploads/2026/06/koukoku_sp31.pdf,2026-07-02,2026-08-31,新潟県長岡市新産3-6-12,,2026-08-03T14:17:49+09:00,2026-08-31T06:43:15+09:00,2026-09-01T06:43:15+09:00
株式会社ハイブリッドテクノロジーズ,はいぶりっどてくのろじーず,会社法第797条第3項及び第4項,https://hybrid-technologies.co.jp/wp-content/themes/hestia/assets/ir-notice-pdf/merger-announcement_260701.pdf,2026-07-02,2026-08-14,東京都中野区本町3-31-11Ｄａｉｗａ中野坂上ビル6Ｆ,,2026-08-03T14:17:49+09:00,2026-08-14T06:58:17+09:00,2026-08-15T06:48:26+09:00
株式会社学友舎,がくゆうしゃ,会社法第797条第4項,https://kusuri-aoki-hd.co.jp/wp-content/uploads/2026/06/koukoku_gk34.pdf,2026-07-02,2026-08-31,新潟県長岡市東坂之上町2-4-10リッツ東坂之上ビル,,2026-08-03T14:17:49+09:00,2026-08-31T06:43:15+09:00,2026-09-01T06:43:15+09:00
株式会社魚栄商店,うおえいしょうてん,会社法第785条第4項,https://kusuri-aoki-hd.co.jp/wp-content/uploads/2026/06/koukoku_ei32.pdf,2026-07-02,2026-08-31,新潟県新潟市南区鰺潟423-1,,2026-08-03T14:17:49+09:00,2026-08-31T06:43:15+09:00,2026-09-01T06:43:15+09:00
株式会社魚齋藤,うおさいとう,会社法第785条第4項,https://kusuri-aoki-hd.co.jp/wp-content/uploads/2026/06/koukoku_si33.pdf,2026-07-02,2026-08-31,新潟県五泉市村松14-1,,2026-08-03T14:17:49+09:00,2026-08-31T06:43:15+09:00,2026-09-01T06:43:15+09:00
株式会社ＳＢＩ証券,えすびーあいしょうけん,会社法第799条第3項,https://search.sbisec.co.jp/v2/popwin/info/denshi_koukoku_oms.pdf,2026-07-02,2026-08-03,東京都港区六本木1-6-1,,2026-08-03T14:17:49+09:00,2026-08-03T15:26:28+09:00,2026-08-04T07:03:49+09:00
西尾レントオール株式会社,にしおれんとおーる,会社法第799条第2項及び第3項,https://kmasterplus.pronexus.co.jp/release/26386174/1228009.pdf,2026-07-02,2026-08-03,大阪市中央区東心斎橋1-11-17,,2026-08-03T14:17:49+09:00,2026-08-03T15:26:28+09:00,2026-08-04T07:03:49+09:00
株式会社ほっかほっか亭京滋地区本部,ほっかほっかていけいじちくほんぶ,会社法第449条第2項及び第3項,http://www.hht-kyoto-shiga-co.jp/_p/acre/21473/documents/hokkahokkatei.pdf,2026-07-03,2026-08-03,京都市下京区新町通五条上ル材木町128-1,,2026-08-03T14:17:49+09:00,2026-08-03T15:26:28+09:00,2026-08-04T07:03:49+09:00
株式会社トラストブレイン,とらすとぶれいん,会社法第789条第3項,https://www.trustbrain.co.jp/wp/wp-content/uploads/2026/07/TBgappei202607.pdf,2026-07-03,2026-08-03,神戸市中央区東川崎町1-7-4ハーバーランドダイヤニッセイビル,,2026-08-03T14:17:49+09:00,2026-08-03T15:26:28+09:00,2026-08-04T07:03:49+09:00
株式会社ニッチツ,にっちつ,会社法第449条第2項及び第3項,https://kmasterplus.pronexus.co.jp/release/26377837/1228041.pdf,2026-07-03,2026-08-03,東京都港区赤坂1-11-30,,2026-08-03T14:17:49+09:00,2026-08-03T15:26:28+09:00,2026-08-04T07:03:49+09:00
株式会社ＳＰＳＴ,えすぴーえすてぃー,会社法第789条第3項,https://www.alhinc.jp/uploads/2026/07/SPSTgappei202607.pdf,2026-07-03,2026-08-03,東京都千代田区神田佐久間河岸78-3柴田ビル2F,,2026-08-03T14:17:49+09:00,2026-08-03T15:26:28+09:00,2026-08-04T07:03:49+09:00
ＡＬＨ株式会社,えーえるえいち,会社法第799条第3項,https://www.alhinc.jp/uploads/2026/07/ALHgappei202607.pdf,2026-07-03,2026-08-03,東京都目黒区目黒1-24-12,,2026-08-03T14:17:49+09:00,2026-08-03T15:26:28+09:00,2026-08-04T07:03:49+09:00
ＬＩＮＥヤフー株式会社,らいんやふー,会社法第797条第3項及び第4項,https://www.lycorp.co.jp/ja/ir/stock/koukoku/main/0/teaserItems1/0/linkList/015/link/merger_20260702.pdf,2026-07-03,2026-08-31,東京都千代田区紀尾井町1-3,,2026-08-03T14:17:49+09:00,2026-08-31T06:43:15+09:00,2026-09-01T06:43:15+09:00
ＬＩＮＥヤフー株式会社,らいんやふー,会社法第799条第3項,https://www.lycorp.co.jp/ja/ir/stock/koukoku/main/0/teaserItems1/0/linkList/015/link/merger_20260702.pdf,2026-07-03,2026-08-03,東京都千代田区紀尾井町1-3,,2026-08-03T14:17:49+09:00,2026-08-03T15:26:28+09:00,2026-08-04T07:03:49+09:00
Ａｂａｌａｎｃｅ株式会社,えーばらんす,会社法第449条第3項,https://www.abalance.jp/v1/wp-content/uploads/2026/7/notice_20260706.pdf,2026-07-06,2026-08-06,東京都品川区東品川2-2-4,,2026-08-03T14:17:49+09:00,2026-08-06T07:05:07+09:00,2026-08-07T08:46:02+09:00
公益社団法人高知県森と緑の会,こうちけんもりとみどりのかい,緑の募金による森林整備等の推進に関する法律第21条,https://www.moritomidori.com/doc/07bokinkekka.pdf,2026-07-07,2026-08-07,高知県高知市桟橋通6-7-43総合保健協会合同庁舎5階,,2026-08-03T14:17:49+09:00,2026-08-07T08:46:02+09:00,2026-08-08T06:55:28+09:00
東京海上ホールディングス株式会社,とうきょうかいじょうほーるでぃんぐす,会社法第449条第2項及び第3項,https://kmasterplus.pronexus.co.jp/release/26378726/1227972.pdf,2026-07-07,2026-08-07,東京都千代田区大手町2-6-4,,2026-08-03T14:17:49+09:00,2026-08-07T08:46:02+09:00,2026-08-08T06:55:28+09:00
ＳＰＯＴＬＩＧＨＴ　ＣＯＲＰＯＲＡＴＩＯＮ株式会社,すぽっとらいとこーぽれーしょん,資金決済に関する法律第20条第2項,https://official.joynetgame.com/files/jp/merge-game-end-notice.pdf,2026-07-07,2026-10-05,東京都葛飾区東金町6-6-5センタービル金町4階,,2026-08-03T14:17:49+09:00,2026-09-05T06:43:22+09:00,
ダイナミックマッププラットフォーム株式会社,だいなみっくまっぷぷらっとふぉーむ,会社法第449条第3項,https://contents.xj-storage.jp/xcontents/AS05208/b41bfe05/ab9d/4272/b477/ebb5acfc2261/20260702113909392s.pdf,2026-07-08,2026-08-07,東京都渋谷区渋谷2-12-4,,2026-08-03T14:17:49+09:00,2026-08-07T08:46:02+09:00,2026-08-08T06:55:28+09:00
北海道信用金庫,ほっかいどうしんようきんこ,民間公益活動を促進するための休眠預金等に係る資金の活用に関する法律第3条第1項,https://www.shinkin.co.jp/hokkaido/topinclude/pdf/importance/kyumin_koukoku2026.pdf,2026-07-08,2026-09-08,札幌市中央区南二条西3-15-1,,2026-08-03T14:17:49+09:00,2026-09-05T06:43:22+09:00,
株式会社オールアバウト,おーるあばうと,会社法第449条第3項,https://corp.allabout.co.jp/ir/koukoku/files/20260707_01.pdf,2026-07-08,2026-08-07,東京都渋谷区恵比寿南1-15-1,,2026-08-03T14:17:49+09:00,2026-08-07T08:46:02+09:00,2026-08-08T06:55:28+09:00
株式会社日立ドキュメントプリンティング,ひたちどきゅめんとぷりんてぃんぐ,会社法第799条第2項及び第3項,https://www.hitachi-document.co.jp/printing/koukoku/pdf/260707.pdf,2026-07-08,2026-08-07,東京都江東区東陽6-3-2,,2026-08-03T14:17:49+09:00,2026-08-07T08:46:02+09:00,2026-08-08T06:55:28+09:00
株式会社日立リアルエステートパートナーズ,ひたちりあるえすてーとぱーとなーず,会社法第799条第2項及び第3項,https://www.hitachi-rep.co.jp/publicnotice/260707.pdf,2026-07-08,2026-08-07,東京都千代田区神田錦町3-7-1,,2026-08-03T14:17:49+09:00,2026-08-07T08:46:02+09:00,2026-08-08T06:55:28+09:00
北海道エアポート株式会社,ほっかいどうえあぽーと,会社法第799条第3項,https://www.hokkaido-airports.com/ja/corporate/pdf/HAP_public_notice.pdf,2026-07-09,2026-08-10,北海道千歳市美々987-22,,2026-08-03T14:17:49+09:00,2026-08-10T06:52:06+09:00,2026-08-11T06:56:35+09:00
千歳空港給油施設株式会社,ちとせくうこうきゅうゆしせつ,会社法第789条第3項,https://www.cts-cff.co.jp/pdf/CFF_public_notice.pdf,2026-07-09,2026-08-10,北海道千歳市平和1387-1,,2026-08-03T14:17:49+09:00,2026-08-10T06:52:06+09:00,2026-08-11T06:56:35+09:00
株式会社ジーニー,じーにー,会社法第799条第3項,https://geniee.co.jp/wp/wp-content/uploads/2026/07/koukoku_cats.pdf,2026-07-09,2026-08-08,東京都新宿区西新宿6-8-1,,2026-08-03T14:17:49+09:00,2026-08-08T06:55:28+09:00,2026-08-09T06:50:47+09:00
株式会社ジーニー,じーにー,会社法第797条第3項及び第4項,https://geniee.co.jp/wp/wp-content/uploads/2026/07/koukoku_cats.pdf,2026-07-09,2026-09-30,東京都新宿区西新宿6-8-1,,2026-08-03T14:17:49+09:00,2026-09-05T06:43:22+09:00,
ＣＡＴＳ株式会社,きゃっつ,会社法第789条第3項,https://markecats.co.jp/cats-corporate-p/wp-content/uploads/2026/07/f42807a4536b2abb0da914781b0b8a3f.pdf,2026-07-09,2026-08-08,東京都新宿区西新宿6-8-1,,2026-08-03T14:17:49+09:00,2026-08-08T06:55:28+09:00,2026-08-09T06:50:47+09:00
トグルホールディングス株式会社,とぐるほーるでぃんぐす,会社法第449条第3項,https://storage.googleapis.com/studio-design-asset-files/projects/xmaZNZDDaR/s-1x1_5899c2c0-8d44-4995-8b04-8fc9b0ddb966.pdf,2026-07-10,2026-08-10,東京都港区六本木1-6-1,,2026-08-03T14:17:49+09:00,2026-08-10T06:52:06+09:00,2026-08-11T06:56:35+09:00
株式会社イズミ,いずみ,会社法第799条第3項,https://www.izumi.co.jp/ir/260710_bichukaihatsu.pdf,2026-07-10,2026-08-10,広島市東区二葉の里3-3-1,,2026-08-03T14:17:49+09:00,2026-08-10T06:52:06+09:00,2026-08-11T06:56:35+09:00
株式会社Ｇａｕｄｉｙ,がうでぃ,会社法第449条第3項,https://k.secure.freee.co.jp/companies/86970/announces/37511,2026-07-10,2026-08-10,東京都渋谷区千駄ヶ谷1-1-12,,2026-08-03T14:17:49+09:00,2026-08-10T06:52:06+09:00,2026-08-11T06:56:35+09:00
ジェイリース株式会社,じぇいりーす,会社法第449条第2項及び第3項,https://contents.xj-storage.jp/xcontents/AS02623/044659fd/029c/406f/a417/2ee2dbb60501/20260706124517160s.pdf,2026-07-11,2026-08-14,大分市都町1-3-19大分中央ビル7階,,2026-08-03T14:17:49+09:00,2026-08-14T06:58:17+09:00,2026-08-15T06:48:26+09:00
ダイニチ工業株式会社,だいにちこうぎょう,会社法第201条第3項及び第4項,https://www.dainichi-net.co.jp/uploads/2026/07/koukoku20260710.pdf,2026-07-11,2026-08-07,新潟県新潟市南区北田中780-6,,2026-08-03T14:17:49+09:00,2026-08-07T08:46:02+09:00,2026-08-08T06:55:28+09:00
ルネサスエレクトロニクス株式会社,るねさすえれくとろにくす,会社法第201条第3項及び第4項,https://renesasweb.s3.us-west-2.amazonaws.com/ir/20260710.pdf,2026-07-11,2026-08-03,東京都江東区豊洲3-2-24,,2026-08-03T14:17:49+09:00,2026-08-03T15:26:28+09:00,2026-08-04T07:03:49+09:00
旭川信用金庫,あさひかわしんようきんこ,民間公益活動を促進するための休眠預金等に係る資金の活用に関する法律第3条第1項,https://www.shinkin.co.jp/ask/article_source/data/info/files/kyumin2026.pdf,2026-07-11,2026-09-11,北海道旭川市四条通8,,2026-08-03T14:17:49+09:00,2026-09-05T06:43:22+09:00,
株式会社ソラスト,そらすと,会社法第181条第1項及び第2項並びに会社法第182条の4第3項,https://kmasterplus.pronexus.co.jp/release/26393831/1228111.pdf,2026-07-11,2026-08-10,東京都港区港南2-15-3,,2026-08-03T14:17:49+09:00,2026-08-10T06:52:06+09:00,2026-08-11T06:56:35+09:00
株式会社上組,かみぐみ,会社法第201条第3項及び第4項,https://www.kamigumi.co.jp/dcms_media/other/koukoku_jikokabu.pdf,2026-07-11,2026-08-03,神戸市中央区浜辺通4-1-11,,2026-08-03T14:17:49+09:00,2026-08-03T15:26:28+09:00,2026-08-04T07:03:49+09:00
株式会社筑波銀行,つくばぎんこう,会社法第449条第2項及び第3項,https://www.tsukubabank.co.jp/ir/denshi/pdf/tk/pub_20260710.pdf,2026-07-11,2026-08-10,茨城県土浦市中央2-11-7,,2026-08-03T14:17:49+09:00,2026-08-10T06:52:06+09:00,2026-08-11T06:56:35+09:00
テクマトリックス株式会社,てくまとりっくす,会社法第240条第2項及び第3項,https://www.techmatrix.co.jp/ir/upload_file/m085-/denshi_20260713.pdf,2026-07-13,2026-08-03,東京都港区港南1-2-70,,2026-08-03T14:17:49+09:00,2026-08-03T15:26:28+09:00,2026-08-04T07:03:49+09:00
株式会社平和堂,へいわどう,会社法第799条第3項,https://www.heiwado.jp/assets/img/pages/ir/privilege/notification/011.pdf,2026-07-13,2026-08-13,滋賀県彦根市西今町1,,2026-08-03T14:17:49+09:00,2026-08-13T06:58:28+09:00,2026-08-14T06:58:17+09:00
株式会社平和堂,へいわどう,会社法第797条第3項及び第4項,https://www.heiwado.jp/assets/img/pages/ir/privilege/notification/011.pdf,2026-07-13,2026-08-20,滋賀県彦根市西今町1,,2026-08-03T14:17:49+09:00,2026-08-20T06:49:02+09:00,2026-08-21T06:49:45+09:00
沢井製薬株式会社,さわいせいやく,会社法第799条第2項及び第3項,https://kmasterplus.pronexus.co.jp/release/26393352/1228105.pdf,2026-07-13,2026-08-13,大阪市淀川区宮原5-2-30,,2026-08-03T14:17:49+09:00,2026-08-13T06:58:28+09:00,2026-08-14T06:58:17+09:00
ソニーフィナンシャルグループ株式会社,そにーふぃなんしゃるぐるーぷ,会社法第201条第3項及び第4項,https://www.sonyfg.co.jp/ja/ir/koukoku/260713.pdf,2026-07-14,2026-08-03,東京都千代田区大手町1-9-2,,2026-08-03T14:17:49+09:00,2026-08-03T15:26:28+09:00,2026-08-04T07:03:49+09:00
日野自動車株式会社,ひのじどうしゃ,会社法第449条第3項,https://www.hino.co.jp/corp/for_investors/pdf/notification/20260714IR_1.pdf,2026-07-14,2026-08-14,東京都日野市日野台3-1-1,,2026-08-03T14:17:49+09:00,2026-08-14T06:58:17+09:00,2026-08-15T06:48:26+09:00
株式会社バンダイナムコエンターテインメント,ばんだいなむこえんたーていんめんと,資金決済に関する法律第20条第1項及び第2項並びに前払式支払手段に関する内閣府令第41条第2項,https://www.bandainamcoent.co.jp/finance/doc/20260714.pdf,2026-07-14,2026-09-17,東京都港区芝5-37-8,,2026-08-03T14:17:49+09:00,2026-09-05T06:43:22+09:00,
株式会社ビーマップ,びーまっぷ,会社法第449条第3項,http://www.bemap.co.jp/library_file/cms_file/26070701326.pdf,2026-07-14,2026-08-14,東京都千代田区内神田2-12-5,,2026-08-03T14:17:49+09:00,2026-08-14T06:58:17+09:00,2026-08-15T06:48:26+09:00
株式会社ペイメントフォー,ぺいめんとふぉー,会社法第449条第3項,https://storage.googleapis.com/studio-design-asset-files/projects/YPqrR5nMq5/s-1x1_8c950190-c062-4659-b242-ed7b9c907172.pdf,2026-07-14,2026-08-19,東京都渋谷区渋谷2-24-12,,2026-08-03T14:17:49+09:00,2026-08-19T06:48:00+09:00,2026-08-20T06:49:02+09:00
株式会社三井住友銀行,みついすみともぎんこう,銀行法第52条の2の9第2項,https://www.smbc.co.jp/aboutus/profile/koukoku/pdf/20260713.pdf,2026-07-14,2026-08-13,東京都千代田区丸の内1-1-2,,2026-08-03T14:17:49+09:00,2026-08-13T06:58:28+09:00,2026-08-14T06:58:17+09:00
株式会社百十四銀行,ひゃくじゅうしぎんこう,会社法第789条第2項及び第3項,https://www.114bank.co.jp/ir/public_notice/pdf/absorption.pdf,2026-07-14,2026-08-13,香川県高松市亀井町5-1,,2026-08-03T14:17:49+09:00,2026-08-13T06:58:28+09:00,2026-08-14T06:58:17+09:00
株式会社ＱＤレーザ,きゅーでぃーれーざ,会社法第449条第3項,https://contents.xj-storage.jp/xcontents/AS81911/c96e9576/b8e0/4803/a8ad/80a70c456c20/20260625102049954s.pdf,2026-07-14,2026-08-13,横浜市戸塚区上倉田町206-1,,2026-08-03T14:17:49+09:00,2026-08-13T06:58:28+09:00,2026-08-14T06:58:17+09:00
野村證券株式会社,のむらしょうけん,会社法第799条第3項,https://www.nomura.co.jp/guide/pdf/20260713.pdf,2026-07-14,2026-08-15,東京都中央区日本橋1-13-1,,2026-08-03T14:17:49+09:00,2026-08-15T06:48:26+09:00,2026-08-16T06:47:10+09:00
ＡＲＣＨＩＯＮ株式会社,あーちおん,会社法第449条第3項,https://archion.co.jp/media/20260714_archion_public_notice_JP.pdf,2026-07-14,2026-08-14,東京都品川区西品川1-1-1住友不動産大崎ガーデンタワー,,2026-08-03T14:17:49+09:00,2026-08-14T06:58:17+09:00,2026-08-15T06:48:26+09:00
サンメッセ株式会社,さんめっせ,会社法第201条第3項及び第4項,https://www.sunmesse.co.jp/ir/koukoku/20260714.pdf,2026-07-15,2026-08-03,岐阜県大垣市久瀬川町7-5-1,,2026-08-03T14:17:49+09:00,2026-08-03T15:26:28+09:00,2026-08-04T07:03:49+09:00
スズキ株式会社,すずき,会社法第201条第3項及び第4項,https://www.suzuki.co.jp/ir/koukoku/pdf/20260714.pdf,2026-07-15,2026-08-03,静岡県浜松市中央区高塚町300,,2026-08-03T14:17:49+09:00,2026-08-03T15:26:28+09:00,2026-08-04T07:03:49+09:00
テイクツー・インタラクティブ・ジャパン合同会社,ていくつーいんたらくてぃぶじゃぱん,資金決済に関する法律第20条第1項及び第2項並びに前払式支払手段に関する内閣府令第41条第2項,https://2kgames.jp/wp/wp-content/uploads/2026/07/MH0710.pdf,2026-07-15,2026-10-15,東京都渋谷区神宮前6-18-13,,2026-08-03T14:17:49+09:00,2026-09-05T06:43:22+09:00,
旭コンクリート工業株式会社,あさひこんくりーとこうぎょう,会社法第201条第3項及び第4項,https://www.asahi-concrete.co.jp/application/files/7317/8357/3283/5268_Zi_Ji_Zhu_Shi_noChu_Fen_niGuan_suruQu_Di_Yi_Hui_Jue_Yi_Gong_Gao_.pdf,2026-07-15,2026-08-07,東京都中央区築地1-8-2,,2026-08-03T14:17:49+09:00,2026-08-07T08:46:02+09:00,2026-08-08T06:55:28+09:00
株式会社インフキュリオン,いんふきゅりおん,会社法第449条第3項,https://pdf.irpocket.com/C438A/xoA3/SFxs/wrPf/qXvS.pdf,2026-07-15,2026-08-14,東京都千代田区麹町5-7-2ＭＦＰＲ麹町ビル7Ｆ,,2026-08-03T14:17:49+09:00,2026-08-14T06:58:17+09:00,2026-08-15T06:48:26+09:00
株式会社タックスナップ,たっくすなっぷ,会社法第449条第3項,https://material.taxnap.com/corporate_site/capital_reduction_announcement.pdf_20260701.pdf,2026-07-15,2026-08-14,東京都渋谷区東3-24-13,,2026-08-03T14:17:49+09:00,2026-08-14T06:58:17+09:00,2026-08-15T06:48:26+09:00
株式会社地域新聞社,ちいきしんぶんしゃ,会社法第124条第3項,https://ir.chiikinews.co.jp/wp/wp-content/uploads/2026/07/notice_20260714.pdf,2026-07-15,2026-08-10,千葉県八千代市勝田台北1-11-16,,2026-08-03T14:17:49+09:00,2026-08-10T06:52:06+09:00,2026-08-11T06:56:35+09:00
株式会社ＰＡＬＴＡＣ,ぱるたっく,会社法第179条の4第1項及び第2項,https://www.paltac.co.jp/pdf/ir/epub/20260715koukoku.pdf,2026-07-15,2026-08-13,大阪市中央区本町橋2-46,,2026-08-03T14:17:49+09:00,2026-08-13T06:58:28+09:00,2026-08-14T06:58:17+09:00
コインチェック株式会社,こいんちぇっく,資金決済に関する法律第63条の20第3項,https://assets-coincheck.s3.ap-northeast-1.amazonaws.com/uploads/faq/image/file/93650121-8836-46e8-8742-4ce876dd859a.pdf,2026-07-16,2026-08-14,東京都渋谷区桜丘町1-4,,2026-08-03T14:17:49+09:00,2026-08-14T06:58:17+09:00,2026-08-15T06:48:26+09:00
ビットトレード株式会社,びっととれーど,資金決済に関する法律第63条の20第3項,https://static.bittrade.co.jp/pdf/BOBA_FLR_XTZ_abolition.pdf,2026-07-16,2026-08-20,東京都港区西新橋1-1-1,,2026-08-03T14:17:49+09:00,2026-08-20T06:49:02+09:00,2026-08-21T06:49:45+09:00
フィードフォースグループ株式会社,ふぃーどふぉーすぐるーぷ,会社法第449条第3項,https://feedforcegroup.jp/upload/20260716_koukoku.pdf,2026-07-16,2026-08-17,東京都港区南青山1-2-6,,2026-08-03T14:17:49+09:00,2026-08-17T06:46:46+09:00,2026-08-18T06:48:51+09:00
ポラリス・ホールディングス株式会社,ぽらりすほーるでぃんぐす,会社法第799条第2項及び第3項,https://xml.irpocket.com/C3010/2026/notice2607.pdf,2026-07-16,2026-08-15,東京都中央区新川1-23-5,,2026-08-03T14:17:49+09:00,2026-08-15T06:48:26+09:00,2026-08-16T06:47:10+09:00
冨士ダイス株式会社,ふじだいす,会社法第201条第3項及び第4項,https://www.fujidie.co.jp/file-dl/electronic_public_notice/4,2026-07-16,2026-08-04,東京都大田区下丸子2-17-10,,2026-08-03T14:17:49+09:00,2026-08-04T07:03:49+09:00,2026-08-05T07:04:38+09:00
合同会社光住宅,ひかりじゅうたく,会社法第781条第2項において準用する会社法第779条第3項,https://www.hikarijutaku.com/wp-content/uploads/2026/07/koukoku.pdf,2026-07-16,2026-08-17,沖縄県那覇市前島3-25-2泊ポートビル1Ｆ,,2026-08-03T14:17:49+09:00,2026-08-17T06:46:46+09:00,2026-08-18T06:48:51+09:00
新東工業株式会社,しんとうこうぎょう,会社法第201条第3項及び第4項,https://www.sinto.co.jp/ir/koukoku/pdf/20260715.pdf,2026-07-16,2026-08-05,名古屋市中村区名駅3-28-12,,2026-08-03T14:17:49+09:00,2026-08-05T07:04:38+09:00,2026-08-06T07:05:07+09:00
株式会社テレビ朝日メディアプレックス,てれびあさひめでぃあぷれっくす,会社法第799条第3項,https://www.mediaplex.co.jp/company/pdf/dualix_20260715.pdf,2026-07-16,2026-08-17,東京都港区西麻布1-2-9,,2026-08-03T14:17:49+09:00,2026-08-17T06:46:46+09:00,2026-08-18T06:48:51+09:00
株式会社ハーモニック・ドライブ・システムズ,はーもにっくどらいぶしすてむず,会社法第201条第3項及び第4項,https://contents.xj-storage.jp/xcontents/AS06879/91581cd6/715d/45f7/8e0b/5a0a6957a670/20260625162402322s.pdf,2026-07-16,2026-08-06,東京都品川区南大井6-25-3,,2026-08-03T14:17:49+09:00,2026-08-06T07:05:07+09:00,2026-08-07T08:46:02+09:00
株式会社ランディックス,らんでぃっくす,会社法第449条第3項,https://contents.xj-storage.jp/xcontents/AS08903/bbde95a4/75c4/4e27/842b/a8a568646e4e/20260710111902872s.pdf,2026-07-16,2026-08-15,東京都世田谷区新町3-22-2,,2026-08-03T14:17:49+09:00,2026-08-15T06:48:26+09:00,2026-08-16T06:47:10+09:00
株式会社ｄｕａｌｉｘ,でゅありっくす,会社法第789条第3項,https://dualix.co.jp/wp/wp-content/uploads/2026/07/notice_20260715.pdf,2026-07-16,2026-08-17,東京都港区西麻布1-2-9,,2026-08-03T14:17:49+09:00,2026-08-17T06:46:46+09:00,2026-08-18T06:48:51+09:00
ＴＥＣＨ　ＣＲＥＷ株式会社,てっくくるー,会社法第449条第3項,https://www.techcrew.co.jp/20260715_TECH_CREW_koukoku.pdf,2026-07-16,2026-08-15,東京都港区港南1-8-15,,2026-08-03T14:17:49+09:00,2026-08-15T06:48:26+09:00,2026-08-16T06:47:10+09:00
ａｕフィナンシャルサービス株式会社,えーゆーふぃなんしゃるさーびす,資金決済に関する法律第47条第3号、資金決済に関する法律施行令第17条第2項第2号及び資金移動業者に関する内閣府令第23条,https://www.aufs.co.jp/company/legal/koukoku20260716.pdf,2026-07-16,2026-08-15,東京都港区高輪2-21-1,,2026-08-03T14:17:49+09:00,2026-08-15T06:48:26+09:00,2026-08-16T06:47:10+09:00
アミフィアブル株式会社,あみふぃあぶる,会社法第449条第3項,https://www.amifiable.co.jp/amifiable/wp-content/uploads/2026/07/genshi_2026-717.pdf,2026-07-17,2026-08-19,東京都目黒区下目黒1-8-1ＡＲＣＯＴＯＷＥＲ6階,,2026-08-03T14:17:49+09:00,2026-08-19T06:48:00+09:00,2026-08-20T06:49:02+09:00
ウエルシアパートナーズ株式会社,うえるしあぱーとなーず,会社法第799条第3項,https://www.welcia-partners.co.jp/cms/wp-content/themes/welciapartners/assets/pdf/20260716_publicnotice_welciapartners.pdf,2026-07-17,2026-08-17,東京都豊島区北大塚1-12-15,,2026-08-03T14:17:49+09:00,2026-08-17T06:46:46+09:00,2026-08-18T06:48:51+09:00
ウエルシア介護サービス株式会社,うえるしあかいごさーびす,会社法第789条第3項,https://www.welcia-kaigo.co.jp/wp-content/uploads/2024/05/92d86f3967dd09f04217cb4047b86643.pdf,2026-07-17,2026-08-17,茨城県つくば市稲荷前8-1布川ビル2階,,2026-08-03T14:17:49+09:00,2026-08-17T06:46:46+09:00,2026-08-18T06:48:51+09:00
シュッピン株式会社,しゅっぴん,会社法第124条第3項,https://www.syuppin.co.jp/assets/uploads/2026/07/koukoku20260716.pdf,2026-07-17,2026-08-04,東京都新宿区西新宿1-14-11,,2026-08-03T14:17:49+09:00,2026-08-04T07:03:49+09:00,2026-08-05T07:04:38+09:00
テルモ株式会社,てるも,会社法第240条第2項及び第3項,https://www.terumo.co.jp/sites/g/files/qlpvch151/files/document/2026-07/PublicNotice_Issurance_ShareWarrants_202607.pdf,2026-07-17,2026-08-04,東京都渋谷区幡ケ谷2-44-1,,2026-08-03T14:17:49+09:00,2026-08-04T07:03:49+09:00,2026-08-05T07:04:38+09:00
デリカフーズホールディングス株式会社,でりかふーずほーるでぃんぐす,会社法第201条第3項及び第4項,https://www.delica.co.jp/data/20260717.pdf,2026-07-17,2026-08-12,東京都足立区六町4-12-12,,2026-08-03T14:17:49+09:00,2026-08-12T06:59:06+09:00,2026-08-13T06:58:28+09:00
ライフネット生命保険株式会社,らいふねっとせいめいほけん,会社法第201条第3項及び第4項,https://ir.lifenet-seimei.co.jp/ja/announcement/main/00/teaserItems1/0/linkList/0/link/20260715_hoteikokoku.pdf,2026-07-17,2026-08-07,東京都千代田区二番町5-25,,2026-08-03T14:17:49+09:00,2026-08-07T08:46:02+09:00,2026-08-08T06:55:28+09:00
リンテック株式会社,りんてっく,会社法第201条第3項及び第4項,https://www.lintec.co.jp/ir/stock/pdf/koukoku_260716.pdf,2026-07-17,2026-08-05,東京都板橋区本町23-23,,2026-08-03T14:17:49+09:00,2026-08-05T07:04:38+09:00,2026-08-06T07:05:07+09:00
レオン自動機株式会社,れおんじどうき,会社法第201条第3項及び第4項,https://www.rheon.com/wp/wp-content/uploads/2026/07/82f0cc41bf41eae3e708ca7cc551f24b.pdf,2026-07-17,2026-08-06,栃木県宇都宮市野沢町2-3,,2026-08-03T14:17:49+09:00,2026-08-06T07:05:07+09:00,2026-08-07T08:46:02+09:00
売れるネット広告社グループ株式会社,うれるねっとこうこくしゃぐるーぷ,会社法第816条の6第3項及び第4項,https://contents.xj-storage.jp/xcontents/AS04786/20041445/b68d/46eb/8c2a/9b4c5a9b5569/20260709155135549s.pdf,2026-07-17,2026-08-10,福岡市早良区百道浜2-3-8,,2026-08-03T14:17:49+09:00,2026-08-10T06:52:06+09:00,2026-08-11T06:56:35+09:00
売れるネット広告社グループ株式会社,うれるねっとこうこくしゃぐるーぷ,会社法第797条第3項及び第4項,https://contents.xj-storage.jp/xcontents/AS04786/0427a2c0/bd89/4437/9e01/fd7baa98e9ea/20260709154907163s.pdf,2026-07-17,2026-08-10,福岡市早良区百道浜2-3-8,,2026-08-03T14:17:49+09:00,2026-08-10T06:52:06+09:00,2026-08-11T06:56:35+09:00
売れるネット広告社グループ株式会社,うれるねっとこうこくしゃぐるーぷ,会社法第816条の6第3項及び第4項,https://contents.xj-storage.jp/xcontents/AS04786/9566f95e/bbe1/4c2d/a216/e80c28bac6c7/20260709155301089s.pdf,2026-07-17,2026-08-10,福岡市早良区百道浜2-3-8,,2026-08-03T14:17:49+09:00,2026-08-10T06:52:06+09:00,2026-08-11T06:56:35+09:00
東亜ディーケーケー株式会社,とうあでぃーけーけー,会社法第201条第3項及び第4項,https://www.toadkk.co.jp/ir/cpbmpe00000004k9-att/20260715.pdf,2026-07-17,2026-08-04,東京都新宿区高田馬場1-29-10,,2026-08-03T14:17:49+09:00,2026-08-04T07:03:49+09:00,2026-08-05T07:04:38+09:00
株式会社エスティック,えすてぃっく,会社法第201条第3項及び第4項,https://www.estic.co.jp/files/img/ir/koukoku/pdf/koukoku20260716.pdf,2026-07-17,2026-08-04,大阪府守口市東郷通1-2-16,,2026-08-03T14:17:49+09:00,2026-08-04T07:03:49+09:00,2026-08-05T07:04:38+09:00
株式会社ジェイ・エム・エス,じぇいえむえす,会社法第201条第3項及び第4項,https://www.jms.cc/ir/press_release/denshi_260716.pdf,2026-07-17,2026-08-05,広島市中区加古町12-17,,2026-08-03T14:17:49+09:00,2026-08-05T07:04:38+09:00,2026-08-06T07:05:07+09:00
株式会社セキュア,せきゅあ,会社法第201条第3項及び第4項,https://contents.xj-storage.jp/xcontents/AS02669/f32948d1/ebc2/460f/8bc7/703c2629fbb3/20260710100408884s.pdf,2026-07-17,2026-08-03,東京都新宿区西新宿2-6-1,,2026-08-03T14:17:49+09:00,2026-08-03T15:26:28+09:00,2026-08-04T07:03:49+09:00
株式会社ソラスト,そらすと,会社法第449条第2項及び第3項,https://kmasterplus.pronexus.co.jp/release/26393833/1228121.pdf,2026-07-17,2026-08-17,東京都港区港南2-15-3,,2026-08-03T14:17:49+09:00,2026-08-17T06:46:46+09:00,2026-08-18T06:48:51+09:00
株式会社ＡＮＡＰホールディングス,あなっぷほーるでぃんぐす,会社法第124条第3項,https://kmasterplus.pronexus.co.jp/release/26394127/1228130.pdf,2026-07-17,2026-08-04,東京都港区南青山4-20-19,,2026-08-03T14:17:49+09:00,2026-08-04T07:03:49+09:00,2026-08-05T07:04:38+09:00
西武信用金庫,せいぶしんようきんこ,民間公益活動を促進するための休眠預金等に係る資金の活用に関する法律第3条第1項,https://www.shinkin.co.jp/seibu/about/outline/important/pdf/kyumin_koukoku2026.pdf,2026-07-17,2026-09-30,東京都中野区中野2-29-10,,2026-08-03T14:17:49+09:00,2026-09-05T06:43:22+09:00,
高圧ガス工業株式会社,こうあつがすこうぎょう,会社法第799条第2項及び第3項,https://www.koatsugas.co.jp/catalogue/ir/gappeikoukoku.pdf,2026-07-17,2026-08-17,大阪市北区中崎西2-4-12,,2026-08-03T14:17:49+09:00,2026-08-17T06:46:46+09:00,2026-08-18T06:48:51+09:00
高圧ガス工業株式会社,こうあつがすこうぎょう,会社法第797条第3項及び第4項,https://www.koatsugas.co.jp/catalogue/ir/gappeikoukoku.pdf,2026-07-17,2026-08-31,大阪市北区中崎西2-4-12,,2026-08-03T14:17:49+09:00,2026-08-31T06:43:15+09:00,2026-09-01T06:43:15+09:00
高砂香料工業株式会社,たかさごこうりょうこうぎょう,会社法第201条第3項及び第4項,https://assets.takasago.com/prod/default/s3fs-public/2026-07/koukoku20260713.pdf,2026-07-17,2026-08-03,東京都大田区蒲田5-37-1,,2026-08-03T14:17:49+09:00,2026-08-03T15:26:28+09:00,2026-08-04T07:03:49+09:00
ＤＯＷＡホールディングス株式会社,どうわほーるでぃんぐす,会社法第201条第3項及び第4項,https://hd.dowa.co.jp/ja/ir/stock/notification/main/02/teaserItems1/0/linkList/0/link/koukoku.pdf,2026-07-17,2026-08-03,東京都千代田区外神田4-14-1,,2026-08-03T14:17:49+09:00,2026-08-03T15:26:28+09:00,2026-08-04T07:03:49+09:00
ＺＡＣＲＯＳ株式会社,ざくろす,会社法第201条第3項及び第4項,https://kmasterplus.pronexus.co.jp/release/26393077/1228127.pdf,2026-07-17,2026-08-03,東京都文京区小石川1-1-1,,2026-08-03T14:17:49+09:00,2026-08-03T15:26:28+09:00,2026-08-04T07:03:49+09:00
アイサンテクノロジー株式会社,あいさんてくのろじー,会社法第201条第3項及び第4項,https://www.aisantec.co.jp/wp-content/uploads/2026/07/announcement-pdf09.pdf,2026-07-18,2026-08-08,名古屋市中区錦3-7-14ＡＴビル,,2026-08-03T14:17:49+09:00,2026-08-08T06:55:28+09:00,2026-08-09T06:50:47+09:00
リーダー電子株式会社,りーだーでんし,会社法第201条第3項及び第4項,https://www.leader.co.jp/uploads/2026/07/n-20260716.pdf,2026-07-18,2026-08-05,横浜市港北区綱島東2-6-33,,2026-08-03T14:17:49+09:00,2026-08-05T07:04:38+09:00,2026-08-06T07:05:07+09:00
東邦アセチレン株式会社,とうほうあせちれん,会社法第201条第3項及び第4項,https://www.toho-ace.co.jp/ir/info/424/20260717/r08_0717_report.pdf,2026-07-18,2026-08-03,宮城県多賀城市栄2-3-32,,2026-08-03T14:17:49+09:00,2026-08-03T15:26:28+09:00,2026-08-04T07:03:49+09:00
東邦ビル株式会社,とうほうびる,会社法第789条第3項,https://tohojoho.jp/koukoku/buil/affkoukoku01.pdf,2026-07-18,2026-08-17,福島市大町4-4,,2026-08-03T14:17:49+09:00,2026-08-17T06:46:46+09:00,2026-08-18T06:48:51+09:00
東邦土地建物株式会社,とうほうとちたてもの,会社法第789条第3項,https://tohojoho.jp/koukoku/toti/koukoku01.pdf,2026-07-18,2026-08-17,福島市大町4-4,,2026-08-03T14:17:49+09:00,2026-08-17T06:46:46+09:00,2026-08-18T06:48:51+09:00
株式会社アルファクス・フード・システム,あるふぁくすふーどしすてむ,会社法第449条第3項,https://www.afs.co.jp/category/ir/PDF/260716_j10611.pdf,2026-07-18,2026-08-17,山口県宇部市西本町2-14-30,,2026-08-03T14:17:49+09:00,2026-08-17T06:46:46+09:00,2026-08-18T06:48:51+09:00
株式会社イエローハット,いえろーはっと,会社法第201条第3項及び第4項,https://contents.xj-storage.jp/xcontents/98820/d61a5f26/13f5/4661/bbb0/38ad78baf233/20260710103908508s.pdf,2026-07-18,2026-08-05,東京都大田区北千束1-4-6,,2026-08-03T14:17:49+09:00,2026-08-05T07:04:38+09:00,2026-08-06T07:05:07+09:00
株式会社コノセル,このせる,会社法第449条第3項,https://k.secure.freee.co.jp/companies/216879/announces/37642,2026-07-18,2026-08-17,東京都新宿区西新宿7-1-12クロスオフィス新宿503号室,,2026-08-03T14:17:49+09:00,2026-08-17T06:46:46+09:00,2026-08-18T06:48:51+09:00
株式会社ユニリタ,ゆにりた,会社法第201条第3項及び第4項,https://www.unirita.co.jp/dcms_media/other/260717_koukoku.pdf,2026-07-18,2026-08-04,東京都港区港南2-15-1,,2026-08-03T14:17:49+09:00,2026-08-04T07:03:49+09:00,2026-08-05T07:04:38+09:00
株式会社ワコム,わこむ,会社法第201条第3項及び第4項,https://contents.xj-storage.jp/xcontents/AS95168/d4e1a7a4/116c/47fe/b992/f0514697097f/20230713184840853s.pdf,2026-07-18,2026-08-03,埼玉県加須市豊野台2-510-1,,2026-08-03T14:17:49+09:00,2026-08-03T15:26:28+09:00,2026-08-04T07:03:49+09:00
株式会社京樽,きょうたる,会社法第449条第2項及び第3項,https://www.kyotaru.co.jp/corporate/pdf/20260717_notice_koukoku.pdf,2026-07-18,2026-08-17,東京都中央区日本橋人形町2-7-5,,2026-08-03T14:17:49+09:00,2026-08-17T06:46:46+09:00,2026-08-18T06:48:51+09:00
森永乳業株式会社,もりながにゅうぎょう,会社法第201条第3項及び第4項,https://www.morinagamilk.co.jp/ir/stock/pdf_publish/20260717koukoku.pdf,2026-07-18,2026-08-10,東京都港区東新橋1-5-2,,2026-08-03T14:17:49+09:00,2026-08-10T06:52:06+09:00,2026-08-11T06:56:35+09:00
神島化学工業株式会社,こうのしまかがくこうぎょう,会社法第201条第3項及び第4項,https://www.konoshima.co.jp/koukoku/file/koukoku260717.pdf,2026-07-18,2026-08-03,大阪市中央区今橋4-4-7,,2026-08-03T14:17:49+09:00,2026-08-03T15:26:28+09:00,2026-08-04T07:03:49+09:00
福島商事株式会社,ふくしましょうじ,会社法第799条第3項,https://www.fukushimashoji.co.jp/cms/shoji/wp-content/uploads/2026/07/koukoku_20260717.pdf,2026-07-18,2026-08-17,福島市大町4-4,,2026-08-03T14:17:49+09:00,2026-08-13T06:58:28+09:00,2026-08-14T06:58:17+09:00
福島商事株式会社,ふくしましょうじ,会社法第799条第3項,https://www.fukushimashoji.co.jp/cms/shoji/wp-content/uploads/2026/08/koukoku_20260717.pdf,2026-07-18,2026-08-17,福島市大町4-4,,2026-08-14T06:58:17+09:00,2026-08-17T06:46:46+09:00,2026-08-18T06:48:51+09:00
綜研化学株式会社,そうけんかがく,会社法第201条第3項及び第4項,https://contents.xj-storage.jp/xcontents/AS03388/a050b785/7d48/43c1/be51/dd41d03c1f1a/20260708101740097s.pdf,2026-07-18,2026-08-06,東京都豊島区高田3-29-5,,2026-08-03T14:17:49+09:00,2026-08-06T07:05:07+09:00,2026-08-07T08:46:02+09:00
ＡＩＡＩグループ株式会社,あいあいぐるーぷ,会社法第201条第3項及び第4項,https://aiai-group.co.jp/cms/wp-content/uploads/2026/07/260717_board-resolution.pdf,2026-07-18,2026-08-03,東京都墨田区錦糸1-2-1,,2026-08-03T14:17:49+09:00,2026-08-03T15:26:28+09:00,2026-08-04T07:03:49+09:00
ＮＩＳＳＯホールディングス株式会社,にっそーほーるでぃんぐす,会社法第201条第3項及び第4項,https://kmasterplus.pronexus.co.jp/release/26394314/1228124.pdf,2026-07-18,2026-08-04,横浜市港北区新横浜1-4-1,,2026-08-03T14:17:49+09:00,2026-08-04T07:03:49+09:00,2026-08-05T07:04:38+09:00
神田通信機株式会社,かんだつうしんき,会社法第201条第3項及び第4項,https://www.kandt.co.jp/uploads/koukoku20260717.pdf,2026-07-19,2026-08-03,東京都千代田区神田錦町1-19-1,,2026-08-03T14:17:49+09:00,2026-08-03T15:26:28+09:00,2026-08-04T07:03:49+09:00
ソニーグループ株式会社,そにーぐるーぷ,会社法第201条第3項及び第4項,https://www.sony.com/ja/SonyInfo/IR/pn/RSU.pdf,2026-07-20,2026-08-03,東京都港区港南1-7-1,,2026-08-03T14:17:49+09:00,2026-08-03T15:26:28+09:00,2026-08-04T07:03:49+09:00
ドリームベッド株式会社,どりーむべっど,会社法第201条第3項及び第4項,https://ir.dreambed.co.jp/ja/ir/announce/main/00/teaserItems1/0/linkList/05/link/yakuinnmukejikokabusiki.pdf,2026-07-20,2026-08-07,広島市西区己斐本町3-12-39,,2026-08-03T14:17:49+09:00,2026-08-07T08:46:02+09:00,2026-08-08T06:55:28+09:00
林兼産業株式会社,はやしかねさんぎょう,会社法第201条第3項及び第4項,http://www.hayashikane.co.jp/ir/notice/houteikoukoku_2026.pdf,2026-07-20,2026-08-07,山口県下関市大和町2-4-8,,2026-08-03T14:17:49+09:00,2026-08-07T08:46:02+09:00,2026-08-08T06:55:28+09:00
株式会社クレスコ,くれすこ,会社法第201条第3項及び第4項,https://www.cresco.co.jp/ja/ir/library/notice/main/00/teaserItems1/0/linkList/012/link/260717_ir.pdf,2026-07-20,2026-08-07,東京都港区港南2-15-1,,2026-08-03T14:17:49+09:00,2026-08-07T08:46:02+09:00,2026-08-08T06:55:28+09:00
株式会社メニコン,めにこん,会社法第240条第2項及び第3項,https://contents.xj-storage.jp/xcontents/AS08353/18de7bf1/a9ea/46de/b03f/79300ef8e7e2/20260624171251141s.pdf,2026-07-20,2026-08-03,名古屋市中区葵3-21-19,,2026-08-03T14:17:49+09:00,2026-08-03T15:26:28+09:00,2026-08-04T07:03:49+09:00
株式会社ＮＩＴＴＡＮ,にったん,会社法第201条第3項及び第4項,https://contents.xj-storage.jp/xcontents/AS05830/7e17fc46/a365/4a2f/9ebf/d5ca0b8b9e54/20260623105725621s.pdf,2026-07-20,2026-08-05,神奈川県秦野市曽屋518,,2026-08-03T14:17:49+09:00,2026-08-05T07:04:38+09:00,2026-08-06T07:05:07+09:00
クワザワホールディングス株式会社,くわざわほーるでぃんぐす,会社法第201条第3項及び第4項,https://www.kuwazawa-hd.co.jp/cms/wp-content/uploads/2026/07/koukoku20260717.pdf,2026-07-21,2026-08-07,札幌市白石区中央二条7-1-1,,2026-08-03T14:17:49+09:00,2026-08-07T08:46:02+09:00,2026-08-08T06:55:28+09:00
サンコーテクノ株式会社,さんこーてくの,会社法第201条第3項及び第4項,https://sanko-techno.co.jp/wp-content/uploads/2026/07/20260721.pdf,2026-07-21,2026-08-06,千葉県流山市南流山3-10-16,,2026-08-03T14:17:49+09:00,2026-08-06T07:05:07+09:00,2026-08-07T08:46:02+09:00
ハウス食品グループ本社株式会社,はうすしょくひんぐるーぷほんしゃ,会社法第201条第3項及び第4項,https://housefoods-group.com/ir/announcement/pdf/20260717_denshikoukoku.pdf,2026-07-21,2026-08-05,大阪府東大阪市御厨栄町1-5-7,,2026-08-03T14:17:49+09:00,2026-08-05T07:04:38+09:00,2026-08-06T07:05:07+09:00
マックス株式会社,まっくす,会社法第201条第3項及び第4項,https://www.max-ltd.co.jp/about/ir/upload_file/m082-/koukoku_20260721.pdf,2026-07-21,2026-08-07,東京都中央区日本橋箱崎町6-6,,2026-08-03T14:17:49+09:00,2026-08-07T08:46:02+09:00,2026-08-08T06:55:28+09:00
中央自動車工業株式会社,ちゅうおうじどうしゃこうぎょう,会社法第201条第3項及び第4項,https://www.central-auto.co.jp/ja/ir/announce/main/00/teaserItems1/0/linkList/02/link/20260710_koukokuSS.pdf,2026-07-21,2026-08-05,大阪市北区中之島4-2-30,,2026-08-03T14:17:49+09:00,2026-08-05T07:04:38+09:00,2026-08-06T07:05:07+09:00
山洋電気株式会社,さんようでんき,会社法第201条第3項及び第4項,https://contents.xj-storage.jp/xcontents/AS02420/8e25ddf7/5639/4263/80bf/ec234781a803/20260617173646773s.pdf,2026-07-21,2026-08-06,東京都豊島区南大塚3-33-1,,2026-08-03T14:17:49+09:00,2026-08-06T07:05:07+09:00,2026-08-07T08:46:02+09:00
株式会社テノックス,てのっくす,会社法第201条第3項及び第4項,https://kmasterplus.pronexus.co.jp/release/26391231/1228123.pdf,2026-07-21,2026-08-05,東京都港区芝5-25-11,,2026-08-03T14:17:49+09:00,2026-08-05T07:04:38+09:00,2026-08-06T07:05:07+09:00
株式会社メタルアート,めたるあーと,会社法第124条第3項,https://www.metalart.co.jp/pdf_save/6a54af48e8d8d.pdf,2026-07-21,2026-08-05,滋賀県草津市野路3-2-18,,2026-08-03T14:17:49+09:00,2026-08-05T07:04:38+09:00,2026-08-06T07:05:07+09:00
株式会社佐渡島,さどしま,会社法第449条第3項,https://sadoshima.com/data/denshi-kokoku2026-2.pdf,2026-07-21,2026-08-21,大阪市中央区島之内1-16-19,,2026-08-03T14:17:49+09:00,2026-08-21T06:49:45+09:00,2026-08-22T06:48:10+09:00
株式会社小肥羊ジャパン,しゃおふぇいやんじゃぱん,会社法第810条第3項,https://xfy.co.jp/wp-content/uploads/2026/07/shinsetsubunkatsu.pdf,2026-07-21,2026-08-21,東京都港区赤坂2-11-2,,2026-08-03T14:17:49+09:00,2026-08-21T06:49:45+09:00,2026-08-22T06:48:10+09:00
株式会社ＭＯＮＯ‐Ｘ,ものえっくす,会社法第799条第2項及び第3項,https://mono-x.com/wp-content/uploads/ir/2026_07_21_notice_of_merger.pdf,2026-07-21,2026-08-21,東京都港区六本木6-10-1六本木ヒルズ森タワー17階,,2026-08-03T14:17:49+09:00,2026-08-21T06:49:45+09:00,2026-08-22T06:48:10+09:00
株式会社ＭＳ−Ｊａｐａｎ,えむえすじゃぱん,会社法第201条第3項及び第4項,https://ir.jmsc.co.jp/announce/main/0/teaserItems1/0/linkList/0/link/koukoku0714.pdf,2026-07-21,2026-08-06,東京都千代田区富士見2-10-2飯田橋グラン・ブルーム,,2026-08-03T14:17:49+09:00,2026-08-06T07:05:07+09:00,2026-08-07T08:46:02+09:00
アルコニックス株式会社,あるこにっくす,会社法第201条第3項及び第4項,https://www.alconix.com/assets/docs/ir/koukoku_260710.pdf,2026-07-22,2026-08-05,東京都千代田区永田町2-11-1,,2026-08-03T14:17:49+09:00,2026-08-05T07:04:38+09:00,2026-08-06T07:05:07+09:00
エクシオ物流サービス株式会社,えくしおぶつりゅうさーびす,会社法第789条第3項,https://www.exeobs.jp/_p/acre/15070/documents/20260721-gappei.pdf,2026-07-22,2026-08-21,東京都板橋区板橋4-4-1,,2026-08-03T14:17:49+09:00,2026-08-21T06:49:45+09:00,2026-08-22T06:48:10+09:00
オーウエル株式会社,おーうえる,会社法第201条第3項及び第4項,https://contents.xj-storage.jp/xcontents/AS00965/f8da4cdd/823f/4863/86d9/cdf0f5b8ed65/20260714180055095s.pdf,2026-07-22,2026-08-06,大阪市西淀川区御幣島5-13-9,,2026-08-03T14:17:49+09:00,2026-08-06T07:05:07+09:00,2026-08-07T08:46:02+09:00
カラフルキャスティング株式会社,からふるきゃすてぃんぐ,会社法第449条第3項,https://about.colorfulcast.com/wp-content/uploads/2026/07/genshi_202608.pdf,2026-07-22,2026-08-21,東京都渋谷区渋谷2-21-1渋谷ヒカリエ33F,,2026-08-03T14:17:49+09:00,2026-08-21T06:49:45+09:00,2026-08-22T06:48:10+09:00
サノヤスホールディングス株式会社,さのやすほーるでぃんぐす,会社法第201条第3項及び第4項,https://www.sanoyas.co.jp/ir/publicnotice/20260722.pdf,2026-07-22,2026-08-07,大阪市北区中之島3-3-23,,2026-08-03T14:17:49+09:00,2026-08-07T08:46:02+09:00,2026-08-08T06:55:28+09:00
ジャフコグループ株式会社,じゃふこぐるーぷ,会社法第201条第3項及び第4項,https://files.microcms-assets.io/assets/7798ce6bfa604ee386c8c5f17deb4d5e/ee8a2b2d0cab44c985560378412610c2/koukoku_20260722.pdf,2026-07-22,2026-08-06,東京都港区虎ノ門1-23-1,,2026-08-03T14:17:49+09:00,2026-08-06T07:05:07+09:00,2026-08-07T08:46:02+09:00
ヤマエグループホールディングス株式会社,やまえぐるーぷほーるでぃんぐす,会社法第201条第3項及び第4項,https://www.yamaegroup-hd.co.jp/ir/announcement/koukoku_20260721.pdf,2026-07-22,2026-08-05,福岡市博多区博多駅東2-13-34,,2026-08-03T14:17:49+09:00,2026-08-05T07:04:38+09:00,2026-08-06T07:05:07+09:00
リックス株式会社,りっくす,会社法第201条第3項及び第4項,https://www.rix.co.jp/assets/pdf/ir/support/denshi/denshi_05.pdf,2026-07-22,2026-08-05,福岡市博多区東比恵1-4-10,,2026-08-03T14:17:49+09:00,2026-08-05T07:04:38+09:00,2026-08-06T07:05:07+09:00
三洋工業株式会社,さんようこうぎょう,会社法第201条第3項及び第4項,https://contents.xj-storage.jp/xcontents/AS02370/71245e1f/06f2/44fa/8f3d/76e8bfd133e2/20260624152547365s.pdf,2026-07-22,2026-08-07,東京都墨田区太平2-9-4,,2026-08-03T14:17:49+09:00,2026-08-07T08:46:02+09:00,2026-08-08T06:55:28+09:00
京都中央信用金庫,きょうとちゅうおうしんようきんこ,民間公益活動を促進するための休眠預金等に係る資金の活用に関する法律第3条第1項,https://www.chushin.co.jp/cms_source/files/2026.7kyumin.pdf,2026-07-22,2026-09-21,京都市下京区四条通室町東入函谷鉾町91,,2026-08-03T14:17:49+09:00,2026-09-05T06:43:22+09:00,
大崎電気工業株式会社,おおさきでんきこうぎょう,会社法第201条第3項及び第4項,https://www.osaki.co.jp/ja/ir/announce/main/0/teaserItems1/0/linkList/0/link/rs2026koukoku.pdf,2026-07-22,2026-08-06,東京都品川区東五反田2-10-2,,2026-08-03T14:17:49+09:00,2026-08-06T07:05:07+09:00,2026-08-07T08:46:02+09:00
太平洋セメント株式会社,たいへいようせめんと,会社法第201条第3項及び第4項,https://www.taiheiyo-cement.co.jp/ir/bs/koukoku260722.pdf,2026-07-22,2026-08-18,東京都文京区小石川1-1-1,,2026-08-03T14:17:49+09:00,2026-08-18T06:48:51+09:00,2026-08-19T06:48:00+09:00
日本坩堝株式会社,にほんるつぼ,会社法第201条第3項及び第4項,https://kmasterplus.pronexus.co.jp/release/26394442/1228132.pdf,2026-07-22,2026-08-06,東京都渋谷区恵比寿1-21-3,,2026-08-03T14:17:49+09:00,2026-08-06T07:05:07+09:00,2026-08-07T08:46:02+09:00
株式会社イノベーション,いのべーしょん,会社法第201条第3項及び第4項,https://contents.xj-storage.jp/xcontents/AS03901/9ac950cb/103a/4eff/885d/3eb584050bd1/20260721121223576s.pdf,2026-07-22,2026-08-06,東京都渋谷区渋谷3-10-13,,2026-08-03T14:17:49+09:00,2026-08-06T07:05:07+09:00,2026-08-07T08:46:02+09:00
株式会社クラフ,くらふ,会社法第789条第2項及び第3項,https://kraf.jp/wp-content/uploads/2026/07/koukoku-20260721.pdf,2026-07-22,2026-08-21,宮崎市老松2-2-22,,2026-08-03T14:17:49+09:00,2026-08-21T06:49:45+09:00,2026-08-22T06:48:10+09:00
株式会社シーキューブトータルサービス,しーきゅーぶとーたるさーびす,会社法第799条第3項,https://c-cubets.co.jp/wp-content/uploads/2026/07/20260721-gappei.pdf,2026-07-22,2026-08-21,愛知県北名古屋市法成寺松の木18,,2026-08-03T14:17:49+09:00,2026-08-21T06:49:45+09:00,2026-08-22T06:48:10+09:00
株式会社タクミナ,たくみな,会社法第201条第3項及び第4項,https://www.tacmina.co.jp/system/files/system/announcement/20260722.pdf,2026-07-22,2026-08-06,大阪市中央区淡路町2-2-14,,2026-08-03T14:17:49+09:00,2026-08-06T07:05:07+09:00,2026-08-07T08:46:02+09:00
株式会社マスラボ,ますらぼ,会社法第789条第2項及び第3項,https://www.maslab.jp/assets/pdf/koukoku-20260721.pdf,2026-07-22,2026-08-21,東京都渋谷区代々木3-22-7,,2026-08-03T14:17:49+09:00,2026-08-21T06:49:45+09:00,2026-08-22T06:48:10+09:00
株式会社ヨータイ,よーたい,会社法第201条第3項及び第4項,https://www.yotai.co.jp/pdf/koukoku202607.pdf,2026-07-22,2026-08-07,大阪府貝塚市二色中町8-1,,2026-08-03T14:17:49+09:00,2026-08-07T08:46:02+09:00,2026-08-08T06:55:28+09:00
株式会社全国旅館会館,ぜんこくりょかんかいかん,会社法第198条第1項,http://www.zenkokuryokankaikan.co.jp/fumei_2026.pdf,2026-07-22,2026-10-31,東京都千代田区平河町2-5-5,,2026-08-03T14:17:49+09:00,2026-09-05T06:43:22+09:00,
株式会社和井田製作所,わいだせいさくしょ,会社法第201条第3項及び第4項,https://www.waida.co.jp/_wp/wp-content/uploads/2026/07/20260722.pdf,2026-07-22,2026-08-07,岐阜県高山市片野町2121,,2026-08-03T14:17:49+09:00,2026-08-07T08:46:02+09:00,2026-08-08T06:55:28+09:00
株式会社ＤＡＹＳＩＯ,でいじお,会社法第449条第3項,https://ir.mti.co.jp/public_notice/2026/20260722_DS.pdf,2026-07-22,2026-08-21,東京都新宿区西新宿3-20-2,,2026-08-03T14:17:49+09:00,2026-08-21T06:49:45+09:00,2026-08-22T06:48:10+09:00
株式会社ＪＢイレブン,じぇーびーいれぶん,会社法第201条第3項及び第4項,https://www.jb11.co.jp/pdf/kabushikiboshu_260721.pdf,2026-07-22,2026-08-05,名古屋市緑区桶狭間切戸2217,,2026-08-03T14:17:49+09:00,2026-08-05T07:04:38+09:00,2026-08-06T07:05:07+09:00
株式会社ＳＨＩＦＴ,しふと,会社法第799条第2項及び第3項,https://contents.xj-storage.jp/xcontents/AS95685/21186783/0b8f/4277/82ab/0601c4e1dd62/20260625141656210s.pdf,2026-07-22,2026-08-31,東京都港区麻布台1-3-1,,2026-08-03T14:17:49+09:00,2026-08-31T06:43:15+09:00,2026-09-01T06:43:15+09:00
株式会社ＳＨＩＦＴ,しふと,会社法第797条第3項及び第4項,https://contents.xj-storage.jp/xcontents/AS95685/21186783/0b8f/4277/82ab/0601c4e1dd62/20260625141656210s.pdf,2026-07-22,2026-08-31,東京都港区麻布台1-3-1,,2026-08-03T14:17:49+09:00,2026-08-31T06:43:15+09:00,2026-09-01T06:43:15+09:00
株式会社ＳＨＩＦＴ　ＳＥＣＵＲＩＴＹ,しふとせきゅりてぃ,会社法第789条第2項及び第3項,https://www.shiftsecurity.jp/assets/pdf/koukoku-20260721.pdf,2026-07-22,2026-08-21,東京都渋谷区代々木3-22-7,,2026-08-03T14:17:49+09:00,2026-08-21T06:49:45+09:00,2026-08-22T06:48:10+09:00
神戸天然物化学株式会社,こうべてんねんぶつかがく,会社法第201条第3項及び第4項,https://kncweb-apbk.movabletype.biz/topics_20260722-1.pdf,2026-07-22,2026-08-07,神戸市中央区港島南町7-1-19,,2026-08-03T14:17:49+09:00,2026-08-07T08:46:02+09:00,2026-08-08T06:55:28+09:00
竹田ｉＰホールディングス株式会社,たけだあいぴーほーるでぃんぐす,会社法第201条第3項及び第4項,https://www.takedaip-hd.co.jp/pdf/ir/public/koukoku260716.pdf,2026-07-22,2026-08-10,名古屋市昭和区白金1-11-10,,2026-08-03T14:17:49+09:00,2026-08-10T06:52:06+09:00,2026-08-11T06:56:35+09:00
西川ゴム工業株式会社,にしかわごむこうぎょう,会社法第201条第3項及び第4項,https://www.nishikawa-rbr.co.jp/upfile/20260722_denshikoukoku.pdf,2026-07-22,2026-08-07,広島市西区三篠町2-2-8,,2026-08-03T14:17:49+09:00,2026-08-07T08:46:02+09:00,2026-08-08T06:55:28+09:00
鴻池運輸株式会社,こうのいけうんゆ,会社法第201条第3項及び第4項,https://kmasterplus.pronexus.co.jp/release/26396863/1228141.pdf,2026-07-22,2026-08-06,大阪市中央区伏見町4-3-9,,2026-08-03T14:17:49+09:00,2026-08-06T07:05:07+09:00,2026-08-07T08:46:02+09:00
Ｓｉｘ　Ｗａｖｅｓ　Ｐａｙｍｅｎｔ株式会社,しっくすうぇーぶすぺいめんと,資金決済に関する法律第20条第2項,https://paymentkk.6waves.com/pdf/shuushin_6w.pdf,2026-07-22,2026-09-20,東京都千代田区霞が関3-2-6東京倶楽部ビルディング11階,,2026-08-03T14:17:49+09:00,2026-09-05T06:43:22+09:00,
ＶＴホールディングス株式会社,ぶいてぃほーるでぃんぐす,会社法第201条第3項及び第4項,https://www.vt-holdings.co.jp/ir/pdf/koukoku/koukoku_2026-07-21.pdf,2026-07-22,2026-08-05,名古屋市中区錦3-10-32,,2026-08-03T14:17:49+09:00,2026-08-05T07:04:38+09:00,2026-08-06T07:05:07+09:00
アイエックス・ナレッジ株式会社,あいえっくすなれっじ,会社法第201条第3項及び第4項,https://www.ikic.co.jp/ir/download/main/01/teaserItems1/00/linkList/0/link/koukoku_20260722.pdf,2026-07-23,2026-08-07,東京都港区海岸3-22-23,,2026-08-03T14:17:49+09:00,2026-08-07T08:46:02+09:00,2026-08-08T06:55:28+09:00
アドソル日進株式会社,あどそるにっしん,会社法第240条第2項及び第3項,https://adniss.jp/notification/20260723.pdf,2026-07-23,2026-08-06,東京都港区港南4-1-8,,2026-08-03T14:17:49+09:00,2026-08-06T07:05:07+09:00,2026-08-07T08:46:02+09:00
エイ・ワン少額短期保険株式会社,えいわんしょうがくたんきほけん,保険業法第165条の7第2項,https://www.a1-ssi.com/news/pkobo_news/upload/182-0link_file.pdf,2026-07-23,2026-08-24,大阪市中央区久太郎町1-9-26,,2026-08-03T14:17:49+09:00,2026-08-24T06:47:21+09:00,2026-08-25T06:49:51+09:00
グローバルセキュリティエキスパート株式会社,ぐろーばるせきゅりてぃえきすぱーと,会社法第201条第3項及び第4項,https://www.gsx.co.jp/ir/publicnotice/2026/01.pdf,2026-07-23,2026-08-07,東京都港区海岸1-16-1,,2026-08-03T14:17:49+09:00,2026-08-07T08:46:02+09:00,2026-08-08T06:55:28+09:00
グンゼ株式会社,ぐんぜ,会社法第201条第3項及び第4項,https://www.gunze.co.jp/ir/support/announcement/pdf/20260722g7sar.pdf,2026-07-23,2026-08-06,京都府綾部市青野町膳所1,,2026-08-03T14:17:49+09:00,2026-08-06T07:05:07+09:00,2026-08-07T08:46:02+09:00
サスメド株式会社,さすめど,会社法第240条第2項及び第3項,https://contents.xj-storage.jp/xcontents/AS82385/22379488/4a49/4508/8270/63d9af233fb1/20260714110754151s.pdf,2026-07-23,2026-08-07,東京都中央区日本橋本町3-7-2,,2026-08-03T14:17:49+09:00,2026-08-07T08:46:02+09:00,2026-08-08T06:55:28+09:00
ニチアス株式会社,にちあす,会社法第201条第3項及び第4項,https://contents.xj-storage.jp/xcontents/AS05590b/02c964fb/70bd/4d3f/91fa/f5b99ef40f35/20260709105049321s.pdf,2026-07-23,2026-08-07,東京都中央区八丁堀1-6-1,,2026-08-03T14:17:49+09:00,2026-08-07T08:46:02+09:00,2026-08-08T06:55:28+09:00
パンチ工業株式会社,ぱんちこうぎょう,会社法第201条第3項及び第4項,http://www.punch.co.jp/upload/20260723_koukoku.pdf,2026-07-23,2026-08-07,東京都品川区南大井6-22-7,,2026-08-03T14:17:49+09:00,2026-08-07T08:46:02+09:00,2026-08-08T06:55:28+09:00
フジオーゼックス株式会社,ふじおーぜっくす,会社法第201条第3項及び第4項,https://www.oozx.co.jp/assets/media/2026/07/koukoku20260723.pdf,2026-07-23,2026-08-07,静岡県菊川市三沢1500-60,,2026-08-03T14:17:49+09:00,2026-08-07T08:46:02+09:00,2026-08-08T06:55:28+09:00
マツダ株式会社,まつだ,会社法第201条第3項及び第4項,https://www.mazda.com/content/dam/mazda/corporate/mazda-com/ja/pdf/investors/stockinfo/public/koukoku260723.pdf,2026-07-23,2026-08-06,広島県安芸郡府中町新地3-1,,2026-08-03T14:17:49+09:00,2026-08-06T07:05:07+09:00,2026-08-07T08:46:02+09:00
レイズネクスト株式会社,れいずねくすと,会社法第201条第3項及び第4項,https://www.raiznext.co.jp/notice/pdf/20260722.pdf,2026-07-23,2026-08-07,横浜市中区桜木町1-1-8,,2026-08-03T14:17:49+09:00,2026-08-07T08:46:02+09:00,2026-08-08T06:55:28+09:00
三精テクノロジーズ株式会社,さんせいてくのろじーず,会社法第201条第3項及び第4項,https://www.sansei-technologies.com/ir_information/announcement/img/20260722pn.pdf,2026-07-23,2026-08-06,大阪市淀川区宮原4-3-29,,2026-08-03T14:17:49+09:00,2026-08-06T07:05:07+09:00,2026-08-07T08:46:02+09:00
上村工業株式会社,うえむらこうぎょう,会社法第201条第3項及び第4項,https://kmasterplus.pronexus.co.jp/release/26388747/1228135.pdf,2026-07-23,2026-08-07,大阪市中央区道修町3-2-6,,2026-08-03T14:17:49+09:00,2026-08-07T08:46:02+09:00,2026-08-08T06:55:28+09:00
堺化学工業株式会社,さかいかがくこうぎょう,会社法第201条第3項及び第4項,https://www.sakai-chem.co.jp/wp/wp-content/uploads/2026/07/pr260722.pdf,2026-07-23,2026-08-06,大阪府堺市堺区戎島町5-2,,2026-08-03T14:17:49+09:00,2026-08-06T07:05:07+09:00,2026-08-07T08:46:02+09:00
守谷輸送機工業株式会社,もりやゆそうきこうぎょう,会社法第201条第3項及び第4項,https://contents.xj-storage.jp/xcontents/AS08769/61eee7da/f795/41bf/b281/e27dcf449309/20260722092842308s.pdf,2026-07-23,2026-08-06,横浜市金沢区福浦1-14-9,,2026-08-03T14:17:49+09:00,2026-08-06T07:05:07+09:00,2026-08-07T08:46:02+09:00
日本共済株式会社,にほんきょうさいかぶしきがいしゃ,保険業法第165条の24第2項,https://www.nihonkyosai.com/about/news/2026/public20260722.pdf,2026-07-23,2026-08-24,東京都千代田区神田猿楽町2-8-16号平田ビル9階,,2026-08-03T14:17:49+09:00,2026-08-24T06:47:21+09:00,2026-08-25T06:49:51+09:00
明治安田アセットマネジメント株式会社,めいじやすだあせっとまねじめんと,信託法の施?に伴う関係法律の整備等に関する法律第2条の規定によりなお従前の例によるとされる信託法施?前の投資信託及び投資法?に関する法律第32条第1項,https://www.myam.co.jp/about/notice/upload_pdf/20260723_fundnotice.pdf,2026-07-23,2026-08-26,東京都千代田区大手町2-3-2,,2026-08-03T14:17:49+09:00,2026-08-26T06:49:54+09:00,2026-08-27T07:34:03+09:00
東京コスモス電機株式会社,とうきょうこすもすでんき,会社法第201条第3項及び第4項,https://www.tocos-j.co.jp/jp/ir/koukoku/pdf/koukoku20260722.pdf,2026-07-23,2026-08-07,神奈川県座間市相武台2-12-1,,2026-08-03T14:17:49+09:00,2026-08-07T08:46:02+09:00,2026-08-08T06:55:28+09:00
東京テアトル株式会社,とうきょうてあとる,会社法第201条第3項及び第4項,https://kmasterplus.pronexus.co.jp/release/26368850/1228129.pdf,2026-07-23,2026-08-18,東京都新宿区新宿1-1-8,,2026-08-03T14:17:49+09:00,2026-08-18T06:48:51+09:00,2026-08-19T06:48:00+09:00
東海リース株式会社,とうかいりーす,会社法第201条第3項及び第4項,https://tokai-lease.co.jp/ir/ir_kokoku/kokoku_20260721.pdf,2026-07-23,2026-08-06,大阪市北区天神橋2北2-6,,2026-08-03T14:17:49+09:00,2026-08-06T07:05:07+09:00,2026-08-07T08:46:02+09:00
株式会社アクセスグループ・ホールディングス,あくせすぐるーぷほーるでぃんぐす,会社法第201条第3項及び第4項,https://www.access-t.co.jp/docs/20260810.pdf,2026-07-23,2026-08-10,東京都港区南青山1-1-1,,2026-08-03T14:17:49+09:00,2026-08-10T06:52:06+09:00,2026-08-11T06:56:35+09:00
株式会社キング,きんぐ,会社法第201条第3項及び第4項,https://www.king-group.co.jp/ir/pdf/jikokabusyobun_ketsugi_2026.07.23.pdf,2026-07-23,2026-08-07,京都府京都市下京区東塩小路高倉町2-1,,2026-08-03T14:17:49+09:00,2026-08-07T08:46:02+09:00,2026-08-08T06:55:28+09:00
株式会社システムリサーチ,しすてむりさーち,会社法第201条第3項及び第4項,https://www.sr-net.co.jp/wp-content/uploads/2026/07/20260722.pdf,2026-07-23,2026-08-07,名古屋市中村区岩塚本通2-12,,2026-08-03T14:17:49+09:00,2026-08-07T08:46:02+09:00,2026-08-08T06:55:28+09:00
株式会社ジャックス,じゃっくす,会社法第201条第3項及び第4項,https://www.jaccs.co.jp/corporate/ir/stock/publicnotice/pdf/resolution-notice.pdf,2026-07-23,2026-08-06,北海道函館市若松町2-5,,2026-08-03T14:17:49+09:00,2026-08-06T07:05:07+09:00,2026-08-07T08:46:02+09:00
株式会社チノー,ちのー,会社法第201条第3項及び第4項,https://kmasterplus.pronexus.co.jp/release/26394823/1228140.pdf,2026-07-23,2026-08-07,東京都板橋区熊野町32-8,,2026-08-03T14:17:49+09:00,2026-08-07T08:46:02+09:00,2026-08-08T06:55:28+09:00
株式会社テクノスマート,てくのすまーと,会社法第201条第3項及び第4項,https://www.technosmart.co.jp/wp/wp-content/uploads/2026/07/%E6%A5%AD%E7%B8%BE%E9%80%A3%E5%8B%95%E5%9E%8B%E6%A0%AA%E5%BC%8F%E5%A0%B1%E9%85%AC%E5%88%B6%E5%BA%A6%E3%81%AE%E8%87%AA%E5%B7%B1%E6%A0%AA%E5%BC%8F%E5%87%A6%E5%88%86_20260717.pdf,2026-07-23,2026-08-07,大阪市中央区久太郎町2-5-28,,2026-08-03T14:17:49+09:00,2026-08-07T08:46:02+09:00,2026-08-08T06:55:28+09:00
株式会社ピエトロ,ぴえとろ,会社法第201条第3項及び第4項,https://www.pietro.co.jp/company/data/koukoku/20260723.pdf,2026-07-23,2026-08-07,福岡市中央区天神3-4-5,,2026-08-03T14:17:49+09:00,2026-08-07T08:46:02+09:00,2026-08-08T06:55:28+09:00
株式会社ピーバンドットコム,ぴーばんどっとこむ,会社法第201条第3項及び第4項,https://www.p-ban.com/corporate/ir/data/koukoku_20260722.pdf,2026-07-23,2026-08-07,東京都千代田区五番町14五番町光ビル4Ｆ,,2026-08-03T14:17:49+09:00,2026-08-07T08:46:02+09:00,2026-08-08T06:55:28+09:00
株式会社マツキヨココカラ＆カンパニー,まつきよここからあんどかんぱにー,会社法第201条第3項及び第4項,https://kmasterplus.pronexus.co.jp/release/26394790/1228136.pdf,2026-07-23,2026-08-07,千葉県松戸市新松戸東9-1,,2026-08-03T14:17:49+09:00,2026-08-07T08:46:02+09:00,2026-08-08T06:55:28+09:00
株式会社メルカリ,めるかり,会社法第201条第3項及び第4項,https://xml.irpocket.com/C4385/2026/20260722.pdf,2026-07-23,2026-08-15,東京都港区六本木6-10-1,,2026-08-03T14:17:49+09:00,2026-08-15T06:48:26+09:00,2026-08-16T06:47:10+09:00
株式会社一家ホールディングス,いっかほーるでぃんぐす,会社法第201条第3項、社債、株式等の振替に関する法律第161条第2項,https://contents.xj-storage.jp/xcontents/AS81164/7b3dd2d0/f5c8/4bf6/a733/07b63506263a/20260716194144936s.pdf,2026-07-23,2026-08-07,千葉県市川市東大和田2-4-10,,2026-08-03T14:17:49+09:00,2026-08-07T08:46:02+09:00,2026-08-08T06:55:28+09:00
株式会社北川鉄工所,きたがわてっこうしょ,会社法第201条第3項及び第4項,https://www.kiw.co.jp/pdf/ir/denshikoukoku/kabushiki2026.pdf,2026-07-23,2026-08-08,広島県府中市元町77-1,,2026-08-03T14:17:49+09:00,2026-08-08T06:55:28+09:00,2026-08-09T06:50:47+09:00
株式会社大本組,おおもとぐみ,会社法第201条第3項及び第4項,https://www.ohmoto.co.jp/kessan/koukoku20260722.pdf,2026-07-23,2026-08-06,岡山市北区内山下1-1-13,,2026-08-03T14:17:49+09:00,2026-08-06T07:05:07+09:00,2026-08-07T08:46:02+09:00
株式会社大水,だいすい,会社法第201条第3項及び第4項,https://kmasterplus.pronexus.co.jp/release/26399867/1228160.pdf,2026-07-23,2026-08-12,大阪市福島区野田1-1-86大阪市中央卸売市場内,,2026-08-03T14:17:49+09:00,2026-08-12T06:59:06+09:00,2026-08-13T06:58:28+09:00
株式会社昭和真空,しょうわしんくう,会社法第201条第3項及び第4項,https://www.showashinku.co.jp/ir/public/pdf/denshikoukoku20260721.pdf,2026-07-23,2026-08-07,神奈川県相模原市中央区田名3062-10,,2026-08-03T14:17:49+09:00,2026-08-07T08:46:02+09:00,2026-08-08T06:55:28+09:00
株式会社東和銀行,とうわぎんこう,会社法第240条第2項及び第3項,https://www.towabank.co.jp/whatstowa/snkbkkk.pdf,2026-07-23,2026-08-07,群馬県前橋市本町2-12-6,,2026-08-03T14:17:49+09:00,2026-08-07T08:46:02+09:00,2026-08-08T06:55:28+09:00
株式会社翻訳センター,ほんやくせんたー,会社法第201条第3項及び第4項,https://kmasterplus.pronexus.co.jp/release/26398045/1228144.pdf,2026-07-23,2026-08-07,大阪市中央区平野町2-5-8,,2026-08-03T14:17:49+09:00,2026-08-07T08:46:02+09:00,2026-08-08T06:55:28+09:00
株式会社遠藤照明,えんどうしょうめい,会社法第201条第3項及び第4項,https://www.endo-lighting.co.jp/ir/koukoku/e-notice-20260722.pdf,2026-07-23,2026-08-07,大阪市中央区本町1-6-19,,2026-08-03T14:17:49+09:00,2026-08-07T08:46:02+09:00,2026-08-08T06:55:28+09:00
株式会社関電工,かんでんこう,会社法第201条第3項及び第4項,https://www.kandenko.co.jp/ir/pdf/koukoku20260723.pdf,2026-07-23,2026-08-07,東京都港区芝浦4-8-33,,2026-08-03T14:17:49+09:00,2026-08-07T08:46:02+09:00,2026-08-08T06:55:28+09:00
株式会社ＳＨＩＮＫＯ,しんこー,会社法第201条第3項及び第4項,https://kmasterplus.pronexus.co.jp/release/26398253/1228142.pdf,2026-07-23,2026-08-07,東京都台東区浅草橋5-20-8,,2026-08-03T14:17:49+09:00,2026-08-07T08:46:02+09:00,2026-08-08T06:55:28+09:00
株式会社ＳＩＧグループ,えすあいじーぐるーぷ,会社法第201条第3項及び第4項,https://kmasterplus.pronexus.co.jp/release/26390936/1228139.pdf,2026-07-23,2026-08-07,東京都千代田区九段北4-2-1,,2026-08-03T14:17:49+09:00,2026-08-07T08:46:02+09:00,2026-08-08T06:55:28+09:00
蔵王産業株式会社,ざおうさんぎょう,会社法第201条第3項及び第4項,https://www.zaohnet.co.jp/wp-content/uploads/09986_20260721.pdf,2026-07-23,2026-08-07,東京都江東区毛利1-19-5,,2026-08-03T14:17:49+09:00,2026-08-07T08:46:02+09:00,2026-08-08T06:55:28+09:00
ＡＵＳＰＩＣＩＯＵＳ株式会社,あすぴしゃす,会社法第449条第3項,https://www.auspi.co.jp/koukoku/koukoku.pdf,2026-07-23,2026-08-22,東京都千代田区九段南1-6-17,,2026-08-03T14:17:49+09:00,2026-08-22T06:48:10+09:00,2026-08-23T06:47:33+09:00
ＭＩＲＡＲＴＨホールディングス株式会社,みらーすほーるでぃんぐす,会社法第240条第2項及び第3項,https://mirarth.co.jp/ir/pdf/260716koukoku.pdf,2026-07-23,2026-08-10,東京都千代田区丸の内1-8-2,,2026-08-03T14:17:49+09:00,2026-08-10T06:52:06+09:00,2026-08-11T06:56:35+09:00
シライ電子工業株式会社,しらいでんしこうぎょうかぶしきがいしゃ,会社法第201条第3項及び第4項,https://www.shiraidenshi.co.jp/homepage/ir/announcement/260723koukoku.pdf,2026-07-24,2026-08-07,京都市南区久世東土川町364-1,,2026-08-03T14:17:49+09:00,2026-08-07T08:46:02+09:00,2026-08-08T06:55:28+09:00
スター精密株式会社,すたーせいみつ,会社法第789条第3項,https://star-m.jp/ir/files/koukoku260723_02.pdf,2026-07-24,2026-08-24,静岡市駿河区中吉田20-10,,2026-08-03T14:17:49+09:00,2026-08-24T06:47:21+09:00,2026-08-25T06:49:51+09:00
スター精密株式会社,すたーせいみつ,会社法第219条第1項,https://star-m.jp/ir/files/koukoku260723_02.pdf,2026-07-24,2026-08-31,静岡市駿河区中吉田20-10,,2026-08-03T14:17:49+09:00,2026-08-31T06:43:15+09:00,2026-09-01T06:43:15+09:00
スター精密株式会社,すたーせいみつ,会社法第449条第3項,https://star-m.jp/ir/files/koukoku260723_01.pdf,2026-07-24,2026-08-24,静岡市駿河区中吉田20-10,,2026-08-03T14:17:49+09:00,2026-08-24T06:47:21+09:00,2026-08-25T06:49:51+09:00
スペースシャワーＳＫＩＹＡＫＩホールディングス株式会社,すぺーすしゃわーすきやきほーるでぃんぐす,会社法第449条第3項,https://sssk-hd.com/static/dts20260724/dts20260724.pdf,2026-07-24,2026-08-24,東京都渋谷区道玄坂2-25-12,,2026-08-03T14:17:49+09:00,2026-08-24T06:47:21+09:00,2026-08-25T06:49:51+09:00
トーカロ株式会社,とーかろ,会社法第201条第3項及び第4項,https://www.tocalo.co.jp/ir/ir_settlement/pdf/260723.pdf,2026-07-24,2026-08-07,神戸市中央区港島南町6-4-4,,2026-08-03T14:17:49+09:00,2026-08-07T08:46:02+09:00,2026-08-08T06:55:28+09:00
フィデアホールディングス株式会社,ふぃであほーるでぃんぐす,会社法第201条第3項及び第4項,https://kmasterplus.pronexus.co.jp/release/26398413/1228148.pdf,2026-07-24,2026-08-14,仙台市青葉区中央3-1-24,,2026-08-03T14:17:49+09:00,2026-08-14T06:58:17+09:00,2026-08-15T06:48:26+09:00
ペットゴー株式会社,ぺっとごー,会社法第201条第3項及び第4項,https://contents.xj-storage.jp/xcontents/AS08203/36fe5603/5733/4b08/b31a/7586e9fa4c5f/20260708170618441s.pdf,2026-07-24,2026-08-10,東京都中野区本町1-32-2ハーモニータワー12階,,2026-08-03T14:17:49+09:00,2026-08-10T06:52:06+09:00,2026-08-11T06:56:35+09:00
マックスバリュ東海株式会社,まっくすばりゅとうかい,会社法第799条第2項及び第3項,https://kmasterplus.pronexus.co.jp/release/26377419/1227976.pdf,2026-07-24,2026-08-24,静岡県浜松市中央区篠ケ瀬町1295-1,,2026-08-03T14:17:49+09:00,2026-08-24T06:47:21+09:00,2026-08-25T06:49:51+09:00
マックスバリュ東海株式会社,まっくすばりゅとうかい,会社法第797条第3項及び第4項,https://kmasterplus.pronexus.co.jp/release/26377419/1227976.pdf,2026-07-24,2026-08-31,静岡県浜松市中央区篠ケ瀬町1295-1,,2026-08-03T14:17:49+09:00,2026-08-31T06:43:15+09:00,2026-09-01T06:43:15+09:00
ラサ工業株式会社,らさこうぎょう,会社法第201条第3項及び第4項,https://www.rasa.co.jp/ir/upload_file/m084-/k2026072301.pdf,2026-07-24,2026-08-19,東京都千代田区外神田1-18-13,,2026-08-03T14:17:49+09:00,2026-08-19T06:48:00+09:00,2026-08-20T06:49:02+09:00
リオン株式会社,りおん,会社法第201条第3項及び第4項,https://www.rion.co.jp/news/pdf/news_260724.pdf,2026-07-24,2026-08-14,東京都国分寺市東元町3-20-41,,2026-08-03T14:17:49+09:00,2026-08-14T06:58:17+09:00,2026-08-15T06:48:26+09:00
丸藤シートパイル株式会社,まるふじしーとぱいる,会社法第201条第3項及び第4項,https://www.mrfj.co.jp/wordpress/wp-content/uploads/2026/07/2026-07-23_koukoku.pdf,2026-07-24,2026-08-07,東京都中央区日本橋本町1-6-5,,2026-08-03T14:17:49+09:00,2026-08-07T08:46:02+09:00,2026-08-08T06:55:28+09:00
天龍製鋸株式会社,てんりゅうせいきょ,会社法第201条第3項及び第4項,https://www.tenryu-saw.com/_websystem5/attach/irnotices/0/1784708546EBSd.pdf,2026-07-24,2026-08-07,静岡県袋井市浅羽3711,,2026-08-03T14:17:49+09:00,2026-08-07T08:46:02+09:00,2026-08-08T06:55:28+09:00
尾家産業株式会社,おいえさんぎょう,会社法第201条第3項及び第4項,https://www.oie.co.jp/assets/editor/files/jikokabusikisyobunkoukoku.pdf,2026-07-24,2026-08-07,大阪市北区豊崎6-11-27,,2026-08-03T14:17:49+09:00,2026-08-07T08:46:02+09:00,2026-08-08T06:55:28+09:00
新田ゼラチン株式会社,にったぜらちん,会社法第201条第3項及び第4項,https://kmasterplus.pronexus.co.jp/release/26385503/1228151.pdf,2026-07-24,2026-08-07,大阪市浪速区桜川4-4-26,,2026-08-03T14:17:49+09:00,2026-08-07T08:46:02+09:00,2026-08-08T06:55:28+09:00
日本特殊塗料株式会社,にほんとくしゅとりょう,会社法第201条第3項及び第4項,https://www.nttoryo.co.jp/dcms_media/other/kabushiki_tori_ketsugi_202607.pdf,2026-07-24,2026-08-20,東京都北区王子3-23-2,,2026-08-03T14:17:49+09:00,2026-08-20T06:49:02+09:00,2026-08-21T06:49:45+09:00
栗田工業株式会社,くりたこうぎょう,会社法第201条第3項及び第4項,https://www.kurita-water.com/ir/stock-and-bond/assets/pdf/notice_20260723.pdf,2026-07-24,2026-08-17,東京都中野区中野4-10-1,,2026-08-03T14:17:49+09:00,2026-08-17T06:46:46+09:00,2026-08-18T06:48:51+09:00
株式会社アクアライン,あくあらいん,会社法第449条第3項,https://www.aqualine.jp/ir/notice/koukoku_shihonkin_260723.pdf,2026-07-24,2026-08-24,広島市中区上八丁堀8-8第1ウエノヤビル6Ｆ,,2026-08-03T14:17:49+09:00,2026-08-24T06:47:21+09:00,2026-08-25T06:49:51+09:00
株式会社アバールデータ,あばーるでーた,会社法第201条第3項及び第4項,https://www.avaldata.co.jp/ir/pdf/2026/koukoku0710.pdf,2026-07-24,2026-08-07,東京都町田市旭町1-25-10,,2026-08-03T14:17:49+09:00,2026-08-07T08:46:02+09:00,2026-08-08T06:55:28+09:00
株式会社オンリー,おんりー,会社法第799条第2項及び第3項,https://kmasterplus.pronexus.co.jp/release/26394307/1228143.pdf,2026-07-24,2026-08-24,京都市下京区松原通烏丸西入ル玉津島町303,,2026-08-03T14:17:49+09:00,2026-08-24T06:47:21+09:00,2026-08-25T06:49:51+09:00
株式会社オーハシテクニカ,おーはしてくにか,会社法第201条第3項及び第4項,https://www.ohashi.co.jp/ja/ir/kokoku/main/0/teaserItems1/0/linkList/0/link/2026.07.23.pdf,2026-07-24,2026-08-07,東京都港区虎ノ門4-3-13,,2026-08-03T14:17:49+09:00,2026-08-07T08:46:02+09:00,2026-08-08T06:55:28+09:00
株式会社クロスキャット,くろすきゃっと,会社法第201条第3項及び第4項,https://www.xcat.co.jp/ja/ir/announce/main/00/teaserItems1/0/linkList/0/link/20260723_koukoku.pdf,2026-07-24,2026-08-14,東京都港区港南1-2-70,,2026-08-03T14:17:49+09:00,2026-08-14T06:58:17+09:00,2026-08-15T06:48:26+09:00
株式会社大阪ソーダ,おおさかそーだ,会社法第201条第3項及び第4項,https://www.osaka-soda.co.jp/ja/ir/e_announce/main/01/teaserItems1/0/linkList/00/link/koukoku20260724.pdf,2026-07-24,2026-08-07,大阪市北区梅田3-2-2,,2026-08-03T14:17:49+09:00,2026-08-07T08:46:02+09:00,2026-08-08T06:55:28+09:00
株式会社ＡＢＥＪＡ,あべじゃ,会社法第799条第2項及び第3項,https://kmasterplus.pronexus.co.jp/release/26398118/1228147.pdf,2026-07-24,2026-08-24,東京都港区三田1-1-14,,2026-08-03T14:17:49+09:00,2026-08-24T06:47:21+09:00,2026-08-25T06:49:51+09:00
株式会社ＡＢＥＪＡ,あべじゃ,会社法第797条第3項及び第4項,https://kmasterplus.pronexus.co.jp/release/26398118/1228147.pdf,2026-07-24,2026-08-31,東京都港区三田1-1-14,,2026-08-03T14:17:49+09:00,2026-08-31T06:43:15+09:00,2026-09-01T06:43:15+09:00
株式会社ＢＡＮＫＥＹ,ばんきー,会社法第449条第3項,https://storage.googleapis.com/studio-design-asset-files/projects/65qmp04ROV/s-1x1_41c0ee29-c0d6-48e1-8f76-3391c4d5b7e2.pdf,2026-07-24,2026-08-24,東京都千代田区西神田2-1-8-12F,,2026-08-03T14:17:49+09:00,2026-08-24T06:47:21+09:00,2026-08-25T06:49:51+09:00
株式会社ＮＯＡＨ,のあ,会社法第449条第3項,https://www.noahub.jp/news/260724koukoku.pdf,2026-07-24,2026-08-25,東京都港区赤坂1-5-15溜池アネックス4Ｆ,,2026-08-03T14:17:49+09:00,2026-08-25T06:49:51+09:00,2026-08-26T06:49:54+09:00
株式会社ＮｅｘＴｏｎｅ,ねくすとーん,会社法第201条第3項及び第4項,https://contents.xj-storage.jp/xcontents/AS06583/fca439a3/ce1f/4ade/8b26/aa2cf3854549/20260710130023605s.pdf,2026-07-24,2026-08-07,東京都渋谷区恵比寿4-20-3恵比寿ガーデンプレイスタワー10階,,2026-08-03T14:17:49+09:00,2026-08-07T08:46:02+09:00,2026-08-08T06:55:28+09:00
信越化学工業株式会社,しんえつかがくこうぎょう,会社法第240条第2項及び第3項,https://www.shinetsu.co.jp/wp-content/uploads/jp/ir/ir-e-announce/koukoku.pdf,2026-07-25,2026-08-10,東京都千代田区丸の内1-4-1,,2026-08-03T14:17:49+09:00,2026-08-10T06:52:06+09:00,2026-08-11T06:56:35+09:00
富士石油株式会社,ふじせきゆ,会社法第449条第3項,https://www.foc.co.jp/ja/corporate/koukoku/main/05/teaserItems1/0111114/linkList/019/link/20260723.pdf,2026-07-25,2026-08-24,東京都品川区北品川6-7-29,,2026-08-03T14:17:49+09:00,2026-08-24T06:47:21+09:00,2026-08-25T06:49:51+09:00
日本甜菜製糖株式会社,にっぽんてんさいせいとう,会社法第201条第3項及び第4項,https://www.nitten.co.jp/dcms_media/other/news_20260724.pdf,2026-07-25,2026-08-10,東京都中央区京橋2-6-4,,2026-08-03T14:17:49+09:00,2026-08-10T06:52:06+09:00,2026-08-11T06:56:35+09:00
日本空調サービス株式会社,にほんくうちょうさーびす,会社法第201条第3項及び第4項,https://www.nikku.co.jp/ja/ir/announcement/main/07/teaserItems1/0/linkList/0/link/20260724.pdf,2026-07-25,2026-08-10,名古屋市名東区照が丘239-2,,2026-08-03T14:17:49+09:00,2026-08-10T06:52:06+09:00,2026-08-11T06:56:35+09:00
昭和飛行機工業株式会社,しょうわひこうきこうぎょう,会社法第799条第3項,https://www.showa-aircraft.co.jp/company/news/pdf/260714gapei.pdf,2026-07-25,2026-08-24,東京都昭島市代官山3-1-1,,2026-08-03T14:17:49+09:00,2026-08-24T06:47:21+09:00,2026-08-25T06:49:51+09:00
東急スポーツシステム株式会社,とうきゅうすぽーつしすてむ,会社法第449条第3項,https://www.tokyu-sports.com/library/company/pdf/20260724_koukoku.pdf,2026-07-25,2026-08-24,東京都渋谷区南平台町5-6,,2026-08-03T14:17:49+09:00,2026-08-24T06:47:21+09:00,2026-08-25T06:49:51+09:00
株式会社コンフィデンス・インターワークス,こんふぃでんすいんたーわーくす,会社法第785条第3項及び第4項,https://ciw.jp/C3yzPR5g/wp-content/uploads/2026/07/20260724_koukoku1.pdf,2026-07-25,2026-09-30,東京都新宿区新宿2-19-1,,2026-08-03T14:17:49+09:00,2026-09-05T06:43:22+09:00,
株式会社コンフィデンス・インターワークス,こんふぃでんすいんたーわーくす,会社法第785条第3項及び第4項,https://ciw.jp/C3yzPR5g/wp-content/uploads/2026/07/20260724_koukoku2.pdf,2026-07-25,2026-09-30,東京都新宿区新宿2-19-1,,2026-08-03T14:17:49+09:00,2026-09-05T06:43:22+09:00,
株式会社コンフィデンス・インターワークス,こんふぃでんすいんたーわーくす,会社法第789条第3項,https://ciw.jp/C3yzPR5g/wp-content/uploads/2026/07/20260724_koukoku1.pdf,2026-07-25,2026-08-24,東京都新宿区新宿2-19-1,,2026-08-03T14:17:49+09:00,2026-08-24T06:47:21+09:00,2026-08-25T06:49:51+09:00
株式会社コンフィデンス・インターワークス,こんふぃでんすいんたーわーくす,会社法第789条第3項,https://ciw.jp/C3yzPR5g/wp-content/uploads/2026/07/20260724_koukoku2.pdf,2026-07-25,2026-08-24,東京都新宿区新宿2-19-1,,2026-08-03T14:17:49+09:00,2026-08-24T06:47:21+09:00,2026-08-25T06:49:51+09:00
株式会社テンポスドットコム,てんぽすどっとこむ,会社法第799条第3項,https://tools.itembox.design/item/pdf/public_notice/20260724_1.pdf?V=2,2026-07-25,2026-08-25,東京都大田区南蒲田1-1-25,,2026-08-03T14:17:49+09:00,2026-08-25T06:49:51+09:00,2026-08-26T06:49:54+09:00
株式会社ブッキングリゾート,ぶっきんぐりぞーと,会社法第449条第2項及び第3項,https://www.booking-resort.jp/wp-content/uploads/2026/07/260724_genshi.pdf,2026-07-25,2026-08-24,大阪市北区梅田2-6-20,,2026-08-03T14:17:49+09:00,2026-08-24T06:47:21+09:00,2026-08-25T06:49:51+09:00
株式会社植木組,うえきぐみ,会社法第201条第3項及び第4項,https://kmasterplus.pronexus.co.jp/release/26395174/1228149.pdf,2026-07-25,2026-08-10,新潟県柏崎市駅前1-5-45,,2026-08-03T14:17:49+09:00,2026-08-10T06:52:06+09:00,2026-08-11T06:56:35+09:00
田中商事株式会社,たなかしょうじ,会社法第201条第3項及び第4項,https://www.tanakashoji.co.jp/wp/wp-content/uploads/kabushikihousyu-denshi2026.pdf,2026-07-25,2026-08-24,東京都品川区南大井3-2-2,,2026-08-03T14:17:49+09:00,2026-08-24T06:47:21+09:00,2026-08-25T06:49:51+09:00
築地魚市場株式会社,つきじうおいちば,会社法第201条第3項及び第4項,https://www.tsukiji-uoichiba.co.jp/wp/wp-content/uploads/2026/07/koukoku20260724.pdf,2026-07-25,2026-08-21,東京都江東区豊洲6-6-2,,2026-08-03T14:17:49+09:00,2026-08-21T06:49:45+09:00,2026-08-22T06:48:10+09:00
ｕｎｂａｎｋｅｄ株式会社,あんばんく,会社法第124条第3項,https://unbanked.jp/wp-content/uploads/2026/07/20260725_koukoku.pdf,2026-07-25,2026-08-10,東京都渋谷区恵比寿1-18-14,,2026-08-03T14:17:49+09:00,2026-08-10T06:52:06+09:00,2026-08-11T06:56:35+09:00
株式会社サンマルクホールディングス,さんまるくほーるでぃんぐす,会社法第201条第3項及び第4項,https://static.saint-marc-hd.com/upload/freecontents/241/koukoku20260717.pdf,2026-07-26,2026-08-10,岡山市北区平田173-104,,2026-08-03T14:17:49+09:00,2026-08-10T06:52:06+09:00,2026-08-11T06:56:35+09:00
プリモグローバルホールディングス株式会社,ぷりもぐろーばるほーるでぃんぐす,会社法第449条第3項,https://contents.xj-storage.jp/xcontents/AS06089/873cebd7/a604/441f/a1a1/5437e9a56af5/20260714094023683s.pdf,2026-07-27,2026-08-27,東京都中央区銀座5-12-5,,2026-08-03T14:17:49+09:00,2026-08-27T07:34:03+09:00,2026-08-28T09:37:19+09:00
ユキグニファクトリー株式会社,ゆきぐにふぁくとりー,会社法第201条第3項及び第4項,https://www.yukiguni-factory.co.jp/wp-content/themes/ai-yukiguni/assets/pdf/announcement/koukoku44.pdf,2026-07-27,2026-08-10,新潟県南魚沼市余川89,,2026-08-03T14:17:49+09:00,2026-08-10T06:52:06+09:00,2026-08-11T06:56:35+09:00
株式会社サンセイランディック,さんせいらんでぃっく,会社法第201条第3項及び第4項,https://www.sansei-l.co.jp/wpsansei-l/wp-content/uploads/2026/07/377599ff8dfd5a3973c997b1d4a14388.pdf,2026-07-27,2026-08-10,東京都千代田区丸の内2-6-1,,2026-08-03T14:17:49+09:00,2026-08-10T06:52:06+09:00,2026-08-11T06:56:35+09:00
株式会社ヤシマキザイ,やしまきざい,会社法第201条第3項及び第4項,https://www.yashima-co.co.jp/ja/ir/announce/main/0/teaserItems1/00/linkList/06/link/20260724koukoku.pdf,2026-07-27,2026-08-14,東京都中央区日本橋兜町6-5,,2026-08-03T14:17:49+09:00,2026-08-14T06:58:17+09:00,2026-08-15T06:48:26+09:00
株式会社ユーザベース,ゆーざべーす,会社法第449条第3項,https://files.microcms-assets.io/assets/c3cd69bb37354c7585915b242fdd0236/df27605e8e1744ab8d129261c351c9b4/uzabase_public_notice_20260727.pdf,2026-07-27,2026-08-28,東京都千代田区丸の内2-5-2,,2026-08-03T14:17:49+09:00,2026-08-28T09:37:19+09:00,2026-08-29T07:14:31+09:00
株式会社四国銀行,しこくぎんこう,会社法第201条第3項及び第4項,https://contents.xj-storage.jp/xcontents/AS02508/89cde72f/8202/44d1/b052/9a7d189c056b/20260715115549033s.pdf,2026-07-27,2026-08-12,高知市南はりまや町1-1-1,,2026-08-03T14:17:49+09:00,2026-08-12T06:59:06+09:00,2026-08-13T06:58:28+09:00
株式会社山大,やまだい,会社法第124条第3項,https://kmasterplus.pronexus.co.jp/release/26398754/1228155.pdf,2026-07-27,2026-08-11,宮城県石巻市潮見町2-3,,2026-08-03T14:17:49+09:00,2026-08-11T06:56:35+09:00,2026-08-12T06:59:06+09:00
あすか製薬ホールディングス株式会社,あすかせいやくほーるでぃんぐす,会社法第201条第3項及び第4項,https://www.aska-pharma-hd.co.jp/Portals/0/resources/invest/pdf/add/koukoku20260727.pdf,2026-07-28,2026-08-12,東京都港区芝浦2-5-1,,2026-08-03T14:17:49+09:00,2026-08-12T06:59:06+09:00,2026-08-13T06:58:28+09:00
アイフル株式会社,あいふる,会社法第789条第3項,https://www.muninova.co.jp/ir/pdf/EPN20260727.pdf,2026-07-28,2026-08-27,京都市下京区烏丸通五条上る高砂町381-1,,2026-08-03T14:17:49+09:00,2026-08-27T07:34:03+09:00,2026-08-28T09:37:19+09:00
オークマ株式会社,おーくま,会社法第201条第3項及び第4項,https://contents.xj-storage.jp/xcontents/61030/bd3e5c92/3d66/42a0/a47d/d449d9b2e649/20260722122514050s.pdf,2026-07-28,2026-08-14,愛知県丹羽郡大口町下小口5-25-1,,2026-08-03T14:17:49+09:00,2026-08-14T06:58:17+09:00,2026-08-15T06:48:26+09:00
カッパ・クリエイト株式会社,かっぱくりえいと,会社法第201条第3項及び第4項,https://kmasterplus.pronexus.co.jp/release/26395043/1228153.pdf,2026-07-28,2026-08-12,神奈川県横浜市西区みなとみらい2-2-1ランドマークタワー12階,,2026-08-03T14:17:49+09:00,2026-08-12T06:59:06+09:00,2026-08-13T06:58:28+09:00
ジェイファーマ株式会社,じぇいふぁーま,会社法第201条第3項及び第4項,https://kmasterplus.pronexus.co.jp/release/26395475/1228156.pdf,2026-07-28,2026-08-12,東京都港区浜松町1-10-11,,2026-08-03T14:17:49+09:00,2026-08-12T06:59:06+09:00,2026-08-13T06:58:28+09:00
ムニノバホールディングス株式会社,むにのばほーるでぃんぐす,会社法第799条第3項,https://www.muninova.co.jp/ir/pdf/EPN20260727.pdf,2026-07-28,2026-08-27,京都市下京区烏丸通五条上る高砂町381-1,,2026-08-03T14:17:49+09:00,2026-08-27T07:34:03+09:00,2026-08-28T09:37:19+09:00
ムニノバホールディングス株式会社,むにのばほーるでぃんぐす,会社法第797条第3項及び第4項,https://www.muninova.co.jp/ir/pdf/EPN20260727.pdf,2026-07-28,2026-08-30,京都市下京区烏丸通五条上る高砂町381-1,,2026-08-03T14:17:49+09:00,2026-08-30T06:43:17+09:00,2026-08-31T06:43:15+09:00
ワイエイシイホールディングス株式会社,わいえいしいほーるでぃんぐす,会社法第201条第3項及び第4項,https://kmasterplus.pronexus.co.jp/release/26395169/1228154.pdf,2026-07-28,2026-08-12,東京都昭島市武蔵野3-11-10,,2026-08-03T14:17:49+09:00,2026-08-12T06:59:06+09:00,2026-08-13T06:58:28+09:00
丸全昭和運輸株式会社,まるぜんしょうわうんゆ,会社法第201条第3項及び第4項,https://kmasterplus.pronexus.co.jp/release/26394534/1228146.pdf,2026-07-28,2026-08-12,横浜市中区南仲通2-15,,2026-08-03T14:17:49+09:00,2026-08-12T06:59:06+09:00,2026-08-13T06:58:28+09:00
南九州センコー株式会社,みなみきゅうしゅうせんこー,会社法第799条第2項及び第3項,https://www.senkogrouphd.co.jp/ir/pdf/20260727koukoku.pdf,2026-07-28,2026-08-27,熊本県水俣市港町1-3-12,,2026-08-03T14:17:49+09:00,2026-08-27T07:34:03+09:00,2026-08-28T09:37:19+09:00
夢展望株式会社,ゆめてんぼう,会社法第449条第2項及び第3項,https://www.dreamv.co.jp/ja/pdf/announce/genshi_koukoku2026.pdf,2026-07-28,2026-08-28,大阪府池田市石橋3-2-1,,2026-08-03T14:17:49+09:00,2026-08-28T09:37:19+09:00,2026-08-29T07:14:31+09:00
東宝株式会社,とうほう,資金決済に関する法律第20条第2項,https://contents.xj-storage.jp/xcontents/AS05040/67eb6080/7b96/47d3/9db2/8140350c4a3c/20260622141514133s.pdf,2026-07-28,2026-10-26,東京都千代田区有楽町1-2-2,,2026-08-03T14:17:49+09:00,2026-09-05T06:43:22+09:00,
株式会社こむぎの,こむぎの,会社法第449条第3項,https://komugino.jp/wp-content/uploads/2026/07/2607genshi-1.pdf,2026-07-28,2026-08-27,東京都千代田区九段北1-14-16,,2026-08-03T14:17:49+09:00,2026-08-27T07:34:03+09:00,2026-08-28T09:37:19+09:00
株式会社アトム,あとむ,会社法第201条第3項及び第4項,https://kmasterplus.pronexus.co.jp/release/26394266/1228150.pdf,2026-07-28,2026-08-12,横浜市西区みなとみらい2-2-1,,2026-08-03T14:17:49+09:00,2026-08-12T06:59:06+09:00,2026-08-13T06:58:28+09:00
株式会社グローバルインフォメーション,ぐろーばるいんふぉめーしょん,社債、株式等の振替に関する法律第161条第2項及び会社法第179条の4第1項,https://contents.xj-storage.jp/xcontents/AS97504/46a48ca3/123c/499d/9473/9e998c59a3e9/20260708163021187s.pdf,2026-07-28,2026-08-17,川崎市麻生区万福寺1-2-3アーシスビル7階,,2026-08-03T14:17:49+09:00,2026-08-17T06:46:46+09:00,2026-08-18T06:48:51+09:00
株式会社コロワイド,ころわいど,会社法第201条第3項及び第4項,https://kmasterplus.pronexus.co.jp/release/26395328/1228145.pdf,2026-07-28,2026-08-12,横浜市西区みなとみらい2-2-1ランドマークタワー12階,,2026-08-03T14:17:49+09:00,2026-08-12T06:59:06+09:00,2026-08-13T06:58:28+09:00
株式会社タナベコンサルティンググループ,たなべこんさるてぃんぐぐるーぷ,会社法第201条第3項及び第4項,https://kmasterplus.pronexus.co.jp/release/26395148/1228137.pdf,2026-07-28,2026-08-14,大阪市淀川区宮原3-3-41,,2026-08-03T14:17:49+09:00,2026-08-14T06:58:17+09:00,2026-08-15T06:48:26+09:00
株式会社ナカボーテック,なかぼーてっく,会社法第201条第3項及び第4項,https://www.nakabohtec.co.jp/assets/pdf/ir/KOUKOKU_260728.pdf,2026-07-28,2026-08-13,東京都中央区新川1-17-21茅場町ファーストビル,,2026-08-03T14:17:49+09:00,2026-08-13T06:58:28+09:00,2026-08-14T06:58:17+09:00
株式会社ニッセイコム,にっせいこむ,会社法第449条第3項,https://www.nisseicom.co.jp/assets/uploads/koukoku_capred_20260727.pdf,2026-07-28,2026-08-27,東京都中央区日本橋室町2-1-1,,2026-08-03T14:17:49+09:00,2026-08-27T07:34:03+09:00,2026-08-28T09:37:19+09:00
株式会社ヒト・コミュニケーションズ,ひとこみゅにけーしょんず,会社法第799条第3項,https://www.hitocom-hd.com/ja/ir/bc/publicinfo/main/09/teaserItems1/00/linkList/0/link/koukou_20260728.pdf,2026-07-28,2026-08-28,東京都豊島区東池袋1-9-6,,2026-08-03T14:17:49+09:00,2026-08-28T09:37:19+09:00,2026-08-29T07:14:31+09:00
株式会社ブイキューブ,ぶいきゅーぶ,会社法第449条第3項,https://contents.xj-storage.jp/xcontents/05997/2e535e30/e882/48ea/8c14/17beaf3906e6/20260715102104999s.pdf,2026-07-28,2026-08-27,東京都港区白金1-17-3,,2026-08-03T14:17:49+09:00,2026-08-27T07:34:03+09:00,2026-08-28T09:37:19+09:00
株式会社大戸屋ホールディングス,おおとやほーるでぃんぐす,会社法第201条第3項及び第4項,https://kmasterplus.pronexus.co.jp/release/26398049/1228158.pdf,2026-07-28,2026-08-12,横浜市西区北幸1-1-8,,2026-08-03T14:17:49+09:00,2026-08-12T06:59:06+09:00,2026-08-13T06:58:28+09:00
株式会社川清商店,かわせいしょうてん,会社法第810条第3項,https://kawasei.jp/wordpress/wp-content/uploads/2026/07/koukoku.pdf,2026-07-28,2026-08-27,愛知県豊橋市花田町字石塚42-5,,2026-08-03T14:17:49+09:00,2026-08-27T07:34:03+09:00,2026-08-28T09:37:19+09:00
株式会社ＪＲ博多シティ,じぇいあーるはかたしてぃ,会社法第449条第3項,https://www.jrhakatacity.com/contents/pdf/other-notice-20260727.pdf ,2026-07-28,2026-08-27,福岡市博多区博多駅中央街7-21,,2026-08-03T14:17:49+09:00,2026-08-27T07:34:03+09:00,2026-08-28T09:37:19+09:00
株式会社ＪＲ大分シティ,じぇいあーるおおいたしてぃ,会社法第449条第3項,https://www.jroitacity.jp/assets-static/pdf/corp/2026-digitalInfo.pdf,2026-07-28,2026-08-27,大分市要町1-14,,2026-08-03T14:17:49+09:00,2026-08-27T07:34:03+09:00,2026-08-28T09:37:19+09:00
株式会社ＪＲ小倉シティ,じぇいあーるこくらしてぃ,会社法第449条第3項,https://www.amuplaza.jp/assets-static/pdf/corp/public-notice_20260727.pdf,2026-07-28,2026-08-27,北九州市小倉北区浅野1-1-1,,2026-08-03T14:17:49+09:00,2026-08-27T07:34:03+09:00,2026-08-28T09:37:19+09:00
株式会社ＪＲ鹿児島シティ,じぇいあーるかごしましてぃ,会社法第449条第3項,https://www.jrkagoshimacity.com/assets-static/pdf/public-notice_kagoshima.pdf,2026-07-28,2026-08-27,鹿児島市武1-2-10ＪＲ鹿児島中央ビル4階,,2026-08-03T14:17:49+09:00,2026-08-27T07:34:03+09:00,2026-08-28T09:37:19+09:00
株式会社ＴＷＯ,とぅー,会社法第449条第3項,https://two2.jp/wp-content/uploads/2026/07/koukoku2026_01.pdf,2026-07-28,2026-08-27,東京都品川区西五反田2-24-4ＴＨＥＣＲＯＳＳＧＯＴＡＮＤＡ5階,,2026-08-03T14:17:49+09:00,2026-08-27T07:34:03+09:00,2026-08-28T09:37:19+09:00
株式会社ｓｏｒａｎｏ　ｍｅ,そらのめ,会社法第449条第3項,https://k.secure.freee.co.jp/companies/212663/announces/37737,2026-07-28,2026-08-27,東京都新宿区西新宿3-3-13,,2026-08-03T14:17:49+09:00,2026-08-27T07:34:03+09:00,2026-08-28T09:37:19+09:00
農林中央金庫,のうりんちゅうおうきんこ,農林中央金庫法第66条,https://www.nochubank.or.jp/news/e_publication/uploads/2026/202607289170.pdf,2026-07-28,2026-08-28,東京都千代田区大手町1-2-1,,2026-08-03T14:17:49+09:00,2026-08-28T09:37:19+09:00,2026-08-29T07:14:31+09:00
Ｇ−ＦＡＣＴＯＲＹ株式会社,じーふぁくとりー,会社法第799条第3項,https://contents.xj-storage.jp/xcontents/AS02955/cc854c2a/b995/4bcb/b5a0/525fbf43a123/20260714143613249s.pdf,2026-07-28,2026-08-27,東京都新宿区西新宿1-25-1,,2026-08-03T14:17:49+09:00,2026-08-27T07:34:03+09:00,2026-08-28T09:37:19+09:00
Ｇ−ＦＡＣＴＯＲＹ株式会社,じーふぁくとりー,会社法第797条第3項及び第4項,https://contents.xj-storage.jp/xcontents/AS02955/cc854c2a/b995/4bcb/b5a0/525fbf43a123/20260714143613249s.pdf,2026-07-28,2026-08-31,東京都新宿区西新宿1-25-1,,2026-08-03T14:17:49+09:00,2026-08-31T06:43:15+09:00,2026-09-01T06:43:15+09:00
オイシックス株式会社,おいしっくす,会社法第797条第3項及び第4項,https://www.oisix.co.jp/investors/public_notice/pdf/public_notice_OFH_merger.pdf,2026-07-29,2026-08-31,東京都品川区大崎1-11-2,,2026-08-03T14:17:49+09:00,2026-08-31T06:43:15+09:00,2026-09-01T06:43:15+09:00
オイシックス株式会社,おいしっくす,会社法第799条第3項,https://www.oisix.co.jp/investors/public_notice/pdf/public_notice_OFH_merger.pdf,2026-07-29,2026-08-31,東京都品川区大崎1-11-2,,2026-08-03T14:17:49+09:00,2026-08-31T06:43:15+09:00,2026-09-01T06:43:15+09:00
ジェノスタッフ株式会社,じぇのすたっふ,会社法第789条第3項,https://genostaff.com/wp-content/uploads/2026/07/20260728_publicnotice_genostaff.pdf,2026-07-29,2026-08-28,東京都文京区弥生2-5-8,,2026-08-03T14:17:49+09:00,2026-08-28T09:37:19+09:00,2026-08-29T07:14:31+09:00
ローツェライフサイエンス株式会社,ろーつぇらいふさいえんす,会社法第799条第3項,https://www.rorze-ls.com/wp2/wp-content/uploads/2026/07/2026-gs-merger-notice.pdf,2026-07-29,2026-08-28,茨城県つくば市上横場430-1,,2026-08-03T14:17:49+09:00,2026-08-28T09:37:19+09:00,2026-08-29T07:14:31+09:00
ローツェライフサイエンス株式会社,ろーつぇらいふさいえんす,会社法第797条第3項及び第4項,https://www.rorze-ls.com/wp2/wp-content/uploads/2026/07/2026-gs-merger-notice.pdf,2026-07-29,2026-08-31,茨城県つくば市上横場430-1,,2026-08-03T14:17:49+09:00,2026-08-31T06:43:15+09:00,2026-09-01T06:43:15+09:00
名古屋鉄道株式会社,なごやてつどう,会社法第797条第3項及び第4項,https://www.meitetsu.co.jp/ir/stock_info/koukoku1_20260728.pdf,2026-07-29,2026-08-31,名古屋市中村区名駅1-2-4,,2026-08-03T14:17:49+09:00,2026-08-31T06:43:15+09:00,2026-09-01T06:43:15+09:00
名古屋鉄道株式会社,なごやてつどう,会社法第799条第3項,https://www.meitetsu.co.jp/ir/stock_info/koukoku1_20260728.pdf,2026-07-29,2026-08-28,名古屋市中村区名駅1-2-4,,2026-08-03T14:17:49+09:00,2026-08-28T09:37:19+09:00,2026-08-29T07:14:31+09:00
名古屋鉄道株式会社,なごやてつどう,会社法第799条第3項,https://www.meitetsu.co.jp/ir/stock_info/koukoku2_20260728.pdf,2026-07-29,2026-08-28,名古屋市中村区名駅1-2-4,,2026-08-03T14:17:49+09:00,2026-08-28T09:37:19+09:00,2026-08-29T07:14:31+09:00
名古屋鉄道株式会社,なごやてつどう,会社法第797条第3項及び第4項,https://www.meitetsu.co.jp/ir/stock_info/koukoku2_20260728.pdf,2026-07-29,2026-08-31,名古屋市中村区名駅1-2-4,,2026-08-03T14:17:49+09:00,2026-08-31T06:43:15+09:00,2026-09-01T06:43:15+09:00
東和フードサービス株式会社,とうわふーどさーびす,会社法第201条第3項及び第4項,https://www.towafood-net.co.jp/wp-content/uploads/2026/07/20260722koukoku.pdf,2026-07-29,2026-08-14,東京都港区新橋3-20-1,,2026-08-03T14:17:49+09:00,2026-08-14T06:58:17+09:00,2026-08-15T06:48:26+09:00
株式会社めいてつカスタマーサービス,めいてつかすたまーさーびす,会社法第789条第3項,https://mds.e-meitetsu.com/media-download/5181/4950e512102aaacb/PDF/,2026-07-29,2026-08-28,名古屋市中村区名駅1-2-1,,2026-08-03T14:17:49+09:00,2026-08-28T09:37:19+09:00,2026-08-29T07:14:31+09:00
株式会社ハリマビステム,はりまびすてむ,会社法第201条第3項及び第4項,https://www.bstem.co.jp/corporate/wp-content/uploads/2026/07/public_notice_of_resolution_20260728.pdf,2026-07-29,2026-08-12,横浜市西区みなとみらい2-2-1横浜ランドマークタワー,,2026-08-03T14:17:49+09:00,2026-08-12T06:59:06+09:00,2026-08-13T06:58:28+09:00
株式会社ビューティガレージ,びゅーてぃがれーじ,会社法第201条第3項及び第4項,https://contents.xj-storage.jp/xcontents/31800/483a43e9/146b/40b8/9525/75d1d92d1d6f/20260702130331096s.pdf,2026-07-29,2026-08-14,東京都世田谷区桜新町1-34-25,,2026-08-03T14:17:49+09:00,2026-08-14T06:58:17+09:00,2026-08-15T06:48:26+09:00
株式会社フェローテック,ふぇろーてっく,会社法第201条第4項,https://kmasterplus.pronexus.co.jp/release/26398160/1228162.pdf,2026-07-29,2026-08-13,東京都中央区日本橋2-3-4,,2026-08-03T14:17:49+09:00,2026-08-13T06:58:28+09:00,2026-08-14T06:58:17+09:00
株式会社プレシャスパートナーズ,ぷれしゃすぱーとなーず,会社法第124条第3項,https://storage.googleapis.com/studio-design-asset-files/projects/8dO87l92Wn/s-1x1_32ddf3ec-9907-40c9-9e0a-f66e18bf3fe3.pdf,2026-07-29,2026-08-17,東京都新宿区西新宿2-6-1,,2026-08-03T14:17:49+09:00,2026-08-17T06:46:46+09:00,2026-08-18T06:48:51+09:00
株式会社リード・リアルエステート,りーどりあるえすてーと,会社法第789条第2項及び第3項,https://www.lead-real.co.jp/ir/202607kyushubunkatsu.pdf,2026-07-29,2026-08-28,東京都渋谷区南平台町16-11,,2026-08-03T14:17:49+09:00,2026-08-28T09:37:19+09:00,2026-08-29T07:14:31+09:00
株式会社レミット,れみっと,会社法第799条第3項,https://k.secure.freee.co.jp/companies/1106770/announces/37713,2026-07-29,2026-08-29,東京都千代田区丸の内1-8-3丸の内トラストタワー本館20階,,2026-08-03T14:17:49+09:00,2026-08-29T13:39:57+09:00,2026-08-30T06:43:17+09:00
株式会社協和日成,きょうわにっせい,会社法第201条第3項及び第4項,https://www.kyowa-nissei.co.jp/publicnotice/pdf/20260729.pdf,2026-07-29,2026-08-14,東京都中央区入船3-8-5,,2026-08-03T14:17:49+09:00,2026-08-14T06:58:17+09:00,2026-08-15T06:48:26+09:00
株式会社名鉄百貨店,めいてつひゃっかてん,会社法第789条第3項,https://mds.e-meitetsu.com/media-download/5182/8c4cb78d186bbeb5/PDF/,2026-07-29,2026-08-28,名古屋市中村区名駅1-2-1,,2026-08-03T14:17:49+09:00,2026-08-28T09:37:19+09:00,2026-08-29T07:14:31+09:00
株式会社ＱＬＳホールディングス,きゅーえるえすほーるでぃんぐす,会社法第449条第3項,https://www.qlshd.co.jp/pdf/genshi.pdf,2026-07-29,2026-08-28,大阪市浪速区難波中1-12-5,,2026-08-03T14:17:49+09:00,2026-08-28T09:37:19+09:00,2026-08-29T07:14:31+09:00
株式会社ＳＨＩＦＴ,しふと,会社法第797条第3項及び第4項,https://contents.xj-storage.jp/xcontents/AS95685/ff65a1e0/b21e/4091/86d1/ccf0d7620d63/20260702161347664s.pdf,2026-07-29,2026-08-31,東京都港区麻布台1-3-1,,2026-08-03T14:17:49+09:00,2026-08-31T06:43:15+09:00,2026-09-01T06:43:15+09:00
株式会社ＳＨＩＦＴ,しふと,会社法第799条第2項及び第3項,https://contents.xj-storage.jp/xcontents/AS95685/ff65a1e0/b21e/4091/86d1/ccf0d7620d63/20260702161347664s.pdf,2026-07-29,2026-08-31,東京都港区麻布台1-3-1,,2026-08-03T14:17:49+09:00,2026-08-31T06:43:15+09:00,2026-09-01T06:43:15+09:00
株式会社ＳＨＩＦＴグロース・キャピタル,しふとぐろーすきゃぴたる,会社法第799条第2項及び第3項,https://www.shift-gc.jp/wp-content/uploads/2026/07/kokukoku20260728.pdf,2026-07-29,2026-08-31,東京都港区麻布台1-3-1,,2026-08-03T14:17:49+09:00,2026-08-31T06:43:15+09:00,2026-09-01T06:43:15+09:00
ＤＡＩＫＯ　ＸＴＥＣＨ株式会社,だいこうくろすてっく,会社法第201条第3項及び第4項,https://www.daiko-xtech.co.jp/_cms_/wp-content/uploads/2026/07/koukoku_02.pdf,2026-07-29,2026-08-15,東京都新宿区揚場町2-1,,2026-08-03T14:17:49+09:00,2026-08-15T06:48:26+09:00,2026-08-16T06:47:10+09:00
ＤＡＩＫＯ　ＸＴＥＣＨ株式会社,だいこうくろすてっく,会社法第201条第3項及び第4項,https://www.daiko-xtech.co.jp/_cms_/wp-content/uploads/2026/07/koukoku_01.pdf,2026-07-29,2026-08-15,東京都新宿区揚場町2-1,,2026-08-03T14:17:49+09:00,2026-08-15T06:48:26+09:00,2026-08-16T06:47:10+09:00
ＭＲＫホールディングス株式会社,えむあーるけいほーるでぃんぐす,会社法第449条第2項及び第3項,https://www.mrkholdings.co.jp/ir/e_cm/pdf/MRK_20260728.pdf,2026-07-29,2026-08-28,大阪市北区大淀中1-1-30,,2026-08-03T14:17:49+09:00,2026-08-28T09:37:19+09:00,2026-08-29T07:14:31+09:00
Ｓｔｒｉｄｅ　Ｄｉｇｉｔａｌ　Ｇｒｏｕｐ株式会社,すとらいどでじたるぐるーぷ,会社法第799条第2項及び第3項,https://www.alhinc.jp/uploads/2026/07/SDGbunkatsu202607.pdf,2026-07-29,2026-08-31,東京都目黒区目黒1-24-12,,2026-08-03T14:17:49+09:00,2026-08-31T06:43:15+09:00,2026-09-01T06:43:15+09:00
コムチュア株式会社,こむちゅあ,会社法第201条第3項及び第4項,https://kmasterplus.pronexus.co.jp/release/26364232/1228168.pdf,2026-07-30,2026-08-14,東京都品川区大崎1-11-2,,2026-08-03T14:17:49+09:00,2026-08-14T06:58:17+09:00,2026-08-15T06:48:26+09:00
ダイトウボウ株式会社,だいとうぼう,会社法第240条第2項及び第3項,https://www.daitobo.co.jp/pdf/20260730_koukokudbk.pdf,2026-07-30,2026-08-17,東京都中央区日本橋本町1-6-1,,2026-08-03T14:17:49+09:00,2026-08-17T06:46:46+09:00,2026-08-18T06:48:51+09:00
ニフティライフスタイル株式会社,にふてぃらいふすたいる,会社法第201条第3項及び第4項,https://contents.xj-storage.jp/xcontents/AS04904/54c3366b/4b1a/4017/ac0a/98bf256d73bf/20260722222009908s.pdf,2026-07-30,2026-08-14,東京都中野区本町2-46-1,,2026-08-03T14:17:49+09:00,2026-08-14T06:58:17+09:00,2026-08-15T06:48:26+09:00
塩水港精糖株式会社,えんすいこうせいとう,会社法第201条第3項及び第4項,https://www.ensuiko.co.jp/file/ir/20260729_koukoku.pdf,2026-07-30,2026-08-18,東京都中央区日本橋堀留町2-9-6,,2026-08-03T14:17:49+09:00,2026-08-18T06:48:51+09:00,2026-08-19T06:48:00+09:00
東邦ホールディングス株式会社,とうほうほーるでぃんぐす,会社法第201条第3項及び第4項,https://kmasterplus.pronexus.co.jp/release/26398175/1228157.pdf,2026-07-30,2026-08-14,東京都世田谷区代沢4-43-11,,2026-08-03T14:17:49+09:00,2026-08-14T06:58:17+09:00,2026-08-15T06:48:26+09:00
株式会社いつも,いつも,会社法第201条第3項及び第4項,https://contents.xj-storage.jp/xcontents/AS04724/61873570/06fd/4930/ba01/108213718a9a/20260723113114285s.pdf,2026-07-30,2026-08-14,東京都千代田区有楽町1-13-2第一生命日比谷ファースト,,2026-08-03T14:17:49+09:00,2026-08-14T06:58:17+09:00,2026-08-15T06:48:26+09:00
株式会社いつも,いつも,会社法第201条第3項及び第4項,https://contents.xj-storage.jp/xcontents/AS04724/d0091e05/be5f/4749/963d/8f32ab29c8c8/20260723112327782s.pdf,2026-07-30,2026-08-14,東京都千代田区有楽町1-13-2第一生命日比谷ファースト,,2026-08-03T14:17:49+09:00,2026-08-14T06:58:17+09:00,2026-08-15T06:48:26+09:00
株式会社ひとまいる,ひとまいる,会社法第201条第3項及び第4項,https://kmasterplus.pronexus.co.jp/release/26394860/1228167.pdf,2026-07-30,2026-08-14,東京都北区豊島2-3-1,,2026-08-03T14:17:49+09:00,2026-08-14T06:58:17+09:00,2026-08-15T06:48:26+09:00
株式会社アドベンチャー,あどべんちゃー,会社法第240条第2項及び第3項,https://storage.googleapis.com/prd-adventurekk/wp-content/uploads/358c10f4-.pdf,2026-07-30,2026-08-13,東京都渋谷区恵比寿4-20-3恵比寿ガーデンプレイスタワー4Ｆ,,2026-08-03T14:17:49+09:00,2026-08-13T06:58:28+09:00,2026-08-14T06:58:17+09:00
株式会社イントラスト,いんとらすと,会社法第240条第2項及び第3項,https://kmasterplus.pronexus.co.jp/release/26392885/1228092.pdf,2026-07-30,2026-08-14,東京都千代田区麹町1-4,,2026-08-03T14:17:49+09:00,2026-08-14T06:58:17+09:00,2026-08-15T06:48:26+09:00
株式会社データ・アプリケーション,でーたあぷりけーしょん,会社法第201条第3項及び第4項,https://www.dal.co.jp/ir/pdf/announcement_20260729001.pdf,2026-07-30,2026-08-14,東京都中央区八重洲2-2-1,,2026-08-03T14:17:49+09:00,2026-08-14T06:58:17+09:00,2026-08-15T06:48:26+09:00
株式会社トランザクション・メディア・ネットワークス,とらんざくしょんめでぃあねっとわーくす,会社法第201条第3項及び第4項,https://kmasterplus.pronexus.co.jp/release/26398596/1228163.pdf,2026-07-30,2026-08-14,東京都中央区日本橋2-11-2,,2026-08-03T14:17:49+09:00,2026-08-14T06:58:17+09:00,2026-08-15T06:48:26+09:00
株式会社ヌーラボ,ぬーらぼ,会社法第201条第3項及び第4項,https://kmasterplus.pronexus.co.jp/release/26394524/1228152.pdf,2026-07-30,2026-08-14,福岡市中央区大名1-8-6,,2026-08-03T14:17:49+09:00,2026-08-14T06:58:17+09:00,2026-08-15T06:48:26+09:00
株式会社ライドオンエクスプレスホールディングス,らいどおんえくすぷれすほーるでぃんぐす,会社法第201条第3項及び第4項,https://ir.rideonexpresshd.co.jp/ja/announce/main/00/teaserItems1/06/linkList/0/link/00.pdf,2026-07-30,2026-08-14,東京都港区三田3-5-27,,2026-08-03T14:17:49+09:00,2026-08-14T06:58:17+09:00,2026-08-15T06:48:26+09:00
株式会社中央倉庫,ちゅうおうそうこ,会社法第201条第3項及び第4項,https://www.chuosoko.co.jp/ir/kokoku/pdf/kokoku20260729.pdf,2026-07-30,2026-08-14,京都市下京区朱雀内畑町41,,2026-08-03T14:17:49+09:00,2026-08-14T06:58:17+09:00,2026-08-15T06:48:26+09:00
株式会社京都きもの友禅ホールディングス,きょうときものゆうぜんほーるでぃんぐす,会社法第201条第3項及び第4項,https://contents.xj-storage.jp/xcontents/AS01603/e55cc6bc/8a20/47ca/8b85/73a1617a2927/20260724131315011s.pdf,2026-07-30,2026-08-14,東京都中央区日本橋大伝馬町14-1,,2026-08-03T14:17:49+09:00,2026-08-14T06:58:17+09:00,2026-08-15T06:48:26+09:00
株式会社保険市場,ほけんいちば,会社法第449条第3項,https://www.advancecreate.co.jp/pdf/2026/20260730_gensho.pdf,2026-07-30,2026-08-31,大阪市中央区瓦町3-5-7,,2026-08-03T14:17:49+09:00,2026-08-31T06:43:15+09:00,2026-09-01T06:43:15+09:00
株式会社吉野家ホールディングス,よしのやほーるでぃんぐす,会社法第799条第2項及び第3項,https://contents.xj-storage.jp/xcontents/AS08813/595a3b70/d1e5/418d/967f/e8a06e6fde9c/20260729090545307s.pdf,2026-07-30,2026-08-29,東京都中央区日本橋箱崎町36-2,,2026-08-03T14:17:49+09:00,2026-08-29T13:39:57+09:00,2026-08-30T06:43:17+09:00
株式会社吉野家ホールディングス,よしのやほーるでぃんぐす,会社法第797条第3項及び第4項,https://contents.xj-storage.jp/xcontents/AS08813/595a3b70/d1e5/418d/967f/e8a06e6fde9c/20260729090545307s.pdf,2026-07-30,2026-08-31,東京都中央区日本橋箱崎町36-2,,2026-08-03T14:17:49+09:00,2026-08-31T06:43:15+09:00,2026-09-01T06:43:15+09:00
株式会社電算,でんさん,会社法第201条第3項及び第4項,https://www.ndensan.co.jp/koukoku/documents/260729rs.pdf,2026-07-30,2026-08-13,長野市鶴賀七瀬中町276-6,,2026-08-03T14:17:49+09:00,2026-08-13T06:58:28+09:00,2026-08-14T06:58:17+09:00
株式会社ＬｅＴｅｃｈ,りてっく,会社法第124条第3項,https://www.letech-corp.net/investor/notice/pdf/202607.pdf,2026-07-30,2026-08-13,大阪市北区堂山町3-3,,2026-08-03T14:17:49+09:00,2026-08-13T06:58:28+09:00,2026-08-14T06:58:17+09:00
瀧上工業株式会社,たきがみこうぎょう,会社法第201条第3項及び第4項,https://kmasterplus.pronexus.co.jp/release/26376470/1228126.pdf,2026-07-30,2026-08-17,愛知県半田市神明町1-1,,2026-08-03T14:17:49+09:00,2026-08-17T06:46:46+09:00,2026-08-18T06:48:51+09:00
サンユー建設株式会社,さんゆーけんせつ,会社法第449条第3項,https://kmasterplus.pronexus.co.jp/release/26395237/1228134.pdf,2026-07-31,2026-08-31,東京都大田区南雪谷2-17-8,,2026-08-03T14:17:49+09:00,2026-08-31T06:43:15+09:00,2026-09-01T06:43:15+09:00
リーウェイズ株式会社,りーうぇいず,会社法第790条第2項,https://012891fa-0907-4412-95f7-b3e647fd5876.filesusr.com/ugd/c62ae1_30678edfff704e8aa754beca3b45feb5.pdf,2026-07-31,2026-09-01,大阪府大阪市北区梅田1-3-1-400大阪駅前第一ビル4階1-110,,2026-08-03T14:17:49+09:00,2026-09-01T06:43:15+09:00,2026-09-02T06:43:32+09:00
広島ガス株式会社,ひろしまがす,会社法第201条第3項及び第4項,https://www.hiroshima-gas.co.jp/com/ir/upload_file/m008-/koukoku20260730.pdf,2026-07-31,2026-08-14,広島市南区皆実町2-7-1,,2026-08-03T14:17:49+09:00,2026-08-14T06:58:17+09:00,2026-08-15T06:48:26+09:00
日本金銭機械株式会社,にほんきんせんきかい,会社法第201条第3項及び第4項,https://www.jcm-hq.co.jp/ja/ir/announce/main/00/teaserItems1/0/linkList/0/link/20260731jikokabusyobun.pdf,2026-07-31,2026-08-21,大阪市浪速区難波中2-11-18,,2026-08-03T14:17:49+09:00,2026-08-03T15:26:28+09:00,2026-08-04T07:03:49+09:00
昭栄薬品株式会社,しょうえいやくひん,会社法第201条第3項及び第4項,https://kmasterplus.pronexus.co.jp/release/26395005/1228165.pdf,2026-07-31,2026-08-17,大阪市中央区安土町1-5-1,,2026-08-03T14:17:49+09:00,2026-08-17T06:46:46+09:00,2026-08-18T06:48:51+09:00
株式会社アクセル,あくせる,会社法第201条第3項及び第4項,https://www.axell.co.jp/ir/pdf/AXELL_RS202607.pdf,2026-07-31,2026-08-14,東京都千代田区外神田4-14-1,,2026-08-03T14:17:49+09:00,2026-08-14T06:58:17+09:00,2026-08-15T06:48:26+09:00
株式会社ウエストエネルギーソリューション,うえすとえねるぎーそりゅーしょん,会社法第799条第3項,https://www.west-gr.co.jp/official_notice/kokoku_20260730_01.pdf,2026-07-31,2026-08-31,広島市西区楠木町1-15-24,,2026-08-03T14:17:49+09:00,2026-08-31T06:43:15+09:00,2026-09-01T06:43:15+09:00
株式会社オルトプラス,おるとぷらす,会社法第124条第3項,https://contents.xj-storage.jp/xcontents/AS02407/10df1c09/79fd/4958/b62c/e27c00795a2c/20260724134425456s.pdf,2026-07-31,2026-08-14,東京都豊島区東池袋3-1-1,,2026-08-03T14:17:49+09:00,2026-08-14T06:58:17+09:00,2026-08-15T06:48:26+09:00
株式会社カネカ,かねか,会社法第240条第2項及び第3項,https://www.kaneka.co.jp/koukoku/20260730.pdf,2026-07-31,2026-08-14,大阪市北区中之島2-3-18,,2026-08-03T14:17:49+09:00,2026-08-14T06:58:17+09:00,2026-08-15T06:48:26+09:00
株式会社ジェネレーションパス,じぇねれーしょんぱす,会社法第799条第3項,https://contents.xj-storage.jp/xcontents/AS02643/9f1342a7/6b5f/466f/9820/1232307f3c10/20260727160023283s.pdf,2026-07-31,2026-08-31,東京都新宿区西新宿6-12-1,,2026-08-03T14:17:49+09:00,2026-08-31T06:43:15+09:00,2026-09-01T06:43:15+09:00
株式会社ジェネレーションパス,じぇねれーしょんぱす,会社法第797条第3項及び第4項,https://contents.xj-storage.jp/xcontents/AS02643/a636ddbd/ed68/4538/b945/f8be8e4effbe/20260727160200589s.pdf,2026-07-31,2026-08-31,東京都新宿区西新宿6-12-1,,2026-08-03T14:17:49+09:00,2026-08-31T06:43:15+09:00,2026-09-01T06:43:15+09:00
株式会社ジェネレーションパス,じぇねれーしょんぱす,会社法第799条第3項,https://contents.xj-storage.jp/xcontents/AS02643/a636ddbd/ed68/4538/b945/f8be8e4effbe/20260727160200589s.pdf,2026-07-31,2026-08-31,東京都新宿区西新宿6-12-1,,2026-08-03T14:17:49+09:00,2026-08-31T06:43:15+09:00,2026-09-01T06:43:15+09:00
株式会社ジェネレーションパス,じぇねれーしょんぱす,会社法第797条第3項及び第4項,https://contents.xj-storage.jp/xcontents/AS02643/9f1342a7/6b5f/466f/9820/1232307f3c10/20260727160023283s.pdf,2026-07-31,2026-08-31,東京都新宿区西新宿6-12-1,,2026-08-03T14:17:49+09:00,2026-08-31T06:43:15+09:00,2026-09-01T06:43:15+09:00
株式会社ディーエムエス,でぃーえむえす,会社法第201条第3項及び第4項,https://www.dmsjp.co.jp/cms/files/documents/ir/article/7/07-30-01.pdf,2026-07-31,2026-08-14,東京都千代田区神田小川町1-11,,2026-08-03T14:17:49+09:00,2026-08-14T06:58:17+09:00,2026-08-15T06:48:26+09:00
株式会社トップエンジニアリング,とっぷえんじにありんぐ,会社法第789条第3項,https://www.topeng.co.jp/dcms_media/other/koukoku_260801.pdf,2026-07-31,2026-08-31,東京都港区港南2-4-3,,2026-08-03T14:17:49+09:00,2026-08-31T06:43:15+09:00,2026-09-01T06:43:15+09:00
株式会社ビー・エム・エル,びーえむえる,会社法第201条第3項及び第4項,https://www.bml.co.jp/news/assets/pdf/bml_koukoku20260730.pdf,2026-07-31,2026-08-21,東京都渋谷区千駄ケ谷5-21-3,,2026-08-03T14:17:49+09:00,2026-08-21T06:49:45+09:00,2026-08-22T06:48:10+09:00
株式会社プレステージ・インターナショナル,ぷれすてーじいんたーなしょなる,会社法第201条第3項及び第4項,https://kmasterplus.pronexus.co.jp/release/26398725/1228169.pdf,2026-07-31,2026-08-17,東京都千代田区麹町2-4-1,,2026-08-03T14:17:49+09:00,2026-08-17T06:46:46+09:00,2026-08-18T06:48:51+09:00
株式会社ロック・フィールド,ろっくふぃーるど,会社法第201条第3項及び第4項,https://kmasterplus.pronexus.co.jp/release/26369630/1228159.pdf,2026-07-31,2026-08-14,神戸市東灘区魚崎浜町15-2,,2026-08-03T14:17:49+09:00,2026-08-14T06:58:17+09:00,2026-08-15T06:48:26+09:00
株式会社巴川コーポレーション,ともえがわこーぽれーしょん,会社法第201条第3項及び第4項,https://www.tomoegawa.co.jp/assets/pdf/ir/announce/koukoku20260731.pdf,2026-07-31,2026-08-22,東京都中央区京橋2-1-3,,2026-08-03T14:17:49+09:00,2026-08-22T06:48:10+09:00,2026-08-23T06:47:33+09:00
株式会社平山,ひらやま,会社法第799条第3項,https://www.hirayamastaff.co.jp/hirayama/news/2026/all/pr_260801.pdf,2026-07-31,2026-08-31,東京都港区港南1-8-40Ａ−ＰＬＡＣＥ品川6階,,2026-08-03T14:17:49+09:00,2026-08-31T06:43:15+09:00,2026-09-01T06:43:15+09:00
株式会社ＡＣＤＣ,えーしーでぃーしー,会社法第789条第3項,https://www.west-gr.co.jp/official_notice/kokoku_20260730_01.pdf,2026-07-31,2026-08-31,福島県伊達郡桑折町字上町35-1,,2026-08-03T14:17:49+09:00,2026-08-31T06:43:15+09:00,2026-09-01T06:43:15+09:00
株式会社ＡＬｉＮＫインターネット,ありんくいんたーねっと,会社法第789条第3項,https://www.alink.ne.jp/koukoku/koukoku20260729.pdf,2026-07-31,2026-08-31,東京都豊島区東池袋1-10-1,,2026-08-03T14:17:49+09:00,2026-08-31T06:43:15+09:00,2026-09-01T06:43:15+09:00
株式会社ＪＣＵ,じぇーしーゆー,会社法第201条第3項及び第4項,https://www.jcu-i.com/wp/wp-content/uploads/2026/07/electronic_public_notice_260723.pdf,2026-07-31,2026-08-17,東京都台東区東上野4-8-1,,2026-08-03T14:17:49+09:00,2026-08-17T06:46:46+09:00,2026-08-18T06:48:51+09:00
郵船不動産株式会社,ゆうせんふどうさん,会社法第799条第3項,https://yusenfudousan.com/wp/wp-content/uploads/2026/07/%E5%90%88%E4%BD%B5%E5%85%AC%E5%91%8A-1.pdf,2026-07-31,2026-09-01,東京都港区西新橋3-23-5,,2026-08-03T14:17:49+09:00,2026-09-01T06:43:15+09:00,2026-09-02T06:43:32+09:00
ＡＩ　ｉｎｓｉｄｅ株式会社,えーあいいんさいど,会社法第201条第3項及び第4項,https://contents.xj-storage.jp/xcontents/AS82001/b944bc77/bf39/42ef/8ceb/6cb9f2562586/20260723144355201s.pdf,2026-07-31,2026-08-14,東京都港区麻布台1-3-1,,2026-08-03T14:17:49+09:00,2026-08-14T06:58:17+09:00,2026-08-15T06:48:26+09:00
ＧＭＯオフィスサポート株式会社,じーえむおーおふぃすさぽーと,会社法第799条第3項,https://www.gmo-office.com/assets/pdf/company/koukoku_20260730.pdf,2026-07-31,2026-08-31,東京都渋谷区道玄坂1-2-3,,2026-08-03T14:17:49+09:00,2026-08-31T06:43:15+09:00,2026-09-01T06:43:15+09:00
アニコムホールディングス株式会社,あにこむほーるでぃんぐす,会社法第201条第3項及び第4項,https://contents.xj-storage.jp/xcontents/AS70962/8240bca3/da23/4e84/a253/b4984697bd46/20260717112924780s.pdf,2026-08-01,2026-08-20,東京都新宿区西新宿8-17-1住友不動産新宿グランドタワー39階,,2026-08-03T14:17:49+09:00,2026-08-20T06:49:02+09:00,2026-08-21T06:49:45+09:00
クリタ西日本株式会社,くりたにしにほん,会社法第799条第3項,https://west-japan.kurita.co.jp/news/release202608.pdf,2026-08-01,2026-08-31,大阪市北区天満橋1-8-30,,2026-08-03T14:17:49+09:00,2026-08-31T06:43:15+09:00,2026-09-01T06:43:15+09:00
クール・テック株式会社,くーるてっく,会社法第799条第3項,https://cooltech.jp/ir/notice/20260731.pdf,2026-08-01,2026-08-31,東京都狛江市東和泉2-16-30,,2026-08-03T14:17:49+09:00,2026-08-31T06:43:15+09:00,2026-09-01T06:43:15+09:00
スパイラルローキャス株式会社,すぱいらるろーきゃす,会社法第799条第3項,https://storage.googleapis.com/studio-design-asset-files/projects/1pqD9QlYaj/s-1x1_e61f9594-7cae-4c70-95d9-879d61b0cf6f.pdf,2026-08-01,2026-08-31,名古屋市中村区名駅南2-14-19,,2026-08-03T14:17:49+09:00,2026-08-31T06:43:15+09:00,2026-09-01T06:43:15+09:00
スパイラル株式会社,すぱいらる,会社法第789条第3項,https://www.spiral-platform.co.jp/wp-content/uploads/company/e-publicnotice/split202607.pdf,2026-08-01,2026-08-31,東京都港区赤坂2-9-11,,2026-08-03T14:17:49+09:00,2026-08-31T06:43:15+09:00,2026-09-01T06:43:15+09:00
マクセル株式会社,まくせる,会社法第201条第3項及び第4項,https://www.maxell.co.jp/ir/koukoku/pdf/rs_2026.pdf,2026-08-01,2026-08-20,京都府乙訓郡大山崎町大山崎小泉1,,2026-08-03T14:17:49+09:00,2026-08-20T06:49:02+09:00,2026-08-21T06:49:45+09:00
京都信用金庫,きょうとしんようきんこ,民間公益活動を促進するための休眠預金等に係る資金の活用に関する法律第3条第1項,https://www.kyoto-shinkin.co.jp/info/pdf/kyumin-denshikoukoku260801.pdf,2026-08-01,2026-09-30,京都市下京区四条通柳馬場東入立売東町7,,2026-08-03T14:17:49+09:00,2026-09-05T06:43:22+09:00,
室蘭信用金庫,むろらんしんようきんこ,民間公益活動を促進するための休眠預金等に係る資金の活用に関する法律第3条第1項,https://www.shinkin.co.jp/muroshin/pdf/kyuumin2026.pdf,2026-08-01,2026-10-02,北海道室蘭市海岸町1-4-1,,2026-08-03T14:17:49+09:00,2026-09-05T06:43:22+09:00,
栗田工業株式会社,くりたこうぎょう,会社法第789条第3項,https://www.kurita-water.com/ir/stock-and-bond/assets/pdf/notice_20260731.pdf,2026-08-01,2026-08-31,東京都中野区中野4-10-1,,2026-08-03T14:17:49+09:00,2026-08-31T06:43:15+09:00,2026-09-01T06:43:15+09:00
株式会社あおぞら銀行,あおぞらぎんこう,信託業法第41条第3項,https://www.aozorabank.co.jp/ir/announcement/pdf/20260731_shintaku.pdf,2026-08-01,2026-09-03,東京都千代田区麹町6-1-1,,2026-08-03T14:17:49+09:00,2026-09-03T06:43:38+09:00,2026-09-04T06:43:17+09:00
株式会社アストロスケールホールディングス,あすとろすけーるほーるでぃんぐす,会社法第449条第2項及び第3項,https://contents.xj-storage.jp/xcontents/AS82438/c790b021/2142/4151/8417/91621cd96eb2/20260722173457257s.pdf,2026-08-01,2026-08-31,東京都墨田区錦糸4-17-1,,2026-08-03T14:17:49+09:00,2026-08-31T06:43:15+09:00,2026-09-01T06:43:15+09:00
株式会社タムラ製作所,たむらせいさくしょ,会社法第789条第3項,https://www.tamuracorp.com/ir/stock/pdf/public-notice_260731jp.pdf,2026-08-01,2026-09-01,東京都練馬区東大泉1-19-43,,2026-08-03T14:17:49+09:00,2026-09-01T06:43:15+09:00,2026-09-02T06:43:32+09:00
株式会社ファースト・オートメーション,ふぁーすとおーとめーしょん,会社法第789条第3項,https://storage.googleapis.com/studio-design-asset-files/projects/xPORlkvyar/s-1x1_a21ad15a-d30d-47bf-92c7-7e33b72bf94c.pdf,2026-08-01,2026-08-31,名古屋市西区那古野2-14-1なごのキャンパス,,2026-08-03T14:17:49+09:00,2026-08-31T06:43:15+09:00,2026-09-01T06:43:15+09:00
株式会社ミックウェア,みっくうぇあ,会社法第789条第3項,https://micware.co.jp/assets/files/finance/ATCS_MWC_MNC.pdf,2026-08-01,2026-08-31,神戸市中央区浪花町59,,2026-08-03T14:17:49+09:00,2026-08-31T06:43:15+09:00,2026-09-01T06:43:15+09:00
株式会社ミックウェアオートモーティブ,みっくうぇあおーともーてぃぶ,会社法第799条第3項,https://micware.co.jp/assets/files/finance/ATCS_MAC_MNC.pdf,2026-08-01,2026-08-31,神戸市中央区浪花町59,,2026-08-03T14:17:49+09:00,2026-08-31T06:43:15+09:00,2026-09-01T06:43:15+09:00
株式会社ミックウェアオートモーティブ,みっくうぇあおーともーてぃぶ,会社法第789条第3項,https://micware.co.jp/assets/files/finance/ATCS_MAC_MNC.pdf,2026-08-01,2026-08-31,神戸市中央区浪花町59,,2026-08-03T14:17:49+09:00,2026-08-31T06:43:15+09:00,2026-09-01T06:43:15+09:00
株式会社横浜銀行,よこはまぎんこう,資金決済に関する法律第20条第2項,https://www.boy.co.jp/shared/pdf/k_t/202607.pdf,2026-08-01,2026-10-31,横浜市西区みなとみらい3-1-1,,2026-08-03T14:17:49+09:00,2026-09-05T06:43:22+09:00,
株式会社ＦＪネクストホールディングス,えふじぇーねくすとほーるでぃんぐす,会社法第201条第3項及び第4項,https://contents.xj-storage.jp/xcontents/89350/c4394e78/66d6/44ec/9f31/0efaf789c20e/20260724095518003s.pdf,2026-08-01,2026-08-19,東京都新宿区西新宿6-5-1,,2026-08-03T14:17:49+09:00,2026-08-19T06:48:00+09:00,2026-08-20T06:49:02+09:00
株式会社Ｇａｃｈａｃｏ,がちゃこ,会社法第449条第3項,https://e-kokoku.biz/file/uploads/2026/07/gachaco202607.pdf,2026-08-01,2026-08-31,東京都港区芝公園2-8-2ＴＨＥＣＯＲＮＥＲ芝公園4階,,2026-08-03T14:17:49+09:00,2026-08-31T06:43:15+09:00,2026-09-01T06:43:15+09:00
株式会社ＮＴＴドコモ,えぬてぃてぃどこも,会社法第789条第3項,https://www.docomo.ne.jp/binary/pdf/corporate/disclosure/announcement/260731_00.pdf,2026-08-01,2026-08-31,東京都千代田区永田町2-11-1,,2026-08-03T14:17:49+09:00,2026-08-31T06:43:15+09:00,2026-09-01T06:43:15+09:00
株式会社Ｎｅｗ　Ｉｎｎｏｖａｔｉｏｎｓ,にゅーいのべーしょんず,会社法第799条第3項,https://newinov.com/wp-content/uploads/2026/07/76fbe8275d41e393b6e189b9110d78fe.pdf,2026-08-01,2026-08-31,東京都江東区豊洲6-4-34,,2026-08-03T14:17:49+09:00,2026-08-31T06:43:15+09:00,2026-09-01T06:43:15+09:00
沖電気工業株式会社,おきでんきこうぎょう,会社法第201条第3項及び第4項,https://www.oki.com/global/ja/ir/assets_c/uploads/okikoukoku_20260731.pdf,2026-08-01,2026-08-17,東京都港区虎ノ門1-7-12,,2026-08-03T14:17:49+09:00,2026-08-17T06:46:46+09:00,2026-08-18T06:48:51+09:00
ＢＥＥＮＯＳ株式会社,びーのす,会社法第799条第3項,https://beenos.com/file/company/7480/20260731_bns.pdf,2026-08-01,2026-08-31,東京都品川区西五反田8-4-13,,2026-08-03T14:17:49+09:00,2026-08-31T06:43:15+09:00,2026-09-01T06:43:15+09:00
コムチュア株式会社,こむちゅあ,会社法第799条第2項及び第3項,https://kmasterplus.pronexus.co.jp/release/26364234/1228174.pdf,2026-08-03,2026-09-03,東京都品川区大崎1-11-2,,2026-08-03T14:17:49+09:00,2026-09-03T06:43:38+09:00,2026-09-04T06:43:17+09:00
コムチュア株式会社,こむちゅあ,会社法第797条第3項及び第4項,https://kmasterplus.pronexus.co.jp/release/26364234/1228174.pdf,2026-08-03,2026-09-30,東京都品川区大崎1-11-2,,2026-08-03T14:17:49+09:00,2026-09-05T06:43:22+09:00,
テイカ株式会社,ていか,会社法第201条第3項及び第4項,https://www.tayca.co.jp/wp/wp-content/uploads/2026/07/20260728PDF.pdf,2026-08-03,2026-08-20,大阪市大正区船町1-3-47,,2026-08-03T14:17:49+09:00,2026-08-20T06:49:02+09:00,2026-08-21T06:49:45+09:00
名南Ｍ＆Ａ株式会社,めいなんえむあんどえー,会社法第797条第3項及び第4項,https://kmasterplus.pronexus.co.jp/release/26392957/1228133.pdf,2026-08-03,2026-09-30,名古屋市中村区名駅1-1-1ＪＰタワー名古屋,,2026-08-03T14:17:49+09:00,2026-09-05T06:43:22+09:00,
名南Ｍ＆Ａ株式会社,めいなんえむあんどえー,会社法第799条第2項及び第3項,https://kmasterplus.pronexus.co.jp/release/26392957/1228133.pdf,2026-08-03,2026-09-03,名古屋市中村区名駅1-1-1ＪＰタワー名古屋,,2026-08-03T14:17:49+09:00,2026-09-03T06:43:38+09:00,2026-09-04T06:43:17+09:00
徳倉建設株式会社,とくらけんせつ,会社法第201条第3項及び第4項,https://kmasterplus.pronexus.co.jp/release/26376471/1228118.pdf,2026-08-03,2026-08-18,名古屋市中区錦3-13-5,,2026-08-03T14:17:49+09:00,2026-08-18T06:48:51+09:00,2026-08-19T06:48:00+09:00
株式会社メタプラネット,めたぷらねっと,会社法第124条第3項,https://metaplanet.jp/electronic-notifications/ja/20260731.pdf,2026-08-03,2026-08-17,東京都港区六本木6-10-1,,2026-08-03T14:17:49+09:00,2026-08-10T06:52:06+09:00,2026-08-11T06:56:35+09:00
株式会社メニコン,めにこん,会社法第240条第2項及び第3項,https://contents.xj-storage.jp/xcontents/AS08353/4ee5d9e2/4b9e/445c/a4d0/6d318d0e6a9d/20260724104247301s.pdf,2026-08-03,2026-08-17,名古屋市中区葵3-21-19,,2026-08-03T14:17:49+09:00,2026-08-17T06:46:46+09:00,2026-08-18T06:48:51+09:00
株式会社ワールド,わーるど,会社法第201条第3項及び第4項,https://corp.world.co.jp/company/notice/pdf/20260803.pdf,2026-08-03,2026-08-18,神戸市中央区港島中町6-8-1,,2026-08-03T14:17:49+09:00,2026-08-18T06:48:51+09:00,2026-08-19T06:48:00+09:00
株式会社南陽,なんよう,会社法第201条第3項及び第4項,https://www.nanyo.co.jp/wp/wp-content/uploads/jp/pdf/koukoku0803.pdf,2026-08-03,2026-08-19,福岡市博多区博多駅前3-19-8,,2026-08-03T14:17:49+09:00,2026-08-19T06:48:00+09:00,2026-08-20T06:49:02+09:00
株式会社海帆,かいはん,会社法第797条第4項,https://kmasterplus.pronexus.co.jp/release/26398574/1228170.pdf,2026-08-03,2026-08-24,名古屋市中村区名駅4-15-15名古屋綜合市場ビル,,2026-08-03T14:17:49+09:00,2026-08-24T06:47:21+09:00,2026-08-25T06:49:51+09:00
アルピコホールディングス株式会社,あるぴこほーるでぃんぐす,会社法第201条第3項及び第4項,https://holdings.alpico.co.jp/hubfs/holdings.alpico.co.jp/ir/public_notice/hd-koukoku_rs-202608.pdf,2026-08-04,2026-08-19,長野県松本市井川城2-1-1,,2026-08-04T07:03:49+09:00,2026-08-19T06:48:00+09:00,2026-08-20T06:49:02+09:00
イノテック株式会社,いのてっく,会社法第201条第3項及び第4項,https://www.innotech.co.jp/news/pdf/386a4e2994cede8d702cb71b9a5cb7e6.pdf,2026-08-04,2026-08-21,横浜市港北区新横浜3-17-6,,2026-08-04T07:03:49+09:00,2026-08-21T06:49:45+09:00,2026-08-22T06:48:10+09:00
ポラリス・ホールディングス株式会社,ぽらりすほーるでぃんぐす,会社法第201条第3項及び第4項,https://pdf.irpocket.com/C3010/xoA3/Ef45/L0mf/arEF.pdf,2026-08-04,2026-08-21,東京都中央区新川1-23-5,,2026-08-04T07:03:49+09:00,2026-08-21T06:49:45+09:00,2026-08-22T06:48:10+09:00
化成品商事株式会社,かせいひんしょうじ,会社法第449条第3項,https://www.kaseihin.co.jp/securewp/wp-content/uploads/2026/07/capital_reduction.pdf,2026-08-04,2026-09-03,東京都中央区東日本橋3-10-6,,2026-08-04T07:03:49+09:00,2026-09-03T06:43:38+09:00,2026-09-04T06:43:17+09:00
大崎電気工業株式会社,おおさきでんきこうぎょう,会社法第799条第2項及び第3項,https://www.osaki.co.jp/ja/ir/announce/main/0/teaserItems1/0/linkList/00/link/20260803koukoku.pdf,2026-08-04,2026-09-07,東京都品川区東五反田2-10-2,,2026-08-04T07:03:49+09:00,2026-09-05T06:43:22+09:00,
富士ユナイトホールディングス株式会社,ふじゆないとほーるでぃんぐす,会社法第201条第3項及び第4項,https://kmasterplus.pronexus.co.jp/release/26394634/1228172.pdf,2026-08-04,2026-08-19,東京都千代田区神田駿河台4-3,,2026-08-04T07:03:49+09:00,2026-08-19T06:48:00+09:00,2026-08-20T06:49:02+09:00
帝人株式会社,ていじん,会社法第198条第1項,https://www.teijin.co.jp/ir/stocks/electric-announcement/pdf/ea_260804.pdf,2026-08-04,2026-11-05,大阪市北区中之島3-2-4,,2026-08-04T07:03:49+09:00,2026-09-05T06:43:22+09:00,
平安レイサービス株式会社,へいあんれいさーびす,会社法第449条第3項,https://heian-group.co.jp/wp-content/uploads/2026/08/genshikoukoku.pdf,2026-08-04,2026-09-03,神奈川県平塚市桜ケ丘1-35,,2026-08-04T07:03:49+09:00,2026-09-03T06:43:38+09:00,2026-09-04T06:43:17+09:00
日本アンテナ株式会社,にっぽんあんてな,会社法第789条第3項,https://www.nippon-antenna.co.jp/ja/ir/announce/main/00/teaserItems1/0/linkList/0/link/20260803.pdf,2026-08-04,2026-09-03,東京都荒川区西尾久7-49-8,,2026-08-04T07:03:49+09:00,2026-09-03T06:43:38+09:00,2026-09-04T06:43:17+09:00
日本新薬株式会社,にっぽんしんやく,会社法第201条第3項及び第4項,https://www.nippon-shinyaku.co.jp/ir/lib/pdf/koukoku202607.pdf,2026-08-04,2026-08-19,京都市南区吉祥院西ノ庄門口町14,,2026-08-04T07:03:49+09:00,2026-08-19T06:48:00+09:00,2026-08-20T06:49:02+09:00
日本製麻株式会社,にほんせいま,会社法第789条第2項及び第3項,https://www.nihonseima.co.jp/pdf/announce/20260803_kyusyubunkatu_koukoku.pdf,2026-08-04,2026-09-03,富山県砺波市下中3-3,,2026-08-04T07:03:49+09:00,2026-09-03T06:43:38+09:00,2026-09-04T06:43:17+09:00
日本軽金属株式会社,にっぽんけいきんぞく,会社法第789条第3項,https://www.nikkeikin.co.jp/pdf/koukoku/p2026080301.pdf,2026-08-04,2026-09-03,東京都港区新橋1-1-13,,2026-08-04T07:03:49+09:00,2026-09-03T06:43:38+09:00,2026-09-04T06:43:17+09:00
日本金銭機械株式会社,にほんきんせんきかい,会社法第201条第3項及び第4項,https://www.jcm-hq.co.jp/ja/ir/announce/main/00/teaserItems1/0/linkList/0/link/20260731jikokabusyobun.pdf,2026-08-04,2026-08-21,大阪市浪速区難波中2-11-18,,2026-08-04T07:03:49+09:00,2026-08-21T06:49:45+09:00,2026-08-22T06:48:10+09:00
株式会社いつも,いつも,会社法第240条第2項及び第3項,https://contents.xj-storage.jp/xcontents/AS04724/d84eba8b/7761/4467/b736/15c25861c433/20260727153143909s.pdf,2026-08-04,2026-08-20,東京都千代田区有楽町1-13-2第一生命日比谷ファースト,,2026-08-04T07:03:49+09:00,2026-08-20T06:49:02+09:00,2026-08-21T06:49:45+09:00
株式会社エムティーアイ・ヘルスケア・ホールディングス,えむてぃーあいへるすけあほーるでぃんぐす,会社法第449条第3項,https://ir.mti.co.jp/public_notice/2026/20260803_HD.pdf,2026-08-04,2026-09-03,東京都新宿区西新宿3-20-2,,2026-08-04T07:03:49+09:00,2026-09-03T06:43:38+09:00,2026-09-04T06:43:17+09:00
株式会社コンヴァノ,こんう゛ぁの,会社法第449条第2項及び第3項,https://contents.xj-storage.jp/xcontents/AS03725/2cf84053/d50a/4b5c/9242/cdb6ef107047/20260728185657949s.pdf,2026-08-04,2026-09-03,東京都渋谷区桜丘町22-14Ｎ．Ｅ．Ｓ．ビルＳ棟Ｂ3Ｆ,,2026-08-04T07:03:49+09:00,2026-09-03T06:43:38+09:00,2026-09-04T06:43:17+09:00
株式会社タウ,たう,会社法第799条第2項及び第3項,https://tau.co.jp/wp-tau/wp-content/uploads/2026/07/%E9%9B%BB%E5%AD%90%E5%85%AC%E5%91%8A.pdf,2026-08-04,2026-09-06,埼玉県さいたま市中央区新都心11-2,,2026-08-04T07:03:49+09:00,2026-09-05T06:43:22+09:00,
株式会社ティラド,てぃらど,会社法第201条第3項及び第4項,https://www.trad.co.jp/ir/electronic/eannounce260731.pdf,2026-08-04,2026-08-21,東京都渋谷区代々木3-25-3,,2026-08-04T07:03:49+09:00,2026-08-21T06:49:45+09:00,2026-08-22T06:48:10+09:00
株式会社トーエネック,とーえねっく,会社法第201条第3項及び第4項,https://www.toenec.co.jp/docs/announcement2026.pdf,2026-08-04,2026-08-21,名古屋市中区栄1-31-23,,2026-08-04T07:03:49+09:00,2026-08-21T06:49:45+09:00,2026-08-22T06:48:10+09:00
株式会社ニチダイ,にちだい,会社法第201条第3項及び第4項,https://www.nichidai.jp/ir/pdf/announcement_260730.pdf,2026-08-04,2026-08-21,京都府京田辺市薪北町田13,,2026-08-04T07:03:49+09:00,2026-08-21T06:49:45+09:00,2026-08-22T06:48:10+09:00
株式会社ニレコ,にれこ,会社法第201条第3項及び第4項,https://www.nireco.jp/wp/wp-content/uploads/sites/12/nireco_e-announcement2026_0804.pdf,2026-08-04,2026-08-20,東京都八王子市石川町2951-4,,2026-08-04T07:03:49+09:00,2026-08-20T06:49:02+09:00,2026-08-21T06:49:45+09:00
株式会社ハルメクホールディングス,はるめくほーるでぃんぐす,会社法第201条第3項及び第4項,https://contents.xj-storage.jp/xcontents/AS09184/0daf7df7/a3cc/4b5c/8574/245191b4dc4f/20260721105952287s.pdf,2026-08-04,2026-08-20,東京都新宿区神楽坂4-1-1,,2026-08-04T07:03:49+09:00,2026-08-20T06:49:02+09:00,2026-08-21T06:49:45+09:00
株式会社ベルーナ,べるーな,会社法第201条第3項及び第4項,https://www.belluna.co.jp/irinfo/pdf/J/20260723jikokabushikishobuntorishimariyakuketsugiJ.pdf,2026-08-04,2026-08-21,埼玉県上尾市宮本町4-2,,2026-08-04T07:03:49+09:00,2026-08-21T06:49:45+09:00,2026-08-22T06:48:10+09:00
株式会社ミクリード,みくりーど,会社法第201条第3項及び第4項,https://contents.xj-storage.jp/xcontents/AS71207/a1d2bad8/cf30/4dd3/a8b7/373960819123/20260722175742968s.pdf,2026-08-04,2026-08-19,東京都新宿区西新宿2-3-1,,2026-08-04T07:03:49+09:00,2026-08-19T06:48:00+09:00,2026-08-20T06:49:02+09:00
株式会社ミマキエンジニアリング,みまきえんじにありんぐ,会社法第201条第3項及び第4項,https://ir.mimaki.com/hubfs/converted_ablog/260803_RS_koukoku.pdf,2026-08-04,2026-08-24,長野県東御市滋野乙2182-3,,2026-08-04T07:03:49+09:00,2026-08-24T06:47:21+09:00,2026-08-25T06:49:51+09:00
株式会社ＫＶＫ,けーぶいけー,会社法第201条第3項及び第4項,https://www.kvk.co.jp/ir/ad/file/electronic_public_notice_20260803.pdf,2026-08-04,2026-08-18,岐阜県加茂郡富加町高畑字稲荷641,,2026-08-04T07:03:49+09:00,2026-08-18T06:48:51+09:00,2026-08-19T06:48:00+09:00
株式会社ＳＦＩＤＡ　Ｘ,すふぃーだくろす,会社法第810条第3項,https://www.sfidax.jp/pdf/20260804_e_publicnotice_01.pdf,2026-08-04,2026-09-04,東京都新宿区西新宿6-18-1,,2026-08-04T07:03:49+09:00,2026-09-04T06:43:17+09:00,2026-09-05T06:43:22+09:00
株式会社ＳＦＩＤＡ　Ｘ,すふぃーだくろす,会社法第218条第1項,https://www.sfidax.jp/pdf/20260804_e_publicnotice_02.pdf,2026-08-04,2026-08-19,東京都新宿区西新宿6-18-1,,2026-08-04T07:03:49+09:00,2026-08-19T06:48:00+09:00,2026-08-20T06:49:02+09:00
株式会社ＴＷＣ,てぃーだぶりゅーしー,会社法第789条第2項及び第3項,https://tau.co.jp/wp-tau/wp-content/uploads/2026/07/%E9%9B%BB%E5%AD%90%E5%85%AC%E5%91%8A.pdf,2026-08-04,2026-09-06,埼玉県飯能市大字阿須500-1,,2026-08-04T07:03:49+09:00,2026-09-05T06:43:22+09:00,
関東電化工業株式会社,かんとうでんかこうぎょう,会社法第849条第5項,https://contents.xj-storage.jp/xcontents/AS01440/12902d12/6ca7/474f/89eb/d056a3a069bd/20260729135159062s.pdf,2026-08-04,2026-09-04,東京都千代田区丸の内2-3-2,,2026-08-04T07:03:49+09:00,2026-09-04T06:43:17+09:00,2026-09-05T06:43:22+09:00
ＴＯＷＡ株式会社,とーわ,会社法第201条第3項及び第4項,https://www.towajapan.co.jp/jp/wp-content/uploads/sites/2/2026/08/koukoku_20260803.pdf,2026-08-04,2026-08-18,京都市南区上鳥羽上調子町5,,2026-08-04T07:03:49+09:00,2026-08-18T06:48:51+09:00,2026-08-19T06:48:00+09:00
ぷらっとホーム株式会社,ぷらっとほーむ,会社法第240条第2項及び第3項,https://kmasterplus.pronexus.co.jp/release/26399318/1228180.pdf,2026-08-05,2026-08-20,東京都千代田区九段北4-1-3,,2026-08-05T07:04:38+09:00,2026-08-20T06:49:02+09:00,2026-08-21T06:49:45+09:00
アストマックス株式会社,あすとまっくす,会社法第201条第3項及び第4項,https://www.astmax.co.jp/pdf/boshu20260805.pdf,2026-08-05,2026-08-24,東京都品川区東五反田2-10-2,,2026-08-05T07:04:38+09:00,2026-08-24T06:47:21+09:00,2026-08-25T06:49:51+09:00
ジオリーブグループ株式会社,じおりーぶぐるーぷ,会社法第201条第3項及び第4項,https://contents.xj-storage.jp/xcontents/AS02984/024624e9/88dc/4e54/a09b/a3d1296f229d/20260727135943928s.pdf,2026-08-05,2026-08-19,東京都港区新橋6-3-4,,2026-08-05T07:04:38+09:00,2026-08-19T06:48:00+09:00,2026-08-20T06:49:02+09:00
ユアサ・フナショク株式会社,ゆあさふなしょく,会社法第201条第3項及び第4項,https://kmasterplus.pronexus.co.jp/release/26391458/1228173.pdf,2026-08-05,2026-08-20,千葉県船橋市宮本4-18-6,,2026-08-05T07:04:38+09:00,2026-08-20T06:49:02+09:00,2026-08-21T06:49:45+09:00
レシップホールディングス株式会社,れしっぷほーるでぃんぐす,会社法第201条第3項及び第4項,https://www.lecip.com/ir/pdf/prs20260803.pdf,2026-08-05,2026-08-20,岐阜県本巣市上保1260-2,,2026-08-05T07:04:38+09:00,2026-08-20T06:49:02+09:00,2026-08-21T06:49:45+09:00
日本シイエムケイ株式会社,にっぽんしいえむけい,会社法第201条第3項及び第4項,https://www.cmk-corp.com/ir/20260804koukoku.pdf,2026-08-05,2026-08-21,東京都新宿区西新宿6-5-1,,2026-08-05T07:04:38+09:00,2026-08-21T06:49:45+09:00,2026-08-22T06:48:10+09:00
日本ナレッジ株式会社,にほんなれっじ,会社法第201条第3項及び第4項,https://kmasterplus.pronexus.co.jp/release/26400270/1228183.pdf,2026-08-05,2026-08-20,東京都台東区寿3-19-5,,2026-08-05T07:04:38+09:00,2026-08-20T06:49:02+09:00,2026-08-21T06:49:45+09:00
日本電気株式会社,にっぽんでんき,会社法第797条第3項及び第4項,https://group.nec/assets/global/ja/about/ir/stock/e-ad/260804-01.pdf,2026-08-05,2026-09-30,東京都港区芝5-7-1,,2026-08-05T07:04:38+09:00,2026-09-05T06:43:22+09:00,
日本電気株式会社,にっぽんでんき,会社法第799条第3項,https://group.nec/assets/global/ja/about/ir/stock/e-ad/260804-01.pdf,2026-08-05,2026-09-04,東京都港区芝5-7-1,,2026-08-05T07:04:38+09:00,2026-09-04T06:43:17+09:00,2026-09-05T06:43:22+09:00
日産自動車株式会社,にっさんじどうしゃ,会社法第201条第3項及び第4項,https://www.nissan-global.com/JP/IR/STOCK/KOUKOKU/ASSETS/PDF/20260804_koukoku01.pdf,2026-08-05,2026-09-02,横浜市神奈川区宝町2,,2026-08-05T07:04:38+09:00,2026-09-02T06:43:32+09:00,2026-09-03T06:43:38+09:00
東京製綱株式会社,とうきょうせいこう,会社法第201条第3項及び第4項,https://www.tokyorope.co.jp/ir/pdf/publicnotice/pn20260724_2.pdf,2026-08-05,2026-08-21,東京都江東区永代2-37-28,,2026-08-05T07:04:38+09:00,2026-08-21T06:49:45+09:00,2026-08-22T06:48:10+09:00
東京製綱株式会社,とうきょうせいこう,会社法第201条第3項及び第4項,https://www.tokyorope.co.jp/ir/pdf/publicnotice/pn20260724_1.pdf,2026-08-05,2026-08-21,東京都江東区永代2-37-28,,2026-08-05T07:04:38+09:00,2026-08-21T06:49:45+09:00,2026-08-22T06:48:10+09:00
株式会社アクアライン,あくあらいん,会社法第181条第1項及び第2項並びに会社法第182条の4第3項,https://www.aqualine.jp/ir/notice/koukoku_heigou_260723.pdf,2026-08-05,2026-08-25,広島市中区上八丁堀8-8第1ウエノヤビル6Ｆ,,2026-08-05T07:04:38+09:00,2026-08-25T06:49:51+09:00,2026-08-26T06:49:54+09:00
株式会社ダイドーリミテッド,だいどーりみてっど,会社法第201条第3項及び第4項,https://www.daidoh-limited.com/ir/pdf/koukoku/r08_1_k.pdf,2026-08-05,2026-08-20,東京都千代田区外神田3-1-16,,2026-08-05T07:04:38+09:00,2026-08-20T06:49:02+09:00,2026-08-21T06:49:45+09:00
株式会社トーエル,とーえる,会社法第201条第3項及び第4項,https://www.toell.co.jp/ir/image/pageset/denshikoukoku_260804.pdf,2026-08-05,2026-08-25,横浜市港北区高田西1-5-21,,2026-08-05T07:04:38+09:00,2026-08-25T06:49:51+09:00,2026-08-26T06:49:54+09:00
株式会社ドリコム,どりこむ,会社法第201条第3項及び第4項,https://drecom.co.jp/ir/public-notice_20260805.pdf,2026-08-05,2026-08-21,東京都品川区大崎2-1-1,,2026-08-05T07:04:38+09:00,2026-08-21T06:49:45+09:00,2026-08-22T06:48:10+09:00
株式会社レント,れんと,会社法第201条第3項及び第4項,https://kmasterplus.pronexus.co.jp/release/26398186/1228179.pdf,2026-08-05,2026-08-20,静岡市駿河区国吉田1-6-10,,2026-08-05T07:04:38+09:00,2026-08-20T06:49:02+09:00,2026-08-21T06:49:45+09:00
株式会社ｓｈａｂｅｌｌ,しゃべる,会社法第449条第3項,https://storage.googleapis.com/studio-design-asset-files/projects/1pqDvL35Wj/s-1x1_708de9d7-0c8d-4ba8-aa76-86fcc4a7d6f8.pdf,2026-08-05,2026-09-07,東京都渋谷区神宮前6-18-5,,2026-08-05T07:04:38+09:00,2026-09-05T06:43:22+09:00,
ＥＩＺＯ株式会社,えいぞー,会社法第799条第3項,https://www.eizo.co.jp/ir/announcement/koukoku20260804.pdf,2026-08-05,2026-09-04,石川県白山市下柏野町153,,2026-08-05T07:04:38+09:00,2026-09-04T06:43:17+09:00,2026-09-05T06:43:22+09:00
ＥＩＺＯ株式会社,えいぞー,会社法第797条第3項及び第4項,https://www.eizo.co.jp/ir/announcement/koukoku20260804.pdf,2026-08-05,2026-09-30,石川県白山市下柏野町153,,2026-08-05T07:04:38+09:00,2026-09-05T06:43:22+09:00,
ｎｍｓホールディングス株式会社,えぬえむえすほーるでぃんぐす,会社法第179条の4第1項及び社債、株式等の振替に関する法律第161条第2項,https://kmasterplus.pronexus.co.jp/release/26402262/1228191.pdf,2026-08-05,2026-09-01,東京都新宿区西新宿3-20-2,,2026-08-05T07:04:38+09:00,2026-09-01T06:43:15+09:00,2026-09-02T06:43:32+09:00
エレコム株式会社,えれこむ,会社法第201条第3項及び第4項,https://kmasterplus.pronexus.co.jp/release/26398125/1228176.pdf,2026-08-06,2026-08-21,大阪市中央区伏見町4-1-1,,2026-08-06T07:05:07+09:00,2026-08-21T06:49:45+09:00,2026-08-22T06:48:10+09:00
グローブライド株式会社,ぐろーぶらいど,会社法第201条第3項及び第4項,https://contents.xj-storage.jp/xcontents/AS03790/369542bb/03fe/4f6e/987c/34353c2e6499/20260730121852482s.pdf,2026-08-06,2026-08-21,東京都東久留米市前沢3-14-16,,2026-08-06T07:05:07+09:00,2026-08-21T06:49:45+09:00,2026-08-22T06:48:10+09:00
ケンコーマヨネーズ株式会社,けんこーまよねーず,会社法第201条第3項及び第4項,https://www.kenkomayo.co.jp/cms/pdf/denshi/ir_koukoku20260803.pdf,2026-08-06,2026-08-21,神戸市灘区都通3-3-16,,2026-08-06T07:05:07+09:00,2026-08-21T06:49:45+09:00,2026-08-22T06:48:10+09:00
ヨネックス株式会社,よねっくす,会社法第201条第3項及び第4項,https://kmasterplus.pronexus.co.jp/release/26398447/1228177.pdf,2026-08-06,2026-08-21,東京都文京区湯島3-23-13,,2026-08-06T07:05:07+09:00,2026-08-21T06:49:45+09:00,2026-08-22T06:48:10+09:00
中越パルプ工業株式会社,ちゅうえつぱるぷこうぎょう,会社法第201条第3項及び第4項,https://www.chuetsu-pulp.co.jp/pdf/koukoku/20260805denshikoukoku.pdf,2026-08-06,2026-08-21,東京都中央区銀座2-10-6,,2026-08-06T07:05:07+09:00,2026-08-21T06:49:45+09:00,2026-08-22T06:48:10+09:00
前澤給装工業株式会社,まえざわきゅうそうこうぎょう,会社法第201条第3項及び第4項,https://kmasterplus.pronexus.co.jp/release/26394512/1228181.pdf,2026-08-06,2026-08-21,東京都目黒区鷹番2-14-4,,2026-08-06T07:05:07+09:00,2026-08-21T06:49:45+09:00,2026-08-22T06:48:10+09:00
合同会社ズフラトレーディング,ずふらとれーでぃんぐ,会社法第781条第2項において準用する会社法第779条第3項,https://www.zuffra.com/organization-change-notice.pdf,2026-08-06,2026-09-07,東京都江戸川区西葛西3-22-10ジャストオフィス西葛西403,,2026-08-06T07:05:07+09:00,2026-09-05T06:43:22+09:00,
有機合成薬品工業株式会社,ゆうきごうせいやくひんこうぎょう,会社法第201条第3項及び第4項,https://www.yuki-gosei.co.jp/wp-ygk/wp-content/uploads/2026/07/ef27ed0bb209a9667dd6c5abaf134a8c.pdf,2026-08-06,2026-08-20,東京都中央区日本橋人形町3-10-4,,2026-08-06T07:05:07+09:00,2026-08-20T06:49:02+09:00,2026-08-21T06:49:45+09:00
株式会社ゴールドウイン,ごーるどういん,会社法第201条第3項及び第4項,https://kmasterplus.pronexus.co.jp/release/26400101/1228182.pdf,2026-08-06,2026-08-21,富山県小矢部市清沢210,,2026-08-06T07:05:07+09:00,2026-08-21T06:49:45+09:00,2026-08-22T06:48:10+09:00
株式会社トクヤマ,とくやま,会社法第789条第3項,https://www.tokuyama.co.jp/koukoku/pdf/20260806koukoku.pdf,2026-08-06,2026-09-08,山口県周南市御影町1-1,,2026-08-06T07:05:07+09:00,2026-09-05T06:43:22+09:00,
株式会社マナック・ケミカル・パートナーズ,まなっくけみかるぱーとなーず,会社法第201条第3項及び第4項,https://kmasterplus.pronexus.co.jp/release/26394920/1228189.pdf,2026-08-06,2026-08-21,東京都中央区日本橋3-8-4,,2026-08-06T07:05:07+09:00,2026-08-21T06:49:45+09:00,2026-08-22T06:48:10+09:00
株式会社マルイチ産商,まるいちさんしょう,会社法第201条第3項及び第4項,https://www.maruichi.com/ir/notice/pdf/pdf_20260805.pdf,2026-08-06,2026-08-20,長野市市場3-48,,2026-08-06T07:05:07+09:00,2026-08-20T06:49:02+09:00,2026-08-21T06:49:45+09:00
株式会社大分銀行,おおいたぎんこう,会社法第240条第2項及び第3項,https://www.oitabank.co.jp/kabunushi/koukoku/koukoku_d/pdf/20260806stockoption.pdf,2026-08-06,2026-08-24,大分市府内町3-4-1,,2026-08-06T07:05:07+09:00,2026-08-24T06:47:21+09:00,2026-08-25T06:49:51+09:00
株式会社村上開明堂,むらかみかいめいどう,会社法第201条第3項及び第4項,https://www.murakami-kaimeido.co.jp/ir/notice/file/1994/20260806_news_ir_kabushikiboshu_torishimariyakukai_ketsugikoukoku.pdf,2026-08-06,2026-08-21,静岡市葵区伝馬町11-5,,2026-08-06T07:05:07+09:00,2026-08-21T06:49:45+09:00,2026-08-22T06:48:10+09:00
株式会社理経,りけい,会社法第201条第3項及び第4項,https://www.rikei.co.jp/wp/wp-content/uploads/for_investor/70koukoku20260805.pdf,2026-08-06,2026-08-20,東京都新宿区西新宿3-2-11,,2026-08-06T07:05:07+09:00,2026-08-20T06:49:02+09:00,2026-08-21T06:49:45+09:00
株式会社Ｌｉｂｅｒａｗａｒｅ,りべらうぇあ,会社法第240条第2項及び第3項,https://liberaware.co.jp/wp-content/uploads/2026/08/%E6%96%B0%E6%A0%AA%E4%BA%88%E7%B4%84%E6%A8%A9%E7%99%BA%E8%A1%8C%E3%81%AB%E9%96%A2%E3%81%99%E3%82%8B%E5%8F%96%E7%B7%A0%E5%BD%B9%E4%BC%9A%E6%B1%BA%E8%AD%B0%E5%85%AC%E5%91%8A_260805.pdf,2026-08-06,2026-08-20,千葉県千葉市中央区中央3-3-1,,2026-08-06T07:05:07+09:00,2026-08-20T06:49:02+09:00,2026-08-21T06:49:45+09:00
極東貿易株式会社,きょくとうぼうえき,会社法第201条第3項及び第4項,https://kmasterplus.pronexus.co.jp/release/26400189/1228178.pdf,2026-08-06,2026-08-21,東京都千代田区大手町2-2-1,,2026-08-06T07:05:07+09:00,2026-08-21T06:49:45+09:00,2026-08-22T06:48:10+09:00
エムスリー株式会社,えむすりー,会社法第240条第2項及び第3項,https://corporate.m3.com/ir/announcement/pdf/20260806.pdf,2026-08-07,2026-08-21,東京都港区赤坂1-11-44,,2026-08-07T08:46:02+09:00,2026-08-21T06:49:45+09:00,2026-08-22T06:48:10+09:00
シュッピン株式会社,しゅっぴん,会社法第201条第3項及び第4項,https://www.syuppin.co.jp/assets/uploads/2026/08/koukoku20260804.pdf,2026-08-07,2026-08-21,東京都新宿区西新宿1-14-11,,2026-08-07T08:46:02+09:00,2026-08-21T06:49:45+09:00,2026-08-22T06:48:10+09:00
ルネサスエレクトロニクス株式会社,るねさすえれくとろにくす,会社法第201条第3項及び第4項,https://renesasweb.s3.us-west-2.amazonaws.com/ir/20260806.pdf,2026-08-07,2026-09-01,東京都江東区豊洲3-2-24,,2026-08-07T08:46:02+09:00,2026-09-01T06:43:15+09:00,2026-09-02T06:43:32+09:00
ルネサスエレクトロニクス株式会社,るねさすえれくとろにくす,会社法第201条第3項及び第4項,https://renesasweb.s3.us-west-2.amazonaws.com/ir/20260806.pdf,2026-08-07,2026-08-31,東京都江東区豊洲3-2-24,,2026-08-07T08:46:02+09:00,2026-08-31T06:43:15+09:00,2026-09-01T06:43:15+09:00
三京化成株式会社,さんきょうかせい,会社法第201条第3項及び第4項,https://contents.xj-storage.jp/xcontents/AS02293/e361391e/a15e/460a/a4d3/92227418295e/20260805084142930s.pdf,2026-08-07,2026-08-21,大阪市中央区北久宝寺町1-9-8,,2026-08-07T08:46:02+09:00,2026-08-21T06:49:45+09:00,2026-08-22T06:48:10+09:00
君津共同火力株式会社,きみつきょうどうかりょく,会社法第799条第3項,http://www.tgn.or.jp/kmk/img/company/%E5%90%88%E4%BD%B5%E5%85%AC%E5%91%8A.pdf,2026-08-07,2026-09-07,千葉県君津市君津1,,2026-08-07T08:46:02+09:00,2026-09-05T06:43:22+09:00,
大洋薬品株式会社,たいようやくひん,会社法第799条第3項,https://contents.xj-storage.jp/xcontents/27960/7a41dca7/a89c/4156/b71d/c4d67b7d1bdb/20260728174534229s.pdf,2026-08-07,2026-09-07,埼玉県狭山市富士見1-25-5,,2026-08-07T08:46:02+09:00,2026-09-05T06:43:22+09:00,
愛三工業株式会社,あいさんこうぎょう,会社法第201条第3項及び第4項,https://www.aisan-ind.co.jp/assets/pdf/ir/publicnotice/koukoku_260730.pdf,2026-08-07,2026-08-24,愛知県大府市共和町1-1-1,,2026-08-07T08:46:02+09:00,2026-08-24T06:47:21+09:00,2026-08-25T06:49:51+09:00
日本冶金工業株式会社,にっぽんやきんこうぎょう,会社法第201条第3項及び第4項,https://kmasterplus.pronexus.co.jp/release/26394081/1228184.pdf,2026-08-07,2026-08-24,東京都中央区京橋1-5-8,,2026-08-07T08:46:02+09:00,2026-08-24T06:47:21+09:00,2026-08-25T06:49:51+09:00
有限会社平成薬品,へいせいやくひん,会社法第789条第3項,https://contents.xj-storage.jp/xcontents/27960/5dc6c0f8/f16b/4bf3/955b/cde47a67124f/20260728174608572s.pdf,2026-08-07,2026-09-07,埼玉県川口市西青木3-10-21,,2026-08-07T08:46:02+09:00,2026-09-05T06:43:22+09:00,
栗林商船株式会社,くりばやししょうせん,会社法第201条第3項及び第4項,https://www.kuribayashishosen.com/ir/PA20260728.pdf,2026-08-07,2026-08-21,東京都千代田区大手町2-2-1,,2026-08-07T08:46:02+09:00,2026-08-21T06:49:45+09:00,2026-08-22T06:48:10+09:00
株式会社カチタス,かちたす,会社法第201条第3項及び第4項,https://katitas.jp/assets/img/publicnotice/20260807koukoku.pdf,2026-08-07,2026-08-31,群馬県桐生市美原町4-2,,2026-08-07T08:46:02+09:00,2026-08-31T06:43:15+09:00,2026-09-01T06:43:15+09:00
株式会社サニックスホールディングス,さにっくすほーるでぃんぐす,会社法第799条第3項,https://hd.sanix.jp/files/uploads/260806.pdf,2026-08-07,2026-09-07,福岡市博多区博多駅東2-1-23,,2026-08-07T08:46:02+09:00,2026-09-05T06:43:22+09:00,
株式会社サニックスホールディングス,さにっくすほーるでぃんぐす,会社法第797条第4項,https://hd.sanix.jp/files/uploads/260806.pdf,2026-08-07,2026-09-29,福岡市博多区博多駅東2-1-23,,2026-08-07T08:46:02+09:00,2026-09-05T06:43:22+09:00,
株式会社バンダイナムコホールディングス,ばんだいなむこほーるでぃんぐす,会社法第201条第3項及び第4項,https://www.bandainamco.co.jp/files/ir/legal/20260806_announce.pdf,2026-08-07,2026-08-21,東京都港区芝5-37-8,,2026-08-07T08:46:02+09:00,2026-08-21T06:49:45+09:00,2026-08-22T06:48:10+09:00
株式会社ヤギ,やぎ,会社法第201条第3項及び第4項,https://www.yaginet.co.jp/ja/ir/announce/main/00/teaserItems1/0/linkList/010/link/260724jikokabu.pdf,2026-08-07,2026-08-21,大阪市中央区久太郎町2-2-8,,2026-08-07T08:46:02+09:00,2026-08-21T06:49:45+09:00,2026-08-22T06:48:10+09:00
株式会社伊藤園,いとうえん,会社法第201条第3項及び第4項,https://www.itoen.co.jp/wp-content/uploads/2026/08/2026080601.pdf,2026-08-07,2026-08-21,東京都渋谷区本町3-47-10,,2026-08-07T08:46:02+09:00,2026-08-21T06:49:45+09:00,2026-08-22T06:48:10+09:00
株式会社伊藤園,いとうえん,会社法第201条第3項及び第4項,https://www.itoen.co.jp/wp-content/uploads/2026/08/2026080602.pdf,2026-08-07,2026-08-21,東京都渋谷区本町3-47-10,,2026-08-07T08:46:02+09:00,2026-08-21T06:49:45+09:00,2026-08-22T06:48:10+09:00
株式会社岩手銀行,いわてぎんこう,会社法第201条第3項及び第4項,https://www.iwatebank.co.jp/assets/pdf/20260807_kabushikibosyu.pdf,2026-08-07,2026-08-24,岩手県盛岡市中央通1-2-3,,2026-08-07T08:46:02+09:00,2026-08-24T06:47:21+09:00,2026-08-25T06:49:51+09:00
株式会社東陽テクニカ,とうようてくにか,会社法第201条第3項及び第4項,https://assets.toyo.co.jp/files/user/ir/pdf/20260826_RS.pdf,2026-08-07,2026-08-26,東京都中央区八重洲1-1-6,,2026-08-07T08:46:02+09:00,2026-08-26T06:49:54+09:00,2026-08-27T07:34:03+09:00
株式会社松風,しょうふう,会社法第799条第3項,https://www.shofu.co.jp/ir/assets/pdf/e_koukoku_20260806.pdf,2026-08-07,2026-09-07,京都市東山区福稲上高松町11,,2026-08-07T08:46:02+09:00,2026-09-05T06:43:22+09:00,
株式会社松風,しょうふう,会社法第797条第3項及び第4項,https://www.shofu.co.jp/ir/assets/pdf/e_koukoku_20260806.pdf,2026-08-07,2026-09-30,京都市東山区福稲上高松町11,,2026-08-07T08:46:02+09:00,2026-09-05T06:43:22+09:00,
神鋼鋼線工業株式会社,しんこうこうせんこうぎょう,会社法第785条第3項及び第4項,https://kmasterplus.pronexus.co.jp/release/26398587/1228171.pdf,2026-08-07,2026-08-31,兵庫県尼崎市中浜町10-1,,2026-08-07T08:46:02+09:00,2026-08-31T06:43:15+09:00,2026-09-01T06:43:15+09:00
鹿島共同火力株式会社,かしまきょうどうかりょく,会社法第789条第3項,https://kashima-ktp.co.jp/wp-content/themes/kashima/resource/pdf/merger_report_2026.pdf,2026-08-07,2026-09-07,茨城県鹿嶋市新浜5,,2026-08-07T08:46:02+09:00,2026-09-05T06:43:22+09:00,
鹿島共同火力株式会社,かしまきょうどうかりょく,会社法第219条第1項,https://kashima-ktp.co.jp/wp-content/themes/kashima/resource/pdf/merger_report_2026.pdf,2026-08-07,2026-09-30,茨城県鹿嶋市新浜5,,2026-08-07T08:46:02+09:00,2026-09-05T06:43:22+09:00,
アイカ工業株式会社,あいかこうぎょう,会社法第799条第3項,https://www.aica.co.jp/company/ir/news/files/pdf/notice202608.pdf,2026-08-08,2026-09-07,愛知県清須市西堀江2288,,2026-08-08T06:55:28+09:00,2026-09-05T06:43:22+09:00,
アイカ工業株式会社,あいかこうぎょう,会社法第797条第3項及び第4項,https://www.aica.co.jp/company/ir/news/files/pdf/notice202608.pdf,2026-08-08,2026-09-30,愛知県清須市西堀江2288,,2026-08-08T06:55:28+09:00,2026-09-05T06:43:22+09:00,
キッズウェル・バイオ株式会社,きっずうぇるばいお,会社法第240条第2項及び第3項,https://www.kidswellbio.com/Portals/0/resources/pdf/jp/koukoku/FY2026/koukoku20260807_9hEk37sK.pdf,2026-08-08,2026-08-25,東京都中央区日本橋本町3-8-3,,2026-08-08T06:55:28+09:00,2026-08-25T06:49:51+09:00,2026-08-26T06:49:54+09:00
クオンタムソリューションズ株式会社,くおんたむそりゅーしょんず,会社法第240条第2項及び第3項,https://vbgjqaytzfmwzeioshxg.supabase.co/storage/v1/object/public/pdf_files/jp/pr/1786080636449--------------------.pdf,2026-08-08,2026-08-25,東京都千代田区丸の内1-9-2,,2026-08-08T06:55:28+09:00,2026-08-25T06:49:51+09:00,2026-08-26T06:49:54+09:00
ククレブ・アドバイザーズ株式会社,くくれぶあどばいざーず,会社法第201条第3項及び第4項,https://contents.xj-storage.jp/xcontents/AS04779/45994468/0067/4503/ab62/67a1b959673b/20260803121328579s.pdf,2026-08-08,2026-08-24,東京都千代田区内神田1-14-8ＫＡＮＤＡＳＱＵＡＲＥＧＡＴＥ,,2026-08-08T06:55:28+09:00,2026-08-24T06:47:21+09:00,2026-08-25T06:49:51+09:00
サンヨーホームズ株式会社,さんよーほーむず,会社法第201条第3項及び第4項,https://www.sanyohomes.co.jp/ir/pdf/koukoku_20260807.pdf,2026-08-08,2026-08-25,大阪市西区西本町1-4-1,,2026-08-08T06:55:28+09:00,2026-08-25T06:49:51+09:00,2026-08-26T06:49:54+09:00
ポラリス・ホールディングス株式会社,ぽらりすほーるでぃんぐす,金融商品取引法第50条の2第6項,https://pdf.irpocket.com/C3010/xoA3/Ef45/L0mf/B7NC.pdf,2026-08-08,2026-09-16,東京都中央区新川1-23-5,,2026-08-08T06:55:28+09:00,2026-09-05T06:43:22+09:00,
マミヤ・オーピー株式会社,まみや・おーぴー,会社法第240条第2項及び第3項,https://www.mamiya-op.co.jp/wp-content/uploads/2026/08/koukoku20260807.pdf,2026-08-08,2026-08-27,埼玉県飯能市大字新光1-1,,2026-08-08T06:55:28+09:00,2026-08-27T07:34:03+09:00,2026-08-28T09:37:19+09:00
日本リーテック株式会社,にっぽんりーてっく,会社法第201条第3項及び第4項,https://www.j-rietec.co.jp/wp/wp-content/themes/j-rietec/assets/pdf/20260808.pdf,2026-08-08,2026-08-24,東京都千代田区神田錦町1-6,,2026-08-08T06:55:28+09:00,2026-08-24T06:47:21+09:00,2026-08-25T06:49:51+09:00
日本電計株式会社,にほんでんけい,会社法第240条第2項及び第3項,https://www.n-denkei.co.jp/wp-content/uploads/koukoku20260808.pdf,2026-08-08,2026-08-24,東京都台東区上野5-14-12,,2026-08-08T06:55:28+09:00,2026-08-24T06:47:21+09:00,2026-08-25T06:49:51+09:00
東芝トレーディング株式会社,とうしばとれーでぃんぐ,会社法第799条第3項,https://www.toshiba-tti.co.jp/tti/info/TTI_20260807-01.pdf,2026-08-08,2026-09-07,神奈川県川崎市幸区堀川町72-34,,2026-08-08T06:55:28+09:00,2026-09-05T06:43:22+09:00,
東芝ビジネスエキスパート株式会社,とうしばびじねすえきすぱーと,会社法第789条第3項,https://www.toshiba-hrd.co.jp/wp-content/uploads/2026/08/TBEX_20260807.pdf,2026-08-08,2026-09-07,横浜市鶴見区鶴見中央4-36-5,,2026-08-08T06:55:28+09:00,2026-09-05T06:43:22+09:00,
株式会社アーバンレジデンシャル,あーばんれじでんしゃる,会社法第789条第3項,https://kmasterplus.pronexus.co.jp/release/26402241/1228186.pdf,2026-08-08,2026-09-07,福岡市中央区大名2-8-17,,2026-08-08T06:55:28+09:00,2026-09-05T06:43:22+09:00,
株式会社イトーキ,いとーき,会社法第799条第3項,https://www.itoki.jp/company/ir/accounts/publicnotice/assets/pdf/koukoku260807.pdf,2026-08-08,2026-09-07,大阪市中央区淡路町1-6-11,,2026-08-08T06:55:28+09:00,2026-09-05T06:43:22+09:00,
株式会社イトーキ,いとーき,会社法第797条第3項及び第4項,https://www.itoki.jp/company/ir/accounts/publicnotice/assets/pdf/koukoku260807.pdf,2026-08-08,2026-09-30,大阪市中央区淡路町1-6-11,,2026-08-08T06:55:28+09:00,2026-09-05T06:43:22+09:00,
株式会社ホームステージ,ほーむすてーじ,会社法第799条第3項,https://kmasterplus.pronexus.co.jp/release/26402242/1228185.pdf,2026-08-08,2026-09-07,熊本市中央区水前寺2-16-11,,2026-08-08T06:55:28+09:00,2026-09-05T06:43:22+09:00,
株式会社働楽ホールディングス,どうらくほーるでぃんぐす,会社法第124条第3項,https://www.doraku-holdings.co.jp/wp-content/uploads/2026/08/ir_04_20260807.pdf,2026-08-08,2026-08-26,東京都千代田区内神田2-14-10,,2026-08-08T06:55:28+09:00,2026-08-26T06:49:54+09:00,2026-08-27T07:34:03+09:00
静銀カード株式会社,しずぎんかーど,会社法第789条第3項,https://shizugin-card.shizuokabank.co.jp/public-notice/uploads/f22cea121da2655ed7db471333518363a4520c9c.pdf,2026-08-08,2026-09-07,静岡市清水区草薙1-13-10,,2026-08-08T06:55:28+09:00,2026-09-05T06:43:22+09:00,
静銀信用保証株式会社,しずぎんしんようほしょう,会社法第799条第3項,https://www.shizugin-scg.jp/wp-content/uploads/2026/08/SCGepn_202608-2.pdf,2026-08-08,2026-09-07,静岡市清水区草薙北2-1,,2026-08-08T06:55:28+09:00,2026-09-05T06:43:22+09:00,
ＳＣＳＫシステムマネジメント株式会社,えすしーえすけいしすてむまねじめんと,会社法第799条第3項,https://www.scsksm.co.jp/file/2026-08-07.pdf,2026-08-08,2026-09-08,東京都江東区豊洲3-2-20,,2026-08-08T06:55:28+09:00,2026-09-05T06:43:22+09:00,
東邦瓦斯株式会社,とうほうがす,会社法第201条第3項及び第4項,https://www.tohogas.co.jp/koukoku/koukoku2026-1.pdf,2026-08-09,2026-08-24,名古屋市熱田区桜田町19-18,,2026-08-09T06:50:47+09:00,2026-08-24T06:47:21+09:00,2026-08-25T06:49:51+09:00
ダイヤモンドエレクトリックホールディングス株式会社,だいやもんどえれくとりっくほーるでぃんぐす,会社法第201条第3項及び第4項,https://www.diaelec-hd.co.jp/wp/wp-content/uploads/2026/07/5142a0d6cbec33bd7d25359c6b9fc6e1.pdf,2026-08-10,2026-08-26,大阪市淀川区塚本1-15-27,,2026-08-10T06:52:06+09:00,2026-08-26T06:49:54+09:00,2026-08-27T07:34:03+09:00
ＦＩＮＸ　ＪＣｒｙｐｔｏ株式会社,ふぃんくすじぇいくりぷと,資金決済に関する法律第63条の20第3項,https://coinestate.co.jp/column/common/1785218443.892689.pdf,2026-08-10,2026-09-15,東京都台東区台東1-24-9,,2026-08-10T06:52:06+09:00,2026-09-05T06:43:22+09:00,
オルバヘルスケアホールディングス株式会社,おるばへるすけあほーるでぃんぐす,会社法第797条第3項及び第4項,https://www.olba.co.jp/ir/upload_file/m085-/20260810publicnotice.pdf,2026-08-11,2026-08-31,岡山市北区下石井1-1-3,,2026-08-11T06:56:35+09:00,2026-08-31T06:43:15+09:00,2026-09-01T06:43:15+09:00
センス・トラスト株式会社,せんすとらすと,会社法第240条第2項及び第3項,https://kmasterplus.pronexus.co.jp/release/26402688/1228197.pdf,2026-08-11,2026-08-25,大阪市北区大深町5-54グラングリーン大阪南館パークタワー9階,,2026-08-11T06:56:35+09:00,2026-08-25T06:49:51+09:00,2026-08-26T06:49:54+09:00
ディーブイエックス株式会社,でぃーぶいえっくす,会社法第785条第3項及び第4項,https://contents.xj-storage.jp/xcontents/AS95901/c18a3dec/f306/4268/8541/2e07528f7918/20260727110035457s.pdf,2026-08-11,2026-08-31,東京都港区港南1-8-15,,2026-08-11T06:56:35+09:00,2026-08-31T06:43:15+09:00,2026-09-01T06:43:15+09:00
富士通株式会社,ふじつう,会社法第201条第3項及び第4項,https://resources.global.fujitsu/prir/public-notice/pn20260810-01.pdf,2026-08-11,2026-08-26,川崎市中原区上小田中4-1-1,,2026-08-11T06:56:35+09:00,2026-08-26T06:49:54+09:00,2026-08-27T07:34:03+09:00
新光商事株式会社,しんこうしょうじ,会社法第124条第3項,https://shinko-sj.co.jp/wp2024/wp-content/uploads/2026/08/20260810kijyunbi_denshi.pdf,2026-08-11,2026-08-25,東京都品川区大崎1-2-2,,2026-08-11T06:56:35+09:00,2026-08-25T06:49:51+09:00,2026-08-26T06:49:54+09:00
日工株式会社,にっこう,会社法第201条第3項及び第4項,https://www.nikko-net.co.jp/denshikoukoku/pdf/20260810.pdf,2026-08-11,2026-09-12,兵庫県明石市大久保町江井島1013-1,,2026-08-11T06:56:35+09:00,2026-09-05T06:43:22+09:00,
株式会社アクアライン,あくあらいん,会社法第124条第3項,https://www.aqualine.jp/ir/notice/koukoku_kijunbi_260810.pdf,2026-08-11,2026-08-26,広島市中区上八丁堀8-8第1ウエノヤビル6Ｆ,,2026-08-11T06:56:35+09:00,2026-08-26T06:49:54+09:00,2026-08-27T07:34:03+09:00
株式会社ジェイ・エス・ビー,じぇいえすびー,会社法第179条の4第1項及び第2項並びに社債、株式等の振替に関する法律第161条第2項,https://kmasterplus.pronexus.co.jp/release/26402514/1228195.pdf,2026-08-11,2026-09-04,京都市下京区因幡堂町655,,2026-08-11T06:56:35+09:00,2026-09-04T06:43:17+09:00,2026-09-05T06:43:22+09:00
株式会社京写,きょうしゃ,会社法第201条第3項及び第4項,https://www.kyosha.co.jp/content/uploads/koukoku_20260810.pdf,2026-08-11,2026-08-26,京都府久世郡久御山町森村東300,,2026-08-11T06:56:35+09:00,2026-08-26T06:49:54+09:00,2026-08-27T07:34:03+09:00
株式会社栄電子,さかえでんし,会社法第201条第3項及び第4項,https://sakae-denshi.com/wp-content/uploads/2026/08/koukoku0810.pdf,2026-08-11,2026-08-25,東京都千代田区外神田2-9-10,,2026-08-11T06:56:35+09:00,2026-08-25T06:49:51+09:00,2026-08-26T06:49:54+09:00
株式会社精工技研,せいこうぎけん,会社法第124条第3項,https://www.seikoh-giken.co.jp/irinfo/pdf/koukoku20260810.pdf,2026-08-11,2026-08-31,千葉県松戸市松飛台296-1,,2026-08-11T06:56:35+09:00,2026-08-31T06:43:15+09:00,2026-09-01T06:43:15+09:00
ＣＲＡＶＩＡ株式会社,くらう゛ぃあ,会社法第124条第3項,https://contents.xj-storage.jp/xcontents/AS03788/b0d00484/195d/4b5a/9744/79deacb63ac4/20260731205104736s.pdf,2026-08-11,2026-08-26,東京都港区芝大門2-3-6,,2026-08-11T06:56:35+09:00,2026-08-26T06:49:54+09:00,2026-08-27T07:34:03+09:00
イシン株式会社,いしん,会社法第797条第3項及び第4項,https://contents.xj-storage.jp/xcontents/AS05114/20d673ae/f259/4783/8bdb/2fb5608c4fb5/20260810093529600s.pdf,2026-08-12,2026-09-30,東京都港区港南1-6-41,,2026-08-12T06:59:06+09:00,2026-09-05T06:43:22+09:00,
イシン株式会社,いしん,会社法第799条第3項,https://contents.xj-storage.jp/xcontents/AS05114/20d673ae/f259/4783/8bdb/2fb5608c4fb5/20260810093529600s.pdf,2026-08-12,2026-09-11,東京都港区港南1-6-41,,2026-08-12T06:59:06+09:00,2026-09-05T06:43:22+09:00,
株式会社ヒラノテクシード,ひらのてくしーど,会社法第201条第3項及び第4項,https://www.hirano-tec.co.jp/mt_asset/20260805houteikoukoku.pdf,2026-08-12,2026-08-26,奈良県北葛城郡河合町大字川合101-1,,2026-08-12T06:59:06+09:00,2026-08-26T06:49:54+09:00,2026-08-27T07:34:03+09:00
株式会社フォーカスシステムズ,ふぉーかすしすてむず,会社法第201条第3項及び第4項,https://www.focus-s.com/ir/publicinfo/koukoku20260810.pdf,2026-08-12,2026-08-27,東京都品川区東五反田2-7-8,,2026-08-12T06:59:06+09:00,2026-08-27T07:34:03+09:00,2026-08-28T09:37:19+09:00
株式会社Ｄｏｎｕｔｓ,どーなつ,資金決済に関する法律第20条第2項,https://www.donuts.ne.jp/wp-content/uploads/2026/08/7th_260810DONUTS.pdf,2026-08-12,2026-11-30,東京都渋谷区代々木2-2-1,,2026-08-12T06:59:06+09:00,2026-09-05T06:43:22+09:00,
楽天銀行株式会社,らくてんぎんこう,会社法第240条第2項及び第3項,https://www.rakuten-bank.co.jp/corp/pdf/announcement-260810.pdf,2026-08-12,2026-08-27,東京都港区港南2-16-5,,2026-08-12T06:59:06+09:00,2026-08-27T07:34:03+09:00,2026-08-28T09:37:19+09:00
ＩＮＣＬＵＳＩＶＥ　Ｈｏｌｄｉｎｇｓ株式会社,いんくるーしぶほーるでぃんぐす,会社法第201条第3項及び第4項,https://inclusive.co.jp/wp-content/uploads/2026/08/rs20260827.pdf,2026-08-12,2026-08-27,東京都港区虎ノ門4-1-1,,2026-08-12T06:59:06+09:00,2026-08-27T07:34:03+09:00,2026-08-28T09:37:19+09:00
ＳＢＩ岡三アセットマネジメント株式会社,えすびーあいおかさんあせっとまねじめんと,信託法の施行に伴う関係法律の整備等に関する法律第2条の規定によりなお従前の例によるとされる信託法施行前の投資信託及び投資法人に関する法律第30条第1項,https://www.sbiokasan-am.co.jp/company/pdf/kagawa2026.pdf,2026-08-12,2026-09-24,東京都中央区京橋2-2-1,,2026-08-12T06:59:06+09:00,2026-09-05T06:43:22+09:00,
ＳＢＩ岡三アセットマネジメント株式会社,えすびーあいおかさんあせっとまねじめんと,信託法の施行に伴う関係法律の整備等に関する法律第2条の規定によりなお従前の例によるとされる信託法施行前の投資信託及び投資法人に関する法律第30条第1項,https://www.sbiokasan-am.co.jp/company/pdf/fukui2026.pdf,2026-08-12,2026-09-24,東京都中央区京橋2-2-1,,2026-08-12T06:59:06+09:00,2026-09-05T06:43:22+09:00,
アチハ株式会社,あちは,会社法第124条第3項,https://www.achiha.co.jp/news/p_news/upload/24-0link_file.pdf,2026-08-13,2026-08-27,大阪市住之江区南港中1-1-67,,2026-08-13T06:58:28+09:00,2026-08-27T07:34:03+09:00,2026-08-28T09:37:19+09:00
キオクシアホールディングス株式会社,きおくしあほーるでぃんぐす,会社法第201条第3項及び第4項,https://kmasterplus.pronexus.co.jp/release/26403612/1228205.pdf,2026-08-13,2026-08-27,東京都港区芝浦3-1-21,,2026-08-13T06:58:28+09:00,2026-08-27T07:34:03+09:00,2026-08-28T09:37:19+09:00
クリングルファーマ株式会社,くりんぐるふぁーま,会社法第449条第3項,https://kmasterplus.pronexus.co.jp/release/26378650/1228175.pdf,2026-08-13,2026-09-14,大阪市北区中之島4-3-51,,2026-08-13T06:58:28+09:00,2026-09-05T06:43:22+09:00,
サークレイス株式会社,さーくれいす,会社法第201条第3項及び第4項,https://contents.xj-storage.jp/xcontents/AS08751/1241eece/1b69/4cf6/aae8/84a85538913f/20260810180928444s.pdf,2026-08-13,2026-08-28,東京都中央区日本橋2-1-3,,2026-08-13T06:58:28+09:00,2026-08-28T09:37:19+09:00,2026-08-29T07:14:31+09:00
ヒラヤマホーム株式会社,ひらやまほーむ,会社法第449条第3項,https://hirayama-home.com/corp/ir/e_publicnotice/2026gen.pdf,2026-08-13,2026-09-12,千葉県成田市幸町459,,2026-08-13T06:58:28+09:00,2026-09-05T06:43:22+09:00,
三井住友ＤＳアセットマネジメント株式会社,みついすみともでぃーえすあせっとまねじめんと,信託法の施行に伴う関係法律の整備等に関する法律第2条の規定によりなお従前の例によるとされる改正前の投資信託及び投資法人に関する法律第30条第1項,https://www.smd-am.co.jp/koukoku/fund/2026/qjx_20260813_916346_koukoku.pdf,2026-08-13,2026-09-16,東京都港区虎ノ門1-17-1,,2026-08-13T06:58:28+09:00,2026-09-05T06:43:22+09:00,
北興化学工業株式会社,ほっこうかがくこうぎょう,会社法第201条第3項及び第4項,https://www.hokkochem.co.jp/wp-content/uploads/koukoku20260812.pdf,2026-08-13,2026-08-31,東京都中央区日本橋本町1-5-4,,2026-08-13T06:58:28+09:00,2026-08-31T06:43:15+09:00,2026-09-01T06:43:15+09:00
安達写真印刷株式会社,あだちしゃしんいんさつ,会社法第799条第3項,https://www.adachi-printing.co.jp/downloadpdf/fd56e843-dd85-efce-07fe-d37195ca911b/%E5%90%88%E4%BD%B5%E5%85%AC%E5%91%8A.pdf,2026-08-13,2026-09-14,石川県白山市横江町5352,,2026-08-13T06:58:28+09:00,2026-09-05T06:43:22+09:00,
岡三証券株式会社,おかさんしょうけん,金融商品取引法第50条の2第6項,https://www.okasan.co.jp/about/announcement/pdf/koukoku_260812.pdf,2026-08-13,2026-09-14,東京都中央区日本橋室町2-2-1,,2026-08-13T06:58:28+09:00,2026-09-05T06:43:22+09:00,
東京センチュリー株式会社,とうきょうせんちゅりー,会社法第449条第2項及び第3項,https://kmasterplus.pronexus.co.jp/release/26402994/1228200.pdf,2026-08-13,2026-09-14,東京都千代田区神田練塀町3,,2026-08-13T06:58:28+09:00,2026-09-05T06:43:22+09:00,
株式会社アペックス,あぺっくす,会社法第789条第3項,https://appx.co.jp/eaa465c0-c284-d18e-d3e7-26975ef06b8e/%E5%90%88%E4%BD%B5%E5%85%AC%E5%91%8A.pdf,2026-08-13,2026-09-14,石川県白山市横江町5352,,2026-08-13T06:58:28+09:00,2026-09-05T06:43:22+09:00,
株式会社グリーンクロスホールディングス,ぐりーんくろすほーるでぃんぐす,会社法第201条第3項及び第4項,https://kmasterplus.pronexus.co.jp/release/26398695/1228192.pdf,2026-08-13,2026-08-28,福岡市中央区笹丘1-17-29,,2026-08-13T06:58:28+09:00,2026-08-28T09:37:19+09:00,2026-08-29T07:14:31+09:00
株式会社サガミホールディングス,さがみほーるでぃんぐす,会社法第124条第3項,https://www.sagami-holdings.co.jp/wp-content/uploads/2026/08/20260810kaiji.pdf,2026-08-13,2026-08-31,名古屋市守山区八剣2-118,,2026-08-13T06:58:28+09:00,2026-08-31T06:43:15+09:00,2026-09-01T06:43:15+09:00
株式会社マースグループホールディングス,まーすぐるーぷほーるでぃんぐす,会社法第201条第3項及び第4項,https://www.mars-ghd.co.jp/kessan/6419_20260812e.pdf,2026-08-13,2026-08-27,東京都新宿区新宿1-10-7,,2026-08-13T06:58:28+09:00,2026-08-27T07:34:03+09:00,2026-08-28T09:37:19+09:00
株式会社地域新聞社,ちいきしんぶんしゃ,会社法第273条第2項及び第3項,https://ir.chiikinews.co.jp/wp/wp-content/uploads/2026/08/notice_20260812.pdf,2026-08-13,2026-08-27,千葉県八千代市勝田台北1-11-16,,2026-08-13T06:58:28+09:00,2026-08-27T07:34:03+09:00,2026-08-28T09:37:19+09:00
株式会社地域新聞社,ちいきしんぶんしゃ,会社法第274条第3項及び第4項,https://ir.chiikinews.co.jp/wp/wp-content/uploads/2026/08/notice_20260812.pdf,2026-08-13,2026-08-27,千葉県八千代市勝田台北1-11-16,,2026-08-13T06:58:28+09:00,2026-08-27T07:34:03+09:00,2026-08-28T09:37:19+09:00
株式会社第四北越銀行,だいしほくえつぎんこう,民間公益活動を促進するための休眠預金等に係る資金の活用に関する法律第3条第1項,https://www.dhbk.co.jp/investor/announce/pdf/20260812_kyuminyokin.pdf,2026-08-13,2026-10-13,新潟市中央区東堀前通七番町1071-1,,2026-08-13T06:58:28+09:00,2026-09-05T06:43:22+09:00,
株式会社Ｂｅｙｏｎｔ,びよんと,会社法第124条第3項,https://beyont.jp/wp-content/themes/skillupai_corp/assets/pdf/public-notice-20260812.pdf,2026-08-13,2026-08-27,東京都千代田区神田神保町2-40-5,,2026-08-13T06:58:28+09:00,2026-08-27T07:34:03+09:00,2026-08-28T09:37:19+09:00
株式会社ＷｅｌｌＢｉｔａ,うぇるびーた,会社法第799条第3項,https://ir.mti.co.jp/public_notice/2026/20260812_WB.pdf,2026-08-13,2026-09-14,東京都新宿区西新宿3-20-2,,2026-08-13T06:58:28+09:00,2026-09-05T06:43:22+09:00,
ｅＢＡＳＥ株式会社,いーべーす,会社法第201条第3項及び第4項,https://www.ebase.co.jp/investor/investor04/jikokabusyobun_2026.pdf,2026-08-13,2026-08-31,大阪市北区豊崎5-4-9,,2026-08-13T06:58:28+09:00,2026-08-31T06:43:15+09:00,2026-09-01T06:43:15+09:00
アスクル株式会社,あすくる,会社法第201条第3項及び第4項,https://kmasterplus.pronexus.co.jp/release/26400234/1228196.pdf,2026-08-14,2026-09-01,東京都江東区豊洲3-2-3,,2026-08-14T06:58:17+09:00,2026-09-01T06:43:15+09:00,2026-09-02T06:43:32+09:00
キャリテック株式会社,きゃりてっく,会社法第799条第2項及び第3項,https://kmasterplus.pronexus.co.jp/release/26394731/1228203.pdf,2026-08-14,2026-09-14,東京都文京区小石川1-3-11,,2026-08-14T06:58:17+09:00,2026-09-05T06:43:22+09:00,
スギホールディングス株式会社,すぎほーるでぃんぐす,会社法第124条第3項,https://kmasterplus.pronexus.co.jp/release/26368753/1228188.pdf,2026-08-14,2026-08-31,愛知県安城市三河安城町1-8-4,,2026-08-14T06:58:17+09:00,2026-08-31T06:43:15+09:00,2026-09-01T06:43:15+09:00
デロイトトーマツウェブサービス株式会社,でろいととーまつうぇぶさーびす,会社法第799条第3項,https://www.deloitte.com/content/dam/assets-zone1/jp/ja/docs/about/2026/publicnotice20260813.pdf,2026-08-14,2026-09-14,東京都千代田区丸の内3-2-3丸の内二重橋ビルディング,,2026-08-14T06:58:17+09:00,2026-09-05T06:43:22+09:00,
日本曹達株式会社,にほんそーだ,会社法第799条第2項及び第3項,https://kmasterplus.pronexus.co.jp/release/26398907/1228164.pdf,2026-08-14,2026-09-18,東京都千代田区丸の内2-7-2,,2026-08-14T06:58:17+09:00,2026-09-05T06:43:22+09:00,
日本曹達株式会社,にほんそーだ,会社法第797条第3項及び第4項,https://kmasterplus.pronexus.co.jp/release/26398907/1228164.pdf,2026-08-14,2026-09-30,東京都千代田区丸の内2-7-2,,2026-08-14T06:58:17+09:00,2026-09-05T06:43:22+09:00,
株式会社ギフトホールディングス,ぎふとほーるでぃんぐす,会社法第124条第3項,https://cdn.prod.website-files.com/63ef03c2b82a66767b02f60f/6a704d1a80e850c4a76f9805_bunkatsu.pdf,2026-08-14,2026-08-31,東京都渋谷区桜丘町1-1渋谷サクラステージＳＨＩＢＵＹＡタワー,,2026-08-14T06:58:17+09:00,2026-08-31T06:43:15+09:00,2026-09-01T06:43:15+09:00
株式会社ケー・シー・エス,けーしーえす,会社法第789条第2項及び第3項,https://kmasterplus.pronexus.co.jp/release/26394732/1228202.pdf,2026-08-14,2026-09-14,兵庫県西宮市西宮浜1-43,,2026-08-14T06:58:17+09:00,2026-09-05T06:43:22+09:00,
株式会社スマレジ,すまれじ,会社法第201条第3項及び第4項,https://corp.smaregi.jp/pdf/smaregi_20260813.pdf,2026-08-14,2026-08-31,大阪市中央区本町4-2-12,,2026-08-14T06:58:17+09:00,2026-08-31T06:43:15+09:00,2026-09-01T06:43:15+09:00
株式会社ノバック,のばっく,会社法第201条第3項及び第4項,https://www.novac-cnst.co.jp/wp/wp-content/uploads/2026koukoku.pdf,2026-08-14,2026-08-28,兵庫県姫路市北条1-92,,2026-08-14T06:58:17+09:00,2026-08-28T09:37:19+09:00,2026-08-29T07:14:31+09:00
株式会社ベスト・ロジスティクス・パートナーズ,べすとろじすてぃくすぱーとなーず,会社法第799条第2項及び第3項,https://kmasterplus.pronexus.co.jp/release/26394733/1228201.pdf,2026-08-14,2026-09-14,東京都文京区小石川1-1-1,,2026-08-14T06:58:17+09:00,2026-09-05T06:43:22+09:00,
株式会社リログループ,りろぐるーぷ,会社法第240条第2項及び第3項,https://www.relo.jp/ir/docs/2fc2c93e39b76e89f2819aad4fd4826886545a3a.pdf,2026-08-14,2026-08-28,東京都新宿区新宿4-3-23,,2026-08-14T06:58:17+09:00,2026-08-28T09:37:19+09:00,2026-08-29T07:14:31+09:00
株式会社三陽商会,さんようしょうかい,会社法第124条第3項,https://kmasterplus.pronexus.co.jp/release/26400090/1228187.pdf,2026-08-14,2026-08-31,東京都新宿区四谷本塩町6-14,,2026-08-14T06:58:17+09:00,2026-08-31T06:43:15+09:00,2026-09-01T06:43:15+09:00
株式会社中国銀行,ちゅうごくぎんこう,民間公益活動を促進するための休眠預金等に係る資金の活用に関する法律第3条第1項,https://www.chugin.co.jp/up_load_files/stockholder/denshi_koukoku/kyumin.pdf,2026-08-14,2026-10-13,岡山市北区丸の内1-15-20,,2026-08-14T06:58:17+09:00,2026-09-05T06:43:22+09:00,
株式会社千葉銀行,ちばぎんこう,民間公益活動を促進するための休眠預金等に係る資金の活用に関する法律第3条第1項,https://www.chibabank.co.jp/f/koukoku_20260813,2026-08-14,2026-10-14,千葉市中央区千葉港1-2,,2026-08-14T06:58:17+09:00,2026-09-05T06:43:22+09:00,
株式会社ＮＩＣＳ,にっくす,会社法第124条第3項,https://www.nics.ne.jp/ir/20260807koukoku.pdf,2026-08-14,2026-08-31,岡山県玉野市宇野1-11-1,,2026-08-14T06:58:17+09:00,2026-08-31T06:43:15+09:00,2026-09-01T06:43:15+09:00
株式会社ＰＫＳＨＡ　Ｔｅｃｈｎｏｌｏｇｙ,ぱーくしゃてくのろじー,会社法第201条第3項及び第4項,https://www.pkshatech.com/assets/pdf/ir/notice/20260814_stock.pdf,2026-08-14,2026-09-01,東京都文京区本郷2-35-10本郷瀬川ビル4Ｆ,,2026-08-14T06:58:17+09:00,2026-09-01T06:43:15+09:00,2026-09-02T06:43:32+09:00
株式会社Ｔｒｕｅ　Ｄａｔａ,とぅるーでーた,会社法第240条第2項及び第3項,https://contents.xj-storage.jp/xcontents/AS02849/be9369b5/9be8/4cf5/acf4/414fcf922d0f/20260806174620127s.pdf,2026-08-14,2026-09-01,東京都港区芝大門1-10-11,,2026-08-14T06:58:17+09:00,2026-09-01T06:43:15+09:00,2026-09-02T06:43:32+09:00
ＨＯＭＭＡ　Ｇｒｏｕｐ株式会社,ほんまぐるーぷ,会社法第449条第3項,https://assets.ctfassets.net/zkj7qarosivm/2RAJE5B5ApTR0eYyC0PckF/15feb066fb1fa098a731eb66bdc88fc3/HOMMA-Notice_of_Capital_Reduction-2026.pdf,2026-08-14,2026-09-14,東京都中央区銀座1-12-4Ｎ＆ＥＢＬＤ．6Ｆ,,2026-08-14T06:58:17+09:00,2026-09-05T06:43:22+09:00,
ギフティグループ株式会社,ぎふてぃぐるーぷ,会社法第240条第2項及び第3項,https://contents.xj-storage.jp/xcontents/AS04721/8c15606d/5a57/43e6/874b/02ac33d3d8fd/20260806204721293s.pdf,2026-08-15,2026-08-29,東京都品川区東五反田2-10-2,,2026-08-15T06:48:26+09:00,2026-08-29T13:39:57+09:00,2026-08-30T06:43:17+09:00
リガク・ホールディングス株式会社,りがくほーるでぃんぐす,会社法第124条第3項,https://contents.xj-storage.jp/xcontents/AS08865/509d31a7/cb93/491f/80c0/36c1fff8d770/20260805092029949s.pdf,2026-08-15,2026-09-01,東京都昭島市松原町3-9-12,,2026-08-15T06:48:26+09:00,2026-09-01T06:43:15+09:00,2026-09-02T06:43:32+09:00
株式会社インバウンドテック,いんばうんどてっく,会社法第240条第2項及び同条第3項,https://www.inboundtech.co.jp/company/pdf/ibt_koukoku_26081301.pdf,2026-08-15,2026-08-31,東京都新宿区新宿1-8-1,,2026-08-15T06:48:26+09:00,2026-08-31T06:43:15+09:00,2026-09-01T06:43:15+09:00
株式会社ドリーム・アーツ,どりーむあーつ,会社法第201条第3項及び第4項,https://xml.irpocket.com/C4811/20260815koukoku.pdf,2026-08-15,2026-09-01,東京都渋谷区恵比寿4-20-3,,2026-08-15T06:48:26+09:00,2026-09-01T06:43:15+09:00,2026-09-02T06:43:32+09:00
株式会社ＪＲ東日本ビルディング,じぇいあーるひがしにほんびるでぃんぐ,会社法第799条第3項,https://www.jebl.co.jp/assets/images/corporate/e-publicnotice/pdf/20260814.pdf,2026-08-15,2026-09-14,東京都渋谷区千駄ヶ谷5-33-8,,2026-08-15T06:48:26+09:00,2026-09-05T06:43:22+09:00,
センス・トラスト株式会社,せんすとらすと,会社法第124条第3項,https://kmasterplus.pronexus.co.jp/release/26403366/1228208.pdf,2026-08-17,2026-08-31,大阪市北区大深町5-54グラングリーン大阪南館パークタワー9階,,2026-08-17T06:46:46+09:00,2026-08-31T06:43:15+09:00,2026-09-01T06:43:15+09:00
チャットプラス株式会社,ちゃっとぷらす,会社法第449条第3項,https://chatplus.jp/wp-content/themes/chatplus/assets/pdf/ir/capital_reduction_202608.pdf,2026-08-17,2026-09-18,東京都千代田区丸の内2-7-2,,2026-08-17T06:46:46+09:00,2026-09-05T06:43:22+09:00,
三共生興株式会社,さんきょうせいこう,会社法第201条第3項及び第4項,https://www.sankyoseiko.co.jp/wp-content/uploads/2026/08/260813denshi.pdf,2026-08-17,2026-08-31,大阪市中央区安土町2-5-6,,2026-08-17T06:46:46+09:00,2026-08-31T06:43:15+09:00,2026-09-01T06:43:15+09:00
株式会社アイドママーケティングコミュニケーション,あいどままーけてぃんぐこみゅにけーしょん,会社法第201条第3項及び第4項,https://www.e-aidma.co.jp/assets/pdf/20260812_F4jH.pdf,2026-08-17,2026-09-11,富山市豊田町1-3-31,,2026-08-17T06:46:46+09:00,2026-09-05T06:43:22+09:00,
株式会社エフ・コード,えふこーど,会社法第201条第3項及び第4項,https://contents.xj-storage.jp/xcontents/AS04562/267a0b41/3f84/421f/bf36/818ff0073562/20260814130711487s.pdf,2026-08-17,2026-08-31,東京都新宿区神楽坂1-1,,2026-08-17T06:46:46+09:00,2026-08-31T06:43:15+09:00,2026-09-01T06:43:15+09:00
株式会社オキサイド,おきさいど,会社法第201条第3項及び第4項,https://www.opt-oxide.com/dcms_media/other/koukoku_pdf_20260817.pdf,2026-08-17,2026-09-01,山梨県北杜市武川町牧原1747-1,,2026-08-17T06:46:46+09:00,2026-09-01T06:43:15+09:00,2026-09-02T06:43:32+09:00
株式会社メディカルフロント,めでぃかるふろんと,会社法第218条第1項,https://www.mfc-net.com/assets/document/archiverelease/20260817.pdf,2026-08-17,2026-08-31,東京都新宿区西新宿3-8-4,,2026-08-17T06:46:46+09:00,2026-08-31T06:43:15+09:00,2026-09-01T06:43:15+09:00
株式会社リログループ,りろぐるーぷ,会社法第201条第3項および第4項,https://www.relo.jp/ir/docs/4b5639a34bf51b01fff0c63aa880d5939b74f7b4.pdf,2026-08-17,2026-08-31,東京都新宿区新宿4-3-23,,2026-08-17T06:46:46+09:00,2026-08-31T06:43:15+09:00,2026-09-01T06:43:15+09:00
エナジーバンクジャパン株式会社,えなじーばんくじゃぱん,会社法第789条第2項及び第3項,https://www.eb-japan.co.jp/pdf/20260817gappei_ebj.pdf,2026-08-18,2026-09-17,大阪市中央区平野町4-1-2,,2026-08-18T06:48:51+09:00,2026-09-05T06:43:22+09:00,
クオール株式会社,くおーる,会社法第799条第3項,https://www.qol-net.co.jp/common/pdf/gappeikoukoku260817.pdf,2026-08-18,2026-09-17,東京都港区虎ノ門4-3-1城山トラストタワー37階,,2026-08-18T06:48:51+09:00,2026-09-05T06:43:22+09:00,
クボデラ株式会社,くぼでら,会社法第799条第3項,https://kubodera.co.jp/wp/wp-content/uploads/2026/08/kyusyugappeikoukoku.pdf,2026-08-18,2026-09-17,東京都中野区野方4-44-10,,2026-08-18T06:48:51+09:00,2026-09-05T06:43:22+09:00,
株式会社そうえん社,そうえんしゃ,会社法第789条第3項,https://www.soensha.co.jp/pdf/merger2026.pdf,2026-08-18,2026-09-17,東京都品川区西五反田3-5-8,,2026-08-18T06:48:51+09:00,2026-09-05T06:43:22+09:00,
株式会社グッドパッチ,ぐっどぱっち,会社法第201条第3項及び第4項,https://contents.xj-storage.jp/xcontents/AS04618/4c0067b4/e357/4104/914c/3eeaf8eee233/20260813121134609s.pdf,2026-08-18,2026-09-01,東京都渋谷区鶯谷町3-3,,2026-08-18T06:48:51+09:00,2026-09-01T06:43:15+09:00,2026-09-02T06:43:32+09:00
株式会社ネットコムＢＢ,ねっとこむびーびー,会社法第218条第1項,https://www.netcombb.co.jp/koukoku/files/d20260817.pdf,2026-08-18,2026-08-31,佐賀市天神3-2-23,,2026-08-18T06:48:51+09:00,2026-08-31T06:43:15+09:00,2026-09-01T06:43:15+09:00
株式会社ヒューマンアジャスト,ひゅーまんあじゃすと,会社法第124条第3項,https://human-adjust.co.jp/system/wp-content/uploads/2026/08/523aaaac28f04e161f2b87f8d3172aa3.pdf,2026-08-18,2026-09-03,東京都新宿区西新宿2-7-1,,2026-08-18T06:48:51+09:00,2026-09-03T06:43:38+09:00,2026-09-04T06:43:17+09:00
株式会社ポプラ社,ぽぷらしゃ,会社法第799条第3項,https://www.poplar.co.jp/pdf/merger2026.pdf,2026-08-18,2026-09-17,東京都品川区西五反田3-5-8,,2026-08-18T06:48:51+09:00,2026-09-05T06:43:22+09:00,
株式会社牧野フライス製作所,まきのふらいすせいさくしょ,会社法第797条第3項及び第4項,https://ir.makino.co.jp/koukoku/pdf/202608.pdf,2026-08-18,2026-09-10,東京都目黒区中根2-3-19,,2026-08-18T06:48:51+09:00,2026-09-05T06:43:22+09:00,
株式会社税務研究会,ぜいむけんきゅうかい,会社法第799条第2項及び第3項,https://www.zeiken.co.jp/publicnotice/20260817_01.pdf,2026-08-18,2026-09-17,東京都千代田区丸の内1-8-2,,2026-08-18T06:48:51+09:00,2026-09-05T06:43:22+09:00,
株式会社ＪＥＲＡ,じぇら,会社法第789条第3項,https://www.jera.co.jp/static/files/corporate/denshi_koukoku/pdf/2026081701-koukoku.pdf,2026-08-18,2026-09-17,東京都中央区日本橋2-5-1,,2026-08-18T06:48:51+09:00,2026-09-05T06:43:22+09:00,
株式会社ＮＴＴデータ,えぬてぃてぃでーた,会社法第799条第3項,https://www.nttdata.com/jp/ja/-/media/nttdatajapan/files/about-us/profile/notification/koukoku20260817_01.pdf,2026-08-18,2026-09-18,東京都江東区豊洲3-3-3,,2026-08-18T06:48:51+09:00,2026-09-05T06:43:22+09:00,
株式会社ＲｅＦａｃｔ,りふぁくと,会社法第449条第3項,https://contents.xj-storage.jp/xcontents/AS71215/b407ad39/5648/4a79/aa5d/9ff60efa8830/20260805171318992s.pdf,2026-08-18,2026-09-17,東京都港区六本木3-2-1,,2026-08-18T06:48:51+09:00,2026-09-05T06:43:22+09:00,
株式会社Ｓｍｉｌｅ　Ｈｏｌｄｉｎｇｓ,すまいるほーるでぃんぐす,会社法第124条第3項,https://contents.xj-storage.jp/xcontents/AS04192/2ce915ed/1040/4e7b/8cbf/dc1bfca3db12/20260810180248104s.pdf,2026-08-18,2026-09-01,東京都品川区西五反田1-3-8,,2026-08-18T06:48:51+09:00,2026-09-01T06:43:15+09:00,2026-09-02T06:43:32+09:00
環境のミカタホールディングス株式会社,かんきょうのみかたほーるでぃんぐす,会社法第124条第3項,https://contents.xj-storage.jp/xcontents/AS09630/1b9f4fbe/8635/4ba9/a799/e057131f3e02/20260812172011408s.pdf,2026-08-18,2026-09-01,静岡県藤枝市前島2-21-1,,2026-08-18T06:48:51+09:00,2026-09-01T06:43:15+09:00,2026-09-02T06:43:32+09:00
福井コンピュータホールディングス株式会社,ふくいこんぴゅーたほーるでぃんぐす,会社法第797条第3項及び第4項,https://kmasterplus.pronexus.co.jp/release/26362851/1228190.pdf,2026-08-18,2026-09-30,福井市高木中央1-2501,,2026-08-18T06:48:51+09:00,2026-09-05T06:43:22+09:00,
福井コンピュータホールディングス株式会社,ふくいこんぴゅーたほーるでぃんぐす,会社法第799条第2項及び第3項,https://kmasterplus.pronexus.co.jp/release/26362851/1228190.pdf,2026-08-18,2026-09-18,福井市高木中央1-2501,,2026-08-18T06:48:51+09:00,2026-09-05T06:43:22+09:00,
Ｄａｉｇａｓエナジー株式会社,だいがすえなじー,会社法第799条第2項及び第3項,https://www.daigas-energy.co.jp/company/e-publicnotice/data/20260817gappei_dge.pdf,2026-08-18,2026-09-17,大阪市中央区平野町4-1-2,,2026-08-18T06:48:51+09:00,2026-09-05T06:43:22+09:00,
ＪＥＲＡ　Ｇｌｏｂａｌ　Ｅｎｅｒｇｙ　Ｓｏｌｕｔｉｏｎｓホールディングス株式会社,じぇらぐろーばるえなじーそりゅーしょんずほーるでぃんぐす,会社法第799条第3項,https://www.jera.co.jp/static/files/corporate/denshi_koukoku/pdf/2026081702-koukoku.pdf,2026-08-18,2026-09-17,東京都中央区日本橋2-5-1,,2026-08-18T06:48:51+09:00,2026-09-05T06:43:22+09:00,
アールビバン株式会社,あーるびばん,会社法第124条第3項,https://www.artvivant.co.jp/wp-content/uploads/2026/08/koukoku202608.pdf,2026-08-19,2026-09-02,東京都品川区東品川4-13-14,,2026-08-19T06:48:00+09:00,2026-09-02T06:43:32+09:00,2026-09-03T06:43:38+09:00
トヨタ紡織株式会社,とよたぼうしょく,会社法第201条第3項及び第4項,https://kmasterplus.pronexus.co.jp/release/26395357/1228193.pdf,2026-08-19,2026-09-03,愛知県刈谷市豊田町1-1,,2026-08-19T06:48:00+09:00,2026-09-03T06:43:38+09:00,2026-09-04T06:43:17+09:00
パーソルビジネスプロセスデザイン株式会社,ぱーそるびじねすぷろせすでざいん,会社法第789条第2項及び第3項,https://www.persol-bd.co.jp/file/koukoku/pbd_koukoku_20260818.pdf,2026-08-19,2026-09-18,東京都江東区豊洲3-2-20,,2026-08-19T06:48:00+09:00,2026-09-05T06:43:22+09:00,
三井住友カード株式会社,みついすみともかーど,会社法第799条第2項及び第3項,https://www.smbc-card.com/content/dam/smcc/jp/ja/company/info/koukoku/pdf/260818_koukoku.pdf,2026-08-19,2026-09-18,大阪市中央区今橋4-5-15,,2026-08-19T06:48:00+09:00,2026-09-05T06:43:22+09:00,
丸紅パワー＆インフラシステムズ株式会社,まるべにぱわーあんどいんふらしすてむず,会社法第789条第3項,https://www.marubeni-mpsc.com/file/%E5%90%88%E4%BD%B5%E5%85%AC%E5%91%8A_(%E9%9B%BB%E5%AD%90%E5%85%AC%E5%91%8A)_MPSC_Clean.pdf,2026-08-19,2026-09-24,東京都千代田区大手町1-4-2,,2026-08-19T06:48:00+09:00,2026-09-05T06:43:22+09:00,
丸紅プロテックス株式会社,まるべにぷろてっくす,会社法第799条第3項,https://m-protechs.com/dl2/60/201/d3b72700c1e9b5cc2c2ea0b590672907,2026-08-19,2026-09-24,東京都港区芝5-33-11田町タワー13階,,2026-08-19T06:48:00+09:00,2026-09-05T06:43:22+09:00,
新コスモス電機株式会社,しんこすもすでんき,会社法第797条第3項及び第4項,https://www.new-cosmos.co.jp/ir/library/notice/pdf/20260819.pdf,2026-08-19,2026-09-30,大阪市淀川区三津屋中2-5-4,,2026-08-19T06:48:00+09:00,2026-09-05T06:43:22+09:00,
新コスモス電機株式会社,しんこすもすでんき,会社法第799条第2項及び第3項,https://www.new-cosmos.co.jp/ir/library/notice/pdf/20260819.pdf,2026-08-19,2026-09-19,大阪市淀川区三津屋中2-5-4,,2026-08-19T06:48:00+09:00,2026-09-05T06:43:22+09:00,
日鉄建材株式会社,にってつけんざい,会社法第789条第3項,https://www.ns-kenzai.co.jp/public/pdf/houtei_202608.pdf,2026-08-19,2026-09-18,東京都千代田区外神田4-14-1,,2026-08-19T06:48:00+09:00,2026-09-05T06:43:22+09:00,
株式会社エニグモ,えにぐも,会社法第797条第3項及び第4項,https://enigmo.co.jp/wp-content/uploads/2026/08/ir_20260814_GPE.pdf,2026-08-19,2026-09-07,東京都港区赤坂4-8-15赤坂ＫＯＳＥＮビル4階,,2026-08-19T06:48:00+09:00,2026-09-05T06:43:22+09:00,
株式会社セキュア,せきゅあ,会社法第240条第2項及び第3項,https://contents.xj-storage.jp/xcontents/AS02669/e8279e46/676f/4b69/a2fe/190507bf4110/20260807153524268s.pdf,2026-08-19,2026-09-02,東京都新宿区西新宿2-6-1,,2026-08-19T06:48:00+09:00,2026-09-02T06:43:32+09:00,2026-09-03T06:43:38+09:00
株式会社トライスト,とらいすと,会社法第789条第3項,http://www.tryst-ltd.com/images/pdf/%E5%90%88%E4%BD%B5%E5%85%AC%E5%91%8A_20260818.pdf,2026-08-19,2026-09-24,大阪市中央区城見1-3-7,,2026-08-19T06:48:00+09:00,2026-09-05T06:43:22+09:00,
株式会社ナ・デックス,なでっくす,会社法第201条第3項及び第4項,https://www.nadex.co.jp/ir/e-notices/uploads/20260818.pdf,2026-08-19,2026-09-03,名古屋市中区古渡町9-27,,2026-08-19T06:48:00+09:00,2026-09-03T06:43:38+09:00,2026-09-04T06:43:17+09:00
株式会社プレサンス,ぷれさんす,会社法第799条第3項,https://www.pressance.co.jp/wp/wp-content/uploads/2026/08/%E5%90%88%E4%BD%B5%E5%85%AC%E5%91%8A_20260818.pdf,2026-08-19,2026-09-24,大阪市中央区城見1-2-27,,2026-08-19T06:48:00+09:00,2026-09-05T06:43:22+09:00,
株式会社ユニチカテクノス,ゆにちかてくのす,会社法第799条第3項,https://www.unitika.co.jp/technos/news/pdf/news260819.pdf,2026-08-19,2026-09-24,大阪市北区末広町2-37,,2026-08-19T06:48:00+09:00,2026-09-05T06:43:22+09:00,
株式会社佐藤渡辺,さとうわたなべ,会社法第799条第3項,https://watanabesato.co.jp/wp/wp-content/uploads/2026/08/kokoku20260818.pdf,2026-08-19,2026-09-19,東京都港区南麻布1-18-4,,2026-08-19T06:48:00+09:00,2026-09-05T06:43:22+09:00,
株式会社佐藤渡辺,さとうわたなべ,会社法第797条第3項及び第4項,https://watanabesato.co.jp/wp/wp-content/uploads/2026/08/kokoku20260818.pdf,2026-08-19,2026-09-30,東京都港区南麻布1-18-4,,2026-08-19T06:48:00+09:00,2026-09-05T06:43:22+09:00,
株式会社ＡＳＳＥＴＩＡ,あせてぃあ,会社法第799条第2項及び第3項,https://kmasterplus.pronexus.co.jp/release/26403385/1228212.pdf,2026-08-19,2026-09-24,東京都港区高輪2-17-11オーク高輪ビル,,2026-08-19T06:48:00+09:00,2026-09-05T06:43:22+09:00,
株式会社ｉＣＡＲＥ,あいけあ,会社法第799条第3項,https://storage.googleapis.com/studio-design-asset-files/projects/4BqNGjAVar/s-1x1_69f3f9f7-be01-4ea4-a776-8a2703fd0ed1.pdf,2026-08-19,2026-09-18,東京都品川区西五反田2-29-5,,2026-08-19T06:48:00+09:00,2026-09-05T06:43:22+09:00,
黒崎播磨株式会社,くろさきはりま,会社法第799条第2項及び第3項,https://www.krosaki.co.jp/wp-content/uploads/2026/08/6b22e11f706ea80cc79de9c1dfa518b6.pdf,2026-08-19,2026-09-18,北九州市八幡西区東浜町1-1,,2026-08-19T06:48:00+09:00,2026-09-05T06:43:22+09:00,
アクモス株式会社,あくもす,会社法第797条第3項及び第4項,https://www.acmos.co.jp/images/page/17/20260820.pdf,2026-08-20,2026-09-30,東京都港区虎ノ門1-21-19,,2026-08-20T06:49:02+09:00,2026-09-05T06:43:22+09:00,
アクモス株式会社,あくもす,会社法第799条第3項,https://www.acmos.co.jp/images/page/17/20260820.pdf,2026-08-20,2026-09-24,東京都港区虎ノ門1-21-19,,2026-08-20T06:49:02+09:00,2026-09-05T06:43:22+09:00,
シュッピン株式会社,しゅっぴん,会社法第201条第3項及び第4項,https://www.syuppin.co.jp/assets/uploads/2026/08/koukoku20260818.pdf,2026-08-20,2026-09-04,東京都新宿区西新宿1-14-11,,2026-08-20T06:49:02+09:00,2026-09-04T06:43:17+09:00,2026-09-05T06:43:22+09:00
住友精密工業株式会社,すみともせいみつこうぎょう,会社法第799条第3項,https://www.spp.co.jp/__assets/merger_with_spt.pdf,2026-08-20,2026-09-24,兵庫県尼崎市扶桑町1-10,,2026-08-20T06:49:02+09:00,2026-09-05T06:43:22+09:00,
播州信用金庫,ばんしゅうしんようきんこ,民間公益活動を促進するための休眠預金等に係る資金の活用に関する法律第3条第1項,https://www.shinkin.co.jp/banshin/info/documents/20260820_kyumin.pdf,2026-08-20,2026-10-19,兵庫県姫路市南駅前町110,,2026-08-20T06:49:02+09:00,2026-09-05T06:43:22+09:00,
東邦ホールディングス株式会社,とうほうほーるでぃんぐす,会社法第799条第2項及び第3項,https://kmasterplus.pronexus.co.jp/release/26402618/1228207.pdf,2026-08-20,2026-09-24,東京都世田谷区代沢4-43-11,,2026-08-20T06:49:02+09:00,2026-09-05T06:43:22+09:00,
東邦ホールディングス株式会社,とうほうほーるでぃんぐす,会社法第797条第3項及び第4項,https://kmasterplus.pronexus.co.jp/release/26402618/1228207.pdf,2026-08-20,2026-09-30,東京都世田谷区代沢4-43-11,,2026-08-20T06:49:02+09:00,2026-09-05T06:43:22+09:00,
東邦薬品株式会社,とうほうやくひん,会社法第799条第2項及び第3項,https://kmasterplus.pronexus.co.jp/release/26402010/1228198.pdf,2026-08-20,2026-09-24,東京都世田谷区代沢4-43-11,,2026-08-20T06:49:02+09:00,2026-09-05T06:43:22+09:00,
株式会社ウェルパーク,うぇるぱーく,会社法第799条第3項,https://www.welpark.jp/resource/corporate/profile/notice/202608koukoku.pdf,2026-08-20,2026-09-19,東京都立川市高松町1-100-25号棟,,2026-08-20T06:49:02+09:00,2026-09-05T06:43:22+09:00,
株式会社エー・ピーホールディングス,えーぴーほーるでぃんぐす,会社法第201条第3項及び第4項,https://contents.xj-storage.jp/xcontents/31750/85c8ffa5/a743/4eaa/af3a/b1db2a421c33/20260817152537190s.pdf,2026-08-20,2026-09-04,東京都港区高輪3-25-23京急第２ビル1F,,2026-08-20T06:49:02+09:00,2026-09-04T06:43:17+09:00,2026-09-05T06:43:22+09:00
株式会社コア,こあ,会社法第201条第3項及び第4項,https://www.core.co.jp/pdf/ir/koukoku_260819.pdf,2026-08-20,2026-09-04,東京都世田谷区三軒茶屋1-22-3,,2026-08-20T06:49:02+09:00,2026-09-04T06:43:17+09:00,2026-09-05T06:43:22+09:00
株式会社ナカヨ,なかよ,会社法第799条第3項,https://www.nyc.co.jp/ir/koukoku/koukoku_20260820.pdf,2026-08-20,2026-09-30,群馬県前橋市総社町1-3-2,,2026-08-20T06:49:02+09:00,2026-09-05T06:43:22+09:00,
株式会社ナカヨ,なかよ,会社法第797条第3項及び第4項,https://www.nyc.co.jp/ir/koukoku/koukoku_20260820.pdf,2026-08-20,2026-09-30,群馬県前橋市総社町1-3-2,,2026-08-20T06:49:02+09:00,2026-09-05T06:43:22+09:00,
株式会社ハローワーク,はろーわーく,会社法第449条第3項,https://web-koukoku.org/06070287515/06070287515_6_477.pdf,2026-08-20,2026-09-24,岩手県奥州市水沢卸町3-12,,2026-08-20T06:49:02+09:00,2026-09-05T06:43:22+09:00,
株式会社ヨンドシーホールディングス,よんどしーほーるでぃんぐす,会社法第201条第3項及び第4項,https://kmasterplus.pronexus.co.jp/release/26402661/1228209.pdf,2026-08-20,2026-09-03,東京都品川区上大崎2-19-10,,2026-08-20T06:49:02+09:00,2026-09-03T06:43:38+09:00,2026-09-04T06:43:17+09:00
株式会社資格スクエア,しかくすくえあ,会社法第789条第3項,https://shikaku-rails.s3.amazonaws.com/update_pdfs/gappei-koukoku-leap-shikaku-square__1__ad0e628086.pdf,2026-08-20,2026-09-19,東京都品川区西五反田2-11-8,,2026-08-20T06:49:02+09:00,2026-09-05T06:43:22+09:00,
株式会社ＬＩＸＩＬ,りくしる,会社法第797条第3項及び第4項,https://www.lixil.com/jp/investor/electronic_public/pdf/20260819_gappei.pdf,2026-08-20,2026-09-30,東京都品川区西品川1-1-1大崎ガーデンタワー,,2026-08-20T06:49:02+09:00,2026-09-05T06:43:22+09:00,
株式会社ＬＩＸＩＬ,りくしる,会社法第799条第3項,https://www.lixil.com/jp/investor/electronic_public/pdf/20260819_gappei.pdf,2026-08-20,2026-09-19,東京都品川区西品川1-1-1大崎ガーデンタワー,,2026-08-20T06:49:02+09:00,2026-09-05T06:43:22+09:00,
極東貿易株式会社,きょくとうぼうえき,会社法第799条第2項及び第3項,https://kmasterplus.pronexus.co.jp/release/26402229/1228210.pdf,2026-08-20,2026-09-24,東京都千代田区大手町2-2-1,,2026-08-20T06:49:02+09:00,2026-09-05T06:43:22+09:00,
極東貿易株式会社,きょくとうぼうえき,会社法第797条第3項及び第4項,https://kmasterplus.pronexus.co.jp/release/26402229/1228210.pdf,2026-08-20,2026-09-30,東京都千代田区大手町2-2-1,,2026-08-20T06:49:02+09:00,2026-09-05T06:43:22+09:00,
横浜信用金庫,よこはま,民間公益活動を促進するための休眠預金等に係る資金の活用に関する法律第3条第1項,https://www.yokoshin.co.jp/_aboutus/pdf/kyuumin_denshi2026.pdf,2026-08-20,2026-10-20,横浜市中区尾上町2-16-1,,2026-08-20T06:49:02+09:00,2026-09-05T06:43:22+09:00,
ＴＯＰＰＡＮインフォメディア株式会社,とっぱんいんふぉめでぃあ,会社法第789条第3項,https://www.tim.toppan.com/global-data/2026080506181369.pdf,2026-08-20,2026-09-25,東京都港区芝浦3-19-26,,2026-08-20T06:49:02+09:00,2026-09-05T06:43:22+09:00,
ＵＬＳグループ株式会社,ゆーえるえすぐるーぷ,会社法第797条第3項及び第4項,https://kmasterplus.pronexus.co.jp/release/26402613/1228199.pdf,2026-08-20,2026-09-30,東京都中央区晴海1-8-10晴海アイランドトリトンスクエアオフィスタワーＸ棟14階,,2026-08-20T06:49:02+09:00,2026-09-05T06:43:22+09:00,
ウェルネオシュガー株式会社,うぇるねおしゅがー,会社法第799条第2項及び第3項,https://kmasterplus.pronexus.co.jp/release/26393883/1228216.pdf,2026-08-21,2026-09-24,東京都中央区日本橋小網町14-1,,2026-08-21T06:49:45+09:00,2026-09-05T06:43:22+09:00,
ウェルネオシュガー株式会社,うぇるねおしゅがー,会社法第797条第3項及び第4項,https://kmasterplus.pronexus.co.jp/release/26393883/1228216.pdf,2026-08-21,2026-09-30,東京都中央区日本橋小網町14-1,,2026-08-21T06:49:45+09:00,2026-09-05T06:43:22+09:00,
オーエス・シネブラザーズ株式会社,おーえす・しねぶらざーず,会社法第799条第3項,https://www.osgroup.co.jp/profile/group/oscinemas/bunkatsu.pdf,2026-08-21,2026-09-24,大阪市北区小松原町3-3,,2026-08-21T06:49:45+09:00,2026-09-05T06:43:22+09:00,
オーエス株式会社,おーえす,会社法第789条第3項,https://www.osgroup.co.jp/profile/notice/bunkatsu.pdf,2026-08-21,2026-09-24,大阪市北区小松原町3-3,,2026-08-21T06:49:45+09:00,2026-09-05T06:43:22+09:00,
ドリームベッド株式会社,どりーむべっど,会社法第201条第3項及び第4項,https://ir.dreambed.co.jp/ja/ir/announce/main/00/teaserItems1/0/linkList/06/link/jyuugyouinnmukejikokabusiki.pdf,2026-08-21,2026-09-10,広島市西区己斐本町3-12-39,,2026-08-21T06:49:45+09:00,2026-09-05T06:43:22+09:00,
伊藤忠都市開発株式会社,いとうちゅうとしかいはつ,会社法第799条第2項及び第3項,https://ipd.co.jp/public-notice/files/1_tmp_1.pdf,2026-08-21,2026-09-24,東京都港区赤坂2-9-11,,2026-08-21T06:49:45+09:00,2026-09-05T06:43:22+09:00,
株式会社アイ・エス・ビー,あいえすびー,会社法第797条第3項及び第4項,https://kmasterplus.pronexus.co.jp/release/26398143/1228215.pdf,2026-08-21,2026-09-30,東京都港区港南2-16-3,,2026-08-21T06:49:45+09:00,2026-09-05T06:43:22+09:00,
株式会社アイ・エス・ビー,あいえすびー,会社法第799条第2項及び第3項,https://kmasterplus.pronexus.co.jp/release/26398143/1228215.pdf,2026-08-21,2026-09-24,東京都港区港南2-16-3,,2026-08-21T06:49:45+09:00,2026-09-05T06:43:22+09:00,
株式会社イルグルム,いるぐるむ,会社法第799条第2項及び第3項,https://kmasterplus.pronexus.co.jp/release/26402957/1228214.pdf,2026-08-21,2026-09-24,大阪市北区梅田2-2-22,,2026-08-21T06:49:45+09:00,2026-09-05T06:43:22+09:00,
株式会社トーシンホールディングス,とーしんほーるでぃんぐす,会社法第124条第3項,https://www.toshin-group.com/wp/wp-content/uploads/0f3f2465c71d3cbcca050460ccb61401.pdf,2026-08-21,2026-09-07,名古屋市中区栄3-4-21,,2026-08-21T06:49:45+09:00,2026-09-05T06:43:22+09:00,
株式会社マザアス,まざあす,会社法第799条第3項,https://motherth.com/wp-content/uploads/2026/08/motherth20260821.pdf,2026-08-21,2026-09-24,千葉県流山市向小金3-147-2,,2026-08-21T06:49:45+09:00,2026-09-05T06:43:22+09:00,
株式会社東邦銀行,とうほうぎんこう,民間公益活動を促進するための休眠預金等に係る資金の活用に関する法律第3条第1項,https://www.tohobank.co.jp/cms_source/data/kokoku/files/20260820.pdf,2026-08-21,2026-10-21,福島市大町3-25,,2026-08-21T06:49:45+09:00,2026-09-05T06:43:22+09:00,
株式会社ＢｌｕｅＭｅｍｅ,ぶるーみーむ,会社法第785条第3項及び第4項,https://contents.xj-storage.jp/xcontents/AS04716/e50e59ff/da5c/4a0a/8612/b71766908a14/20260814172452646s.pdf,2026-08-21,2026-09-30,東京都千代田区神田錦町3-20,,2026-08-21T06:49:45+09:00,2026-09-05T06:43:22+09:00,
株式会社ＢｌｕｅＭｅｍｅ,ぶるーみーむ,会社法第789条第3項,https://contents.xj-storage.jp/xcontents/AS04716/e50e59ff/da5c/4a0a/8612/b71766908a14/20260814172452646s.pdf,2026-08-21,2026-09-30,東京都千代田区神田錦町3-20,,2026-08-21T06:49:45+09:00,2026-09-05T06:43:22+09:00,
株式会社ＯＭＨ,おーえむえいち,会社法第789条第3項,https://www.entetsu.co.jp/ir/pdf/20260820_koukoku01.pdf,2026-08-21,2026-09-24,静岡県浜松市中央区小池町2550-2,,2026-08-21T06:49:45+09:00,2026-09-05T06:43:22+09:00,
株式会社ｇｕｍｉ,ぐみ,会社法第797条第3項及び第4項,https://gu3.co.jp/ir/uploads/announce/2026/08/announce_2608_01.pdf,2026-08-21,2026-09-24,東京都新宿区西新宿4-34-7,,2026-08-21T06:49:45+09:00,2026-09-05T06:43:22+09:00,
株式会社ｇｕｍｉ,ぐみ,会社法第799条第3項,https://gu3.co.jp/ir/uploads/announce/2026/08/announce_2608_01.pdf,2026-08-21,2026-09-24,東京都新宿区西新宿4-34-7,,2026-08-21T06:49:45+09:00,2026-09-05T06:43:22+09:00,
遠鉄システムサービス株式会社,えんてつしすてむさーびす,会社法第799条第3項,https://www.entetsu.co.jp/ir/pdf/20260820_koukoku01.pdf,2026-08-21,2026-09-24,静岡県浜松市中央区千歳町91-1,,2026-08-21T06:49:45+09:00,2026-09-05T06:43:22+09:00,
青山商事株式会社,あおやましょうじ,会社法第799条第3項,https://contents.xj-storage.jp/xcontents/AS00098/2c20f197/e1f7/4038/820d/74326ad8627d/20260810151748218s.pdf,2026-08-21,2026-09-24,広島県福山市王子町1-3-5,,2026-08-21T06:49:45+09:00,2026-09-05T06:43:22+09:00,
青山商事株式会社,あおやましょうじ,会社法第797条第3項及び第4項,https://contents.xj-storage.jp/xcontents/AS00098/2c20f197/e1f7/4038/820d/74326ad8627d/20260810151748218s.pdf,2026-08-21,2026-09-29,広島県福山市王子町1-3-5,,2026-08-21T06:49:45+09:00,2026-09-05T06:43:22+09:00,
Ｇｉｇａｌｏｇｙ株式会社,ぎがろじ,会社法第449条第3項,https://dz91s4us75f2i.cloudfront.net/denshikokoku_260813_d660d295db.pdf,2026-08-21,2026-09-24,東京都台東区上野3-24-6,,2026-08-21T06:49:45+09:00,2026-09-05T06:43:22+09:00,
Ｐａｔｅｎｔｉｘ株式会社,ぱてんてぃくす,会社法第449条第2項及び第3項,https://k.secure.freee.co.jp/companies/881559/announces/38008,2026-08-21,2026-09-24,滋賀県草津市野路東1-1-1立命館大学ＢＫＣインキュベータ,,2026-08-21T06:49:45+09:00,2026-09-05T06:43:22+09:00,
キョクトウ高宮株式会社,きょくとうたかみや,会社法第789条第3項,https://kyokutotakamiya.co.jp/CMS_PKOBO_News/pkobo_news/upload/denshikokoku202608.pdf,2026-08-22,2026-09-24,広島市東区光町2-6-31,,2026-08-22T06:48:10+09:00,2026-09-05T06:43:22+09:00,
シェアフル株式会社,しぇあふる,会社法第449条第3項,https://sharefull.com/wp-content/themes/sharefull/pdf/genshi260821.pdf,2026-08-22,2026-09-24,東京都港区南青山1-15-5,,2026-08-22T06:48:10+09:00,2026-09-05T06:43:22+09:00,
ブルーテック株式会社,ぶるーてっく,会社法第799条第3項,https://www.bluetec.co.jp/pdf/gappei20260821.pdf,2026-08-22,2026-09-24,東京都港区虎ノ門3-18-19,,2026-08-22T06:48:10+09:00,2026-09-05T06:43:22+09:00,
東洋精糖株式会社,とうようせいとう,会社法第789条第3項,https://www.toyosugar.co.jp/dl/375/b6bf34d8f9ad76c5f0a7eddbcad6f812,2026-08-22,2026-09-24,東京都中央区日本橋富沢町12-20,,2026-08-22T06:48:10+09:00,2026-09-05T06:43:22+09:00,
株式会社エージェント,えーじぇんと,会社法第124条第3項,https://agent-network.com/wp-content/uploads/2026/08/20260821koukoku.pdf,2026-08-22,2026-09-05,東京都渋谷区道玄坂2-25-12,,2026-08-22T06:48:10+09:00,2026-09-05T06:43:22+09:00,
株式会社コムニコ,こむにこ,会社法第799条第3項,https://contents.xj-storage.jp/xcontents/AS04712/ab1706de/386f/41dc/8fc8/d7496b7cfefe/20260805181735872s.pdf,2026-08-22,2026-09-24,東京都港区虎ノ門4-1-13,,2026-08-22T06:48:10+09:00,2026-09-05T06:43:22+09:00,
株式会社ビーアールホールディングス,びーあーるほーるでぃんぐす,会社法第789条第3項,https://www.brhd.co.jp/ja/ir/announce/main/00/teaserItems1/0/linkList/0/link/denshikokoku202608.pdf,2026-08-22,2026-09-24,広島市東区光町2-6-31,,2026-08-22T06:48:10+09:00,2026-09-05T06:43:22+09:00,
株式会社ミツウロコ,みつうろこ,会社法第789条第3項,https://www.mitsuuroko.co.jp/assets/pdf/m_public-notice_20260821.pdf,2026-08-22,2026-09-24,東京都千代田区丸の内2-1-1,,2026-08-22T06:48:10+09:00,2026-09-05T06:43:22+09:00,
株式会社ミツウロコグループホールディングス,みつうろこぐるーぷほーるでぃんぐす,会社法第789条第3項,https://www.mitsuuroko.com/assets/pdf/mghd_public-notice_20260821.pdf,2026-08-22,2026-09-24,東京都中央区京橋3-1-1,,2026-08-22T06:48:10+09:00,2026-09-05T06:43:22+09:00,
株式会社ミツウロコスポーツ,みつうろこすぽーつ,会社法第799条第3項,https://www.mitsuuroko-sports.com/assets/pdf/ms_public-notice_20260821.pdf,2026-08-22,2026-09-24,横浜市西区北幸2-2-1,,2026-08-22T06:48:10+09:00,2026-09-05T06:43:22+09:00,
株式会社ライスカレーＬＳ,らいすかれーえるえす,会社法第789条第3項,https://www.comnico.jp/hubfs/ricecurryls/ricecurryls_gapeikoukoku_260821.pdf,2026-08-22,2026-09-24,東京都港区虎ノ門4-1-13,,2026-08-22T06:48:10+09:00,2026-09-05T06:43:22+09:00,
株式会社レアジョブ,れあじょぶ,会社法第449条第3項,https://www.rarejob.co.jp/wp-content/uploads/2026/08/%E8%B3%87%E6%9C%AC%E9%87%91%E3%81%AE%E9%A1%8D%E3%81%AE%E6%B8%9B%E5%B0%91%E5%85%AC%E5%91%8A_20260821.pdf,2026-08-22,2026-09-24,東京都渋谷区神宮前6-27-8,,2026-08-22T06:48:10+09:00,2026-09-05T06:43:22+09:00,
株式会社北洋銀行,ほくようぎんこう,民間公益活動を促進するための休眠預金等に係る資金の活用に関する法律第3条第1項,https://www.hokuyobank.co.jp/ir/h_image/20260821_kyuuminyokin.pdf,2026-08-22,2026-11-01,札幌市中央区大通西3-7,,2026-08-22T06:48:10+09:00,2026-09-05T06:43:22+09:00,
株式会社ＩＮＦＯＲＩＣＨ,いんふぉりっち,会社法第449条第3項,https://inforich.net/pdf/info20260821.pdf,2026-08-22,2026-09-24,東京都渋谷区神宮前5-52-2,,2026-08-22T06:48:10+09:00,2026-09-05T06:43:22+09:00,
株式会社ＮＴＴドコモ,えぬてぃてぃどこも,会社法第789条第3項,https://www.docomo.ne.jp/binary/pdf/corporate/disclosure/announcement/260821_00.pdf,2026-08-22,2026-09-24,東京都千代田区永田町2-11-1,,2026-08-22T06:48:10+09:00,2026-09-05T06:43:22+09:00,
極東興和株式会社,きょくとうこうわ,会社法第799条第3項,https://kkn.co.jp/cont/wp-content/uploads/2026/08/denshikokoku202608.pdf,2026-08-22,2026-09-24,広島市東区光町2-6-31,,2026-08-22T06:48:10+09:00,2026-09-05T06:43:22+09:00,
ＨＥＮＮＧＥ株式会社,へんげ,会社法第274条第3項及び第4項,https://contents.xj-storage.jp/xcontents/AS92184/62ddcc5d/4bca/4b5f/8dc1/f504812224fa/20260813150504489s.pdf,2026-08-22,2026-09-20,東京都渋谷区南平台町16-28,,2026-08-22T06:48:10+09:00,2026-09-05T06:43:22+09:00,
ＨＥＮＮＧＥ株式会社,へんげ,会社法第273条第2項及び第3項,https://contents.xj-storage.jp/xcontents/AS92184/62ddcc5d/4bca/4b5f/8dc1/f504812224fa/20260813150504489s.pdf,2026-08-22,2026-09-20,東京都渋谷区南平台町16-28,,2026-08-22T06:48:10+09:00,2026-09-05T06:43:22+09:00,
ＮＥ株式会社,えぬいー,会社法第201条第3項及び第4項,https://contents.xj-storage.jp/xcontents/AS06428/1c41ea08/9d4e/44c9/a747/4ccb95055ef8/20260813161754335s.pdf,2026-08-22,2026-09-18,横浜市港北区新横浜3-2-3,,2026-08-22T06:48:10+09:00,2026-09-05T06:43:22+09:00,
ａｂｃ株式会社,えーびーしー,会社法第816条の6第3項及び第4項,https://abc-chain.com/wp-content/uploads/2026/08/abc20260821.pdf,2026-08-22,2026-09-10,東京都港区赤坂4-9-17,,2026-08-22T06:48:10+09:00,2026-09-05T06:43:22+09:00,
コーセル株式会社,こーせる,会社法第201条第3項及び第4項,https://kmasterplus.pronexus.co.jp/release/26404493/1228222.pdf,2026-08-24,2026-09-08,富山市上赤江町1-6-43,,2026-08-24T06:47:21+09:00,2026-09-05T06:43:22+09:00,
株式会社アサックス,あさっくす,会社法第797条第3項及び第4項,https://kmasterplus.pronexus.co.jp/release/26403859/1228213.pdf,2026-08-24,2026-09-27,東京都渋谷区広尾1-3-14,,2026-08-24T06:47:21+09:00,2026-09-05T06:43:22+09:00,
株式会社アサックス,あさっくす,会社法第799条第2項及び第3項,https://kmasterplus.pronexus.co.jp/release/26403859/1228213.pdf,2026-08-24,2026-09-24,東京都渋谷区広尾1-3-14,,2026-08-24T06:47:21+09:00,2026-09-05T06:43:22+09:00,
ＮＣＳ＆Ａ株式会社,えぬしーえすあんどえー,会社法第201条第3項及び第4項,https://kmasterplus.pronexus.co.jp/release/26404865/1228226.pdf,2026-08-24,2026-09-09,大阪市北区中之島3-3-23,,2026-08-24T06:47:21+09:00,2026-09-05T06:43:22+09:00,
インパクトフィールド株式会社,いんぱくとふぃーるど,会社法第799条第3項,https://field.impact-h.co.jp/InfoAppendItems/file/5836/file/260824_if_koukoku,2026-08-25,2026-09-24,東京都港区赤坂1-12-32,,2026-08-25T06:49:51+09:00,2026-09-05T06:43:22+09:00,
ビットバンク株式会社,びっとばんく,会社法第449条第3項,https://files.microcms-assets.io/assets/5c7d01000562418eb10a884ae8573fa3/72a6e7caddc74808b0d8a2ecb7cbf99e/koukoku_20260824_Bitbank.pdf,2026-08-25,2026-09-24,東京都中央区八重洲2-2-1東京ミッドタウン八重洲八重洲セントラルタワー10Ｆ,,2026-08-25T06:49:51+09:00,2026-09-05T06:43:22+09:00,
ファスキアホールディングス株式会社,ふぁすきあほーるでぃんぐす,会社法第789条第2項及び第3項,https://kmasterplus.pronexus.co.jp/release/26388910/1228194.pdf,2026-08-25,2026-09-25,名古屋市名東区上社4-191,,2026-08-25T06:49:51+09:00,2026-09-05T06:43:22+09:00,
京都機械工具株式会社,きょうときかいこうぐ,社債、株式等の振替に関する法律第155条第2項及び会社法第797条第3項,https://ktc.co.jp/ir/notice/20260825khk.pdf,2026-08-25,2026-10-01,京都市伏見区下鳥羽渡瀬町101,,2026-08-25T06:49:51+09:00,2026-09-05T06:43:22+09:00,
京都機械工具株式会社,きょうときかいこうぐ,会社法第799条第3項,https://ktc.co.jp/ir/notice/20260825khi.pdf,2026-08-25,2026-10-01,京都市伏見区下鳥羽渡瀬町101,,2026-08-25T06:49:51+09:00,2026-09-05T06:43:22+09:00,
京都機械工具株式会社,きょうときかいこうぐ,会社法第797条第3項及び第4項,https://ktc.co.jp/ir/notice/20260825khk.pdf,2026-08-25,2026-10-01,京都市伏見区下鳥羽渡瀬町101,,2026-08-25T06:49:51+09:00,2026-09-05T06:43:22+09:00,
京都機械工具株式会社,きょうときかいこうぐ,社債、株式等の振替に関する法律第155条第2項及び会社法第797条第3項,https://ktc.co.jp/ir/notice/20260825khi.pdf,2026-08-25,2026-10-01,京都市伏見区下鳥羽渡瀬町101,,2026-08-25T06:49:51+09:00,2026-09-05T06:43:22+09:00,
京都機械工具株式会社,きょうときかいこうぐ,会社法第799条第3項,https://ktc.co.jp/ir/notice/20260825khk.pdf,2026-08-25,2026-10-01,京都市伏見区下鳥羽渡瀬町101,,2026-08-25T06:49:51+09:00,2026-09-05T06:43:22+09:00,
京都機械工具株式会社,きょうときかいこうぐ,会社法第797条第3項及び第4項,https://ktc.co.jp/ir/notice/20260825khi.pdf,2026-08-25,2026-10-01,京都市伏見区下鳥羽渡瀬町101,,2026-08-25T06:49:51+09:00,2026-09-05T06:43:22+09:00,
北陸ケーテイシーツール株式会社,ほくりくけーていしーつーる,会社法第789条第3項,https://ktc.co.jp/ir/notice/20260825hk.pdf,2026-08-25,2026-10-01,石川県羽咋市柳田町70-150-1,,2026-08-25T06:49:51+09:00,2026-09-05T06:43:22+09:00,
北電テクノサービス株式会社,ほくでんてくのさーびす,会社法第789条第3項,https://hts.co.jp/wp/wp-content/uploads/2026/08/%E5%90%B8%E5%8F%8E%E5%88%86%E5%89%B2%E5%85%AC%E5%91%8A.pdf,2026-08-25,2026-09-25,富山市牛島町13-15,,2026-08-25T06:49:51+09:00,2026-09-05T06:43:22+09:00,
日本コンクリート工業株式会社,にほんこんくりーとこうぎょう,会社法第799条第3項,https://www.ncic.co.jp/ir/pdf/publicly/260824.pdf,2026-08-25,2026-09-24,東京都港区芝浦4-6-14ＮＣ芝浦ビル,,2026-08-25T06:49:51+09:00,2026-09-05T06:43:22+09:00,
日本コンクリート工業株式会社,にほんこんくりーとこうぎょう,会社法第797条第3項及び第4項,https://www.ncic.co.jp/ir/pdf/publicly/260824.pdf,2026-08-25,2026-09-30,東京都港区芝浦4-6-14ＮＣ芝浦ビル,,2026-08-25T06:49:51+09:00,2026-09-05T06:43:22+09:00,
株式会社アイモバイル,あいもばいる,会社法第240条第2項及び第3項,https://www.i-mobile.co.jp/misc/ir/koukoku260824.pdf,2026-08-25,2026-09-09,東京都渋谷区渋谷3-26-20,,2026-08-25T06:49:51+09:00,2026-09-05T06:43:22+09:00,
株式会社オルトプラス,おるとぷらす,会社法第449条第3項,https://contents.xj-storage.jp/xcontents/AS02407/bf702c7f/a02d/45b1/a08e/9c7160bced60/20260814183025099s.pdf,2026-08-25,2026-09-24,東京都豊島区東池袋3-1-1,,2026-08-25T06:49:51+09:00,2026-09-05T06:43:22+09:00,
株式会社オルトプラス,おるとぷらす,会社法第785条第3項及び第4項,https://contents.xj-storage.jp/xcontents/AS02407/267c1433/a95d/478d/a4be/088a9d297f2b/20260814183251902s.pdf,2026-08-25,2026-09-30,東京都豊島区東池袋3-1-1,,2026-08-25T06:49:51+09:00,2026-09-05T06:43:22+09:00,
株式会社オルトプラス分割準備会社,おるとぷらすぶんかつじゅんびかいしゃ,会社法第799条第3項,https://contents.xj-storage.jp/xcontents/AS02407/267c1433/a95d/478d/a4be/088a9d297f2b/20260814183251902s.pdf,2026-08-25,2026-09-24,東京都豊島区東池袋3-1-1,,2026-08-25T06:49:51+09:00,2026-09-05T06:43:22+09:00,
株式会社キッズ・コーポレーション,きっずこーぽれーしょん,会社法第799条第3項,https://ksengo.co.jp/public-notice/2026/08/info20260824.pdf,2026-08-25,2026-09-30,京都市中京区烏丸通四条上る笋町689,,2026-08-25T06:49:51+09:00,2026-09-05T06:43:22+09:00,
株式会社クラシアンホールディングス,くらしあんほーるでぃんぐす,会社法第449条第2項及び第3項,https://qracian-holdings.com/pdf/draft/2608.pdf,2026-08-25,2026-09-24,横浜市港北区新横浜3-1-9,,2026-08-25T06:49:51+09:00,2026-09-05T06:43:22+09:00,
株式会社グローアップ,ぐろーあっぷ,会社法第799条第3項,https://grow-up1.co.jp/doc/attack-merge.pdf,2026-08-25,2026-09-24,東京都港区東新橋1-9-2汐留住友ビル25階,,2026-08-25T06:49:51+09:00,2026-09-05T06:43:22+09:00,
株式会社トップスポット,とっぷすぽっと,会社法第789条第3項,https://www.tspot.co.jp/wp-content/uploads/2026/08/20260824TSkoukoku.pdf,2026-08-25,2026-09-24,東京都品川区西五反田8-9-5,,2026-08-25T06:49:51+09:00,2026-09-05T06:43:22+09:00,
株式会社フルキャスト,ふるきゃすと,会社法第799条第3項,https://www.fullcast.co.jp/assets/pdf/20260824fckoukoku.pdf,2026-08-25,2026-09-24,東京都品川区西五反田8-9-5,,2026-08-25T06:49:51+09:00,2026-09-05T06:43:22+09:00,
株式会社ホギメディカル,ほぎめでぃかる,会社法第789条第3項,https://www.hogy.co.jp/pdf/ir/260824koukoku.pdf,2026-08-25,2026-09-24,東京都港区赤坂2-4-6赤坂グリーンクロス,,2026-08-25T06:49:51+09:00,2026-09-05T06:43:22+09:00,
株式会社ワットマン,わっとまん,会社法第789条第3項,https://www.wattmann.co.jp/stock/koukoku/koukoku20260824.pdf,2026-08-25,2026-09-24,横浜市旭区鶴ケ峰本町1-27-13,,2026-08-25T06:49:51+09:00,2026-09-05T06:43:22+09:00,
株式会社ワットマン,わっとまん,会社法第219条第1項,https://www.wattmann.co.jp/stock/koukoku/koukoku20260824.pdf,2026-08-25,2026-09-30,横浜市旭区鶴ケ峰本町1-27-13,,2026-08-25T06:49:51+09:00,2026-09-05T06:43:22+09:00,
株式会社ＨＩ‐ＴＯＯＬ,はいつーる,会社法第789条第3項,https://ktc.co.jp/ir/notice/2026825hi.pdf,2026-08-25,2026-10-01,京都府久世郡久御山町佐山新開地128,,2026-08-25T06:49:51+09:00,2026-09-05T06:43:22+09:00,
株式会社ＬｏｇＰｒｏｓｔｙｌｅ,ろぐぷろすたいる,会社法第201条第3項及び第4項,https://www.logprostyle.co.jp/main/wp-content/uploads/2026/08/20260824_IR_JPN3.pdf,2026-08-25,2026-09-08,東京都港区北青山1-2-3,,2026-08-25T06:49:51+09:00,2026-09-05T06:43:22+09:00,
株式会社ＷＡＳ,わず,会社法第789条第3項,https://wasolutions.co.jp/files/merger20260824.pdf,2026-08-25,2026-09-24,横浜市中区寿町1-1-11興和ビル502号室,,2026-08-25T06:49:51+09:00,2026-09-05T06:43:22+09:00,
株式会社ｉｍｐａｃｔ　ｃｏｎｎｅｃｔ,いんぱくとこねくと,会社法第789条第3項,https://icnct.co.jp/wp-content/uploads/2026/08/impact-connect_-Electronic-Public-Notice_20260824.pdf,2026-08-25,2026-09-24,東京都港区赤坂1-12-32,,2026-08-25T06:49:51+09:00,2026-09-05T06:43:22+09:00,
株式会社ｉｎｄｅｎｔ,いんでんと,会社法第449条第3項,https://k.secure.freee.co.jp/companies/167484/announces/37982,2026-08-25,2026-09-24,東京都千代田区神田三崎町3-6-12神田三崎町ビル4階,,2026-08-25T06:49:51+09:00,2026-09-05T06:43:22+09:00,
湘南信用金庫,しょうなんしんようきんこ,民間公益活動を促進するための休眠預金等に係る資金の活用に関する法律第3条第1項,https://www.shinkin.co.jp/shonan/koukoku/pdf/kyumin2026.pdf,2026-08-25,2026-10-24,神奈川県横須賀市大滝町2-2,,2026-08-25T06:49:51+09:00,2026-09-05T06:43:22+09:00,
Ａｔｔａｃｋ株式会社,あたっく,会社法第789条第3項,https://www.attack-inc.co.jp/cms/wp-content/uploads/gu-merge.pdf,2026-08-25,2026-09-24,東京都港区東新橋1-9-2汐留住友ビル25階,,2026-08-25T06:49:51+09:00,2026-09-05T06:43:22+09:00,
ＧＭＯ　ＴＥＣＨ株式会社,じーえむおーてっく,会社法第799条第3項,https://gmotech.jp/koukoku/20260824_merger.pdf,2026-08-25,2026-09-24,東京都渋谷区桜丘町26-1,,2026-08-25T06:49:51+09:00,2026-09-05T06:43:22+09:00,
ＧＭＯトライハッチ株式会社,じーえむおーとらいはっち,会社法第789条第3項,https://www.tryhatch.co.jp/koukoku/20260824_merger.pdf,2026-08-25,2026-09-24,東京都新宿区新宿1-8-4近鉄新宿御苑ビル7Ｆ,,2026-08-25T06:49:51+09:00,2026-09-05T06:43:22+09:00,
アイエーグループ株式会社,あいえーぐるーぷ,会社法第201条第3項及び第4項,https://www.ia-group.co.jp/theme/IA/pdf/public-notice/02_electronic_public_notice/IAG_jikokabusyobun20260825.pdf,2026-08-26,2026-09-09,横浜市戸塚区品濃町545-5,,2026-08-26T06:49:54+09:00,2026-09-05T06:43:22+09:00,
インテグラル株式会社,いんてぐらる,金融商品取引法第50条の2第6項,https://www.integralkk.com/gr/notice/pdf/20260825koukoku.pdf,2026-08-26,2026-10-01,東京都千代田区丸の内1-9-2,,2026-08-26T06:49:54+09:00,2026-09-05T06:43:22+09:00,
シャープディスプレイテクノロジー株式会社,しゃーぷでぃすぷれいてくのろじー,会社法第789条第3項,https://corporate.jp.sharp/koukoku/gappei_sdtc.pdf,2026-08-26,2026-09-25,三重県亀山市白木町幸川464,,2026-08-26T06:49:54+09:00,2026-09-05T06:43:22+09:00,
シャープディスプレイテクノロジー株式会社,しゃーぷでぃすぷれいてくのろじー,会社法第219条第1項,https://corporate.jp.sharp/koukoku/gappei_sdtc.pdf,2026-08-26,2026-09-30,三重県亀山市白木町幸川464,,2026-08-26T06:49:54+09:00,2026-09-05T06:43:22+09:00,
シャープディスプレイテクノロジー株式会社,しゃーぷでぃすぷれいてくのろじー,会社法第799条第3項,https://corporate.jp.sharp/koukoku/gappei_sdtc-sfat.pdf,2026-08-26,2026-09-25,三重県亀山市白木町幸川464,,2026-08-26T06:49:54+09:00,2026-09-05T06:43:22+09:00,
シャープディスプレイマニュファクチャリング株式会社,しゃーぷでぃすぷれいまにゅふぁくちゃりんぐ,会社法第789条第3項,https://corporate.jp.sharp/koukoku/bunkatsu_sdmc.pdf,2026-08-26,2026-09-25,三重県津市安濃町戸島2010,,2026-08-26T06:49:54+09:00,2026-09-05T06:43:22+09:00,
シャープフロンティアオートモーティブテクノロジー株式会社,しゃーぷふろんてぃあおーともーてぃぶてくのろじー,会社法第789条第3項,https://corporate.jp.sharp/koukoku/gappei_sfat.pdf,2026-08-26,2026-09-25,広島県福山市大門町旭1,,2026-08-26T06:49:54+09:00,2026-09-05T06:43:22+09:00,
シャープ株式会社,しゃーぷ,会社法第799条第3項,https://corporate.jp.sharp/koukoku/gappei_sc-sdtc-syc.pdf,2026-08-26,2026-09-25,大阪市中央区久太郎町2-1-25,,2026-08-26T06:49:54+09:00,2026-09-05T06:43:22+09:00,
シャープ株式会社,しゃーぷ,会社法第797条第3項及び第4項,https://corporate.jp.sharp/koukoku/bunkatsu_sc-sdmc.pdf,2026-08-26,2026-09-30,大阪市中央区久太郎町2-1-25,,2026-08-26T06:49:54+09:00,2026-09-05T06:43:22+09:00,
シャープ株式会社,しゃーぷ,会社法第799条第3項,https://corporate.jp.sharp/koukoku/bunkatsu_sc-sdmc.pdf,2026-08-26,2026-09-25,大阪市中央区久太郎町2-1-25,,2026-08-26T06:49:54+09:00,2026-09-05T06:43:22+09:00,
シャープ株式会社,しゃーぷ,会社法第797条第3項及び第4項,https://corporate.jp.sharp/koukoku/gappei_sc-sdtc-syc.pdf,2026-08-26,2026-09-30,大阪市中央区久太郎町2-1-25,,2026-08-26T06:49:54+09:00,2026-09-05T06:43:22+09:00,
シャープ米子株式会社,しゃーぷよなご,会社法第789条第3項,https://corporate.jp.sharp/koukoku/gappei_syc.pdf,2026-08-26,2026-09-25,鳥取県米子市石州府字大塚ノ弐650,,2026-08-26T06:49:54+09:00,2026-09-05T06:43:22+09:00,
ジェイドグループ株式会社,じぇいどぐるーぷ,会社法第799条第3項,https://jade-group.jp/wp-content/uploads/2026/08/announcement20260825.pdf,2026-08-26,2026-09-30,東京都渋谷区元代々木町30-13,,2026-08-26T06:49:54+09:00,2026-09-05T06:43:22+09:00,
ジェイドグループ株式会社,じぇいどぐるーぷ,会社法第797条第3項及び第4項,https://jade-group.jp/wp-content/uploads/2026/08/announcement20260825.pdf,2026-08-26,2026-09-30,東京都渋谷区元代々木町30-13,,2026-08-26T06:49:54+09:00,2026-09-05T06:43:22+09:00,
ソレキア株式会社,それきあ,会社法第799条第3項,https://www.solekia.com/ir/pdf/Hp9LfEkqSzVuW8koukoku.pdf,2026-08-26,2026-09-25,東京都大田区西蒲田8-16-6,,2026-08-26T06:49:54+09:00,2026-09-05T06:43:22+09:00,
ソレキア株式会社,それきあ,会社法第797条第3項及び第4項,https://www.solekia.com/ir/pdf/Hp9LfEkqSzVuW8koukoku.pdf,2026-08-26,2026-09-30,東京都大田区西蒲田8-16-6,,2026-08-26T06:49:54+09:00,2026-09-05T06:43:22+09:00,
リノベる株式会社,りのべる,会社法第218条第1項,https://www.renoveru.jp/hubfs/corporate2024/pdf/e_publicnotice_20260825.pdf,2026-08-26,2026-09-10,東京都港区南青山5-4-35,,2026-08-26T06:49:54+09:00,2026-09-05T06:43:22+09:00,
レジル株式会社,れじる,会社法第789条第3項,https://rezil.co.jp/wp-content/uploads/2026/08/20260826_kyusyubunkatsu.pdf,2026-08-26,2026-09-28,東京都千代田区丸の内1-8-1丸の内トラストタワーＮ館14階,,2026-08-26T06:49:54+09:00,2026-09-05T06:43:22+09:00,
日本興業株式会社,にほんこうぎょう,会社法第201条第3項及び第4項,https://kmasterplus.pronexus.co.jp/release/26405631/1228228.pdf,2026-08-26,2026-09-10,香川県さぬき市志度4614-13,,2026-08-26T06:49:54+09:00,2026-09-05T06:43:22+09:00,
株式会社カンソー,かんそー,会社法第799条第3項,https://www.kan-so.co.jp/files/uploads/sonota-kyusyu.pdf,2026-08-26,2026-09-25,大阪市浪速区湊町1-4-38近鉄新難波ビル17階,,2026-08-26T06:49:54+09:00,2026-09-05T06:43:22+09:00,
株式会社カンソー,かんそー,会社法第799条第3項,https://www.kan-so.co.jp/files/uploads/sonota-gappei.pdf,2026-08-26,2026-09-25,大阪市浪速区湊町1-4-38近鉄新難波ビル17階,,2026-08-26T06:49:54+09:00,2026-09-05T06:43:22+09:00,
株式会社レオクラン,れおくらん,会社法第799条第3項,https://contents.xj-storage.jp/xcontents/AS97880/ee2891db/0b3c/4bf3/95ec/8ee7a348cb9c/20260717150639917s.pdf,2026-08-26,2026-09-25,大阪府摂津市千里丘2-4-26,,2026-08-26T06:49:54+09:00,2026-09-05T06:43:22+09:00,
株式会社レオクラン,れおくらん,会社法第797条第3項及び第4項,https://contents.xj-storage.jp/xcontents/AS97880/ee2891db/0b3c/4bf3/95ec/8ee7a348cb9c/20260717150639917s.pdf,2026-08-26,2026-09-30,大阪府摂津市千里丘2-4-26,,2026-08-26T06:49:54+09:00,2026-09-05T06:43:22+09:00,
株式会社ロイヤル,ろいやる,会社法第789条第3項,https://jade-group.jp/wp-content/uploads/2026/08/announcementroyal20260825.pdf,2026-08-26,2026-09-30,名古屋市中区栄2-11-30,,2026-08-26T06:49:54+09:00,2026-09-05T06:43:22+09:00,
株式会社ロイヤルロジスティクス,ろいやるろじすてぃくす,会社法第789条第3項,https://jade-group.jp/wp-content/uploads/2026/08/announcementroyallogi20260825.pdf,2026-08-26,2026-09-30,名古屋市中区栄2-11-30,,2026-08-26T06:49:54+09:00,2026-09-05T06:43:22+09:00,
株式会社共同通信デジタル,きょうどうつうしんでじたる,会社法第799条第2項及び第3項,https://corp.kyodo-d.jp/assets/document/KD_20260825.pdf,2026-08-26,2026-09-25,東京都港区東新橋1-7-1,,2026-08-26T06:49:54+09:00,2026-09-05T06:43:22+09:00,
株式会社弘電社,こうでんしゃ,会社法第181条第1項及び第2項並びに会社法第182条の4第3項,https://www.kk-kodensha.co.jp/investor/pdf/2026/2026kabushikiheigou.pdf,2026-08-26,2026-09-29,東京都中央区銀座5-11-10,,2026-08-26T06:49:54+09:00,2026-09-05T06:43:22+09:00,
株式会社ＦＡＳＣＩＮＡＴＥ,ふぁっしねいと,会社法第789条第3項,https://jade-group.jp/wp-content/uploads/2026/08/announcementfascinate20260825.pdf,2026-08-26,2026-09-30,大阪市中央区西心斎橋1-5-25ジネスビル1階,,2026-08-26T06:49:54+09:00,2026-09-05T06:43:22+09:00,
株式会社Ｓｈａｒｉｎｇ　Ｉｎｎｏｖａｔｉｏｎｓ,しぇありんぐいのべーしょんず,会社法第124条第3項,https://kmasterplus.pronexus.co.jp/release/26403927/1228217.pdf,2026-08-26,2026-09-10,東京都渋谷区恵比寿4-20-3,,2026-08-26T06:49:54+09:00,2026-09-05T06:43:22+09:00,
藤井産業インフラソリューション株式会社,ふじいさんぎょういんふらそりゅーしょん,会社法第799条第3項,https://www.fujii.co.jp/wp/wp-content/uploads/2026/08/koukoku20260825mis.pdf,2026-08-26,2026-09-28,栃木県宇都宮市平出工業団地41-3,,2026-08-26T06:49:54+09:00,2026-09-05T06:43:22+09:00,
藤井産業マテリアルイノベーション株式会社,ふじいさんぎょうまてりあるいのべーしょん,会社法第799条第3項,https://www.fujii.co.jp/wp/wp-content/uploads/2026/08/koukoku20260825mis.pdf,2026-08-26,2026-09-28,栃木県宇都宮市平出工業団地41-3,,2026-08-26T06:49:54+09:00,2026-09-05T06:43:22+09:00,
藤井産業株式会社,ふじいさんぎょう,会社法第785条第3項及び第4項,https://www.fujii.co.jp/wp/wp-content/uploads/2026/08/koukoku20260825fj.pdf,2026-08-26,2026-09-30,栃木県宇都宮市平出工業団地41-3,,2026-08-26T06:49:54+09:00,2026-09-05T06:43:22+09:00,
ＡＲＩＧＡＴＯ株式会社,ありがと,会社法第789条第3項,https://jade-group.jp/wp-content/uploads/2026/08/announcementarigato20260825.pdf,2026-08-26,2026-09-30,東京都渋谷区元代々木町30-13,,2026-08-26T06:49:54+09:00,2026-09-05T06:43:22+09:00,
ＬＡＥＴＯＬＩ株式会社,らえとり,金融商品取引法第50条の2第6項,https://laetoli.jp/wps-foc002/uploads/2026/08/%E7%AC%AC%E4%BA%8C%E7%A8%AE%E9%87%91%E8%9E%8D%E5%95%86%E5%93%81%E5%8F%96%E5%BC%95%E6%A5%AD%E3%81%AE%E5%BB%83%E6%AD%A2%E3%81%AE%E5%85%AC%E5%91%8A.pdf,2026-08-26,2026-09-24,東京都港区北青山2-5-8,,2026-08-26T06:49:54+09:00,2026-09-05T06:43:22+09:00,
Ｔｏｋｙｏ　Ａｒｔｉｓａｎ　Ｉｎｔｅｌｌｉｇｅｎｃｅ株式会社,とうきょうあーちざんいんてりじぇんす,会社法第124条第3項,https://tokyo-ai.co.jp/wp-content/uploads/2026/06/tai20260821-pdf.pdf,2026-08-26,2026-09-09,横浜市港北区新横浜2-3-19,,2026-08-26T06:49:54+09:00,2026-09-05T06:43:22+09:00,
Ｕｍｉｏｓ株式会社,うみおす,会社法第797条第3項及び第4項,https://www.umios.com/jp/corporate/ir/e_publicnotice/pdf/company_split_20260826.pdf,2026-08-26,2026-09-30,東京都港区高輪2-21-2,,2026-08-26T06:49:54+09:00,2026-09-05T06:43:22+09:00,
Ｕｍｉｏｓ株式会社,うみおす,会社法第799条第3項,https://www.umios.com/jp/corporate/ir/e_publicnotice/pdf/company_split_20260826.pdf,2026-08-26,2026-09-26,東京都港区高輪2-21-2,,2026-08-26T06:49:54+09:00,2026-09-05T06:43:22+09:00,
センス・トラスト株式会社,せんすとらすと,会社法第201条第4項,https://kmasterplus.pronexus.co.jp/release/26402113/1228227.pdf,2026-08-27,2026-09-10,大阪市北区大深町5-54グラングリーン大阪南館パークタワー9階,,2026-08-27T07:34:03+09:00,2026-09-05T06:43:22+09:00,
ラクスルバンク株式会社,らくするばんく,会社法第449条第3項,https://raksulbank.com/assets/announcement/capital-reduction-notice-20260826.pdf,2026-08-27,2026-09-28,東京都港区麻布台1-3-1,,2026-08-27T07:34:03+09:00,2026-09-05T06:43:22+09:00,
帝人フロンティア株式会社,ていじんふろんてぃあ,会社法第799条第3項,https://www2.teijin-frontier.com/static/img_corp/ir/digital_public_notice/20260826koukoku.pdf,2026-08-27,2026-09-26,大阪市北区中之島3-2-4,,2026-08-27T07:34:03+09:00,2026-09-05T06:43:22+09:00,
日本ドライケミカル株式会社,にっぽんどらいけみかる,会社法第181条第1項及び第2項並びに会社法第182条の4第3項,https://www.ndc-group.co.jp/announcements/pdf/260826.pdf,2026-08-27,2026-09-16,東京都北区田端6-1-1,,2026-08-27T07:34:03+09:00,2026-09-05T06:43:22+09:00,
旭化成アドバンス株式会社,あさひかせいあどばんす,会社法第789条第3項,https://www.asahi-kasei.com/content/dam/asahi-kasei/jp/ja/ir/affiliates/pdf/2026/se-260826-1.pdf,2026-08-27,2026-09-26,東京都港区新橋6-17-21,,2026-08-27T07:34:03+09:00,2026-09-05T06:43:22+09:00,
旭化成アドバンス株式会社,あさひかせいあどばんす,会社法第789条第3項,https://www.asahi-kasei.com/content/dam/asahi-kasei/jp/ja/ir/affiliates/pdf/2026/se-260826-2.pdf,2026-08-27,2026-09-26,東京都港区新橋6-17-21,,2026-08-27T07:34:03+09:00,2026-09-05T06:43:22+09:00,
株式会社ひかりホールディングス,ひかりほーるでぃんぐす,会社法第124条第3項,https://h-holdings.jp/wp-content/uploads/f833138c16068050aeefadf52111d0b2.pdf,2026-08-27,2026-09-10,岐阜県多治見市笠原町1223-14,,2026-08-27T07:34:03+09:00,2026-09-05T06:43:22+09:00,
株式会社エイジス,えいじす,会社法第219条第1項,https://www.ajis.jp/wp-content/themes/ajis/assets/pdf/e-koukoku/kabukenteisyutsukoukoku_20260826.pdf,2026-08-27,2026-09-30,千葉市花見川区幕張町3-7727-1,,2026-08-27T07:34:03+09:00,2026-09-05T06:43:22+09:00,
株式会社オオバ,おおば,会社法第240条第2項及び第3項,https://www.k-ohba.co.jp/ohba/wp-content/uploads/2026/08/ITkou26-1.pdf,2026-08-27,2026-09-10,東京都千代田区神田錦町3-7-1,,2026-08-27T07:34:03+09:00,2026-09-05T06:43:22+09:00,
株式会社ハニーズホールディングス,はにーずほーるでぃんぐす,会社法第201条第3項及び第4項,https://www.honeys.co.jp/ir/library/detail/384?attach=true&fld=file&browserview=true,2026-08-27,2026-09-11,福島県いわき市鹿島町走熊字七本松27-1,,2026-08-27T07:34:03+09:00,2026-09-05T06:43:22+09:00,
株式会社メルディア,めるでぃあ,会社法第449条第3項,https://meldia.co.jp/wp-content/uploads/2026/08/mdg20260825.pdf,2026-08-27,2026-09-26,東京都新宿区西新宿1-25-1,,2026-08-27T07:34:03+09:00,2026-09-05T06:43:22+09:00,
株式会社リミックスポイント,りみっくすぽいんと,会社法第789条第3項,https://contents.xj-storage.jp/xcontents/AS08938/f17e0d6d/0a99/4d46/88b2/90b3df149874/20260818150351504s.pdf,2026-08-27,2026-09-28,東京都港区虎ノ門4-3-9,,2026-08-27T07:34:03+09:00,2026-09-05T06:43:22+09:00,
株式会社リミックスポイント,りみっくすぽいんと,会社法第785条第3項及び第4項,https://contents.xj-storage.jp/xcontents/AS08938/f17e0d6d/0a99/4d46/88b2/90b3df149874/20260818150351504s.pdf,2026-08-27,2026-10-01,東京都港区虎ノ門4-3-9,,2026-08-27T07:34:03+09:00,2026-09-05T06:43:22+09:00,
株式会社Ｃｏｍ２ｕＳ　Ｊａｐａｎ,かむつすじゃぱん,資金決済に関する法律第20条第2項,https://hive-fn.qpyou.cn/webdev/minisite/test/japan-test/ms_contents_editor/ko/SLc8D6t2HA.pdf,2026-08-27,2026-11-24,東京都新宿区市谷田町2-37千代田ビル4階,,2026-08-27T07:34:03+09:00,2026-09-05T06:43:22+09:00,
沖電気工業株式会社,おきでんきこうぎょう,会社法第789条第3項,https://www.oki.com/global/ja/ir/assets_c/uploads/okibunkatu_20260826.pdf,2026-08-27,2026-09-28,東京都港区虎ノ門1-7-12,,2026-08-27T07:34:03+09:00,2026-09-05T06:43:22+09:00,
ＴＡジオネクスト株式会社,てぃーえーじおねくすと,会社法第799条第3項,https://www.asahi-kasei.com/content/dam/asahi-kasei/jp/ja/ir/affiliates/pdf/2026/se-260826-2.pdf,2026-08-27,2026-09-26,東京都港区新橋6-17-21,,2026-08-27T07:34:03+09:00,2026-09-05T06:43:22+09:00,
ＴＨＥ　ＷＨＹ　ＨＯＷ　ＤＯ　ＣＯＭＰＡＮＹ株式会社,ざほわいはうどぅかんぱにー,会社法第797条第3項及び第4項,https://kmasterplus.pronexus.co.jp/release/26403964/1228223.pdf,2026-08-27,2026-09-17,東京都新宿区愛住町22,,2026-08-27T07:34:03+09:00,2026-09-05T06:43:22+09:00,
アグレ都市デザイン株式会社,あぐれとしでざいん,会社法第799条第3項,https://contents.xj-storage.jp/xcontents/AS03722/ba181ef9/7ab8/402d/8930/52b467c567c1/20260826180046866s.pdf,2026-08-28,2026-09-30,東京都新宿区西新宿2-6-1新宿住友ビル31階,,2026-08-28T09:37:19+09:00,2026-09-05T06:43:22+09:00,
イントロン・スペース株式会社,いんとろんすぺーす,会社法第449条第3項,https://k.secure.freee.co.jp/companies/206346/announces/37994,2026-08-28,2026-09-28,東京都台東区東上野3-12-11,,2026-08-28T09:37:19+09:00,2026-09-05T06:43:22+09:00,
グロービング株式会社,ぐろーびんぐ,会社法第785条第3項及び第4項,https://contents.xj-storage.jp/xcontents/AS06272/93bd1660/7bfe/4963/b8f5/cf35da347ff6/20260821173355339s.pdf,2026-08-28,2026-11-30,東京都港区南青山3-1-34,,2026-08-28T09:37:19+09:00,2026-09-05T06:43:22+09:00,
メトロウェザー株式会社,めとろうぇざー,会社法第449条第2項及び第3項,https://www.metroweather.jp/wp-content/uploads/2026/08/shihonkinjunbikingenshokoukoku.pdf,2026-08-28,2026-09-28,京都府宇治市広野町茶屋裏18-1タニヤマ大久保ビル1階,,2026-08-28T09:37:19+09:00,2026-09-05T06:43:22+09:00,
株式会社アカツキ,あかつき,会社法第124条第3項,https://aktsk.jp/ir/file/koukoku20260828.pdf,2026-08-28,2026-09-14,東京都品川区上大崎2-13-30ｏａｋｍｅｇｕｒｏ8階,,2026-08-28T09:37:19+09:00,2026-09-05T06:43:22+09:00,
株式会社インフォネット分割準備会社,いんふぉねっとぶんかつじゅんびかいしゃ,会社法第799条第3項,https://www.e-infonet.jp/Portals/0/images/ir/stock/notice/absorption-type_company_split_announcement_20260827.pdf,2026-08-28,2026-09-28,東京都港区新橋4-21-3新橋東急ビル7階,,2026-08-28T09:37:19+09:00,2026-09-05T06:43:22+09:00,
株式会社カウリス,かうりす,会社法第201条第3項及び第4項,https://ssl4.eir-parts.net/doc/153A/ir_material_for_fiscal_ym1/210025/00.pdf,2026-08-28,2026-09-11,東京都千代田区大手町1-6-1大手町ビル4階ＦＩＮＯＬＡＢ,,2026-08-28T09:37:19+09:00,2026-09-05T06:43:22+09:00,
株式会社グリーン・ネクストクリエイト,ぐりーんねくすとくりえいと,会社法第449条第3項,https://www.greenhouse.co.jp/koukoku/2608_GNC.pdf,2026-08-28,2026-09-28,東京都新宿区西新宿3-20-2,,2026-08-28T09:37:19+09:00,2026-09-05T06:43:22+09:00,
株式会社グロービング吸収分割準備会社,ぐろーびんぐきゅうしゅうぶんかつじゅんびかいしゃ,会社法第799条第3項,https://contents.xj-storage.jp/xcontents/AS06272/9e04a635/f269/4f36/94da/d14d79e23502/20260818131208789s.pdf,2026-08-28,2026-09-28,東京都港区赤坂9-7-1,,2026-08-28T09:37:19+09:00,2026-09-05T06:43:22+09:00,
株式会社サモエドカフェｍｏｆｆｕ,さもえどかふぇもふ,会社法第799条第3項,https://storage.googleapis.com/studio-design-asset-files/projects/VGOKNv6GWn/s-1x1_03ef4d86-eeff-45cd-8684-043146f58c86.pdf,2026-08-28,2026-09-30,東京都渋谷区渋谷2-24-12渋谷スクランブルスクエア39階,,2026-08-28T09:37:19+09:00,2026-09-05T06:43:22+09:00,
株式会社ソラスト・キッズ・ネクスト,そらすときっずねくすと,会社法第449条第2項及び第3項,https://kmasterplus.pronexus.co.jp/release/26403589/1228224.pdf,2026-08-28,2026-09-28,東京都港区港南2-15-3,,2026-08-28T09:37:19+09:00,2026-09-05T06:43:22+09:00,
株式会社フューチャーリンクネットワーク,ふゅーちゃーりんくねっとわーく,会社法第810条第3項,https://global-assets.irdirect.jp/pdf/menu_file/9241/20260825091028_1337.pdf,2026-08-28,2026-09-28,千葉県船橋市西船4-19-3,,2026-08-28T09:37:19+09:00,2026-09-05T06:43:22+09:00,
株式会社ブッシュクロフィード,ぶっしゅくろふぃーど,会社法第799条第3項,https://bush-clofied.co.jp/wp-content/uploads/2026/08/sougouzaikei-20260827.pdf,2026-08-28,2026-09-28,東京都渋谷区恵比寿4-20-3恵比寿ガーデンプレイスタワー21階,,2026-08-28T09:37:19+09:00,2026-09-05T06:43:22+09:00,
株式会社ホーユーコーポレーション,ほーゆーこーぽれーしょん,会社法第789条第3項,https://contents.xj-storage.jp/xcontents/AS03722/ba181ef9/7ab8/402d/8930/52b467c567c1/20260826180046866s.pdf,2026-08-28,2026-09-30,東京都武蔵野市中町1-23-1,,2026-08-28T09:37:19+09:00,2026-09-05T06:43:22+09:00,
株式会社三井住友銀行,みついすみともぎんこう,銀行法第52条の2の9第2項,https://www.smbc.co.jp/aboutus/profile/koukoku/pdf/20260827.pdf,2026-08-28,2026-09-28,東京都千代田区丸の内1-1-2,,2026-08-28T09:37:19+09:00,2026-09-05T06:43:22+09:00,
株式会社弘電社,こうでんしゃ,会社法第449条第3項,https://www.kk-kodensha.co.jp/investor/pdf/2026/2026shihonkinoyobijyunbikin.pdf,2026-08-28,2026-09-28,東京都中央区銀座5-11-10,,2026-08-28T09:37:19+09:00,2026-09-05T06:43:22+09:00,
株式会社Ｌｉｇｈｔｂｌｕｅ,らいとぶるー,会社法第449条第3項,https://www.lightblue-tech.com/wp-content/uploads/2021/11/news_20260827.pdf,2026-08-28,2026-09-28,東京都千代田区神田駿河台2-3-6,,2026-08-28T09:37:19+09:00,2026-09-05T06:43:22+09:00,
株式会社ＴｗｏＧａｔｅ,とぅーげーと,会社法第799条第3項,https://assets.twogate.com/public_notice/twogate_20260828.pdf,2026-08-28,2026-09-28,東京都世田谷区代田5-13-8代田フラット101,,2026-08-28T09:37:19+09:00,2026-09-05T06:43:22+09:00,
農林中央金庫,のうりんちゅうおうきんこ,農林中央金庫法第66条,https://www.nochubank.or.jp/news/e_publication/uploads/2026/202608289170.pdf,2026-08-28,2026-09-28,東京都千代田区大手町1-2-1,,2026-08-28T09:37:19+09:00,2026-09-05T06:43:22+09:00,
ＧＶＥ株式会社,じーぶいいー,会社法第449条第2項及び第3項,https://www.gve.net/assets/genshi_20260827.pdf,2026-08-28,2026-09-28,東京都中央区日本橋兜町13-1,,2026-08-28T09:37:19+09:00,2026-09-05T06:43:22+09:00,
ＮＣ２株式会社,えぬしーつー,会社法第789条第3項,https://nexightcapital.com/pdf/public-notice_20260828.pdf,2026-08-28,2026-09-30,東京都千代田区大手町1-3-1ＪＡビル6階暁翔キャピタル株式会社内,,2026-08-28T09:37:19+09:00,2026-09-05T06:43:22+09:00,
ＰＣＩソリューションズ株式会社,ぴーしーあいそりゅーしょんず,会社法第789条第2項及び第3項,https://kmasterplus.pronexus.co.jp/release/26399907/1228219.pdf,2026-08-28,2026-09-28,東京都港区虎ノ門1-21-19,,2026-08-28T09:37:19+09:00,2026-09-05T06:43:22+09:00,
ＰＣＩホールディングス株式会社,ぴーしーあいほーるでぃんぐす,会社法第799条第2項及び第3項,https://kmasterplus.pronexus.co.jp/release/26399906/1228220.pdf,2026-08-28,2026-09-28,東京都港区虎ノ門1-21-19,,2026-08-28T09:37:19+09:00,2026-09-05T06:43:22+09:00,
ＰＣＩホールディングス株式会社,ぴーしーあいほーるでぃんぐす,会社法第797条第3項及び第4項,https://kmasterplus.pronexus.co.jp/release/26399906/1228220.pdf,2026-08-28,2026-09-30,東京都港区虎ノ門1-21-19,,2026-08-28T09:37:19+09:00,2026-09-05T06:43:22+09:00,
アイティメディア株式会社,あいてぃめでぃあ,会社法第799条第3項,https://corp.itmedia.co.jp/ir/wp-content/uploads/sites/2/2026/08/20260828koukoku.pdf,2026-08-29,2026-09-28,東京都千代田区紀尾井町3-12,,2026-08-29T07:14:31+09:00,2026-09-05T06:43:22+09:00,
アイティメディア株式会社,あいてぃめでぃあ,会社法第797条第3項及び第4項,https://corp.itmedia.co.jp/ir/wp-content/uploads/sites/2/2026/08/20260828koukoku.pdf,2026-08-29,2026-09-30,東京都千代田区紀尾井町3-12,,2026-08-29T07:14:31+09:00,2026-09-05T06:43:22+09:00,
オリコン株式会社,おりこん,会社法第449条第3項,https://www.oricon.jp/files/2026/08/20260828.pdf,2026-08-29,2026-09-29,東京都港区六本木6-8-10,,2026-08-29T07:14:31+09:00,2026-09-05T06:43:22+09:00,
クックビズ株式会社,くっくびず,会社法第449条第3項,https://pdf.irpocket.com/C6558/xoA3/M9fy/qHFA/TA6D.pdf,2026-08-29,2026-09-28,大阪市北区芝田2-7-18,,2026-08-29T07:14:31+09:00,2026-09-05T06:43:22+09:00,
コロムビア・クリエイティブ株式会社,ころむびあくりえいてぃぶ,会社法第789条第3項,https://www.columbiacreative.co.jp/files/cckoukoku260828.pdf,2026-08-29,2026-09-28,東京都渋谷区神宮前1-4-16,,2026-08-29T07:14:31+09:00,2026-09-05T06:43:22+09:00,
トーイン株式会社,とーいん,会社法第789条第2項及び第3項,https://www.toin.co.jp/pdf/20260828-01.pdf,2026-08-29,2026-09-28,千葉県柏市新十余二16-1,,2026-08-29T07:14:31+09:00,2026-09-05T06:43:22+09:00,
フォレストデジタル株式会社,ふぉれすとでじたる,会社法第449条第3項,https://forestdigital.org/wp-content/uploads/2026/08/denshi-koukoku-genshi-koukoku.pdf,2026-08-29,2026-09-28,北海道十勝郡浦幌町字常室51-1,,2026-08-29T07:14:31+09:00,2026-09-05T06:43:22+09:00,
日本グランデ株式会社,にっぽんぐらんで,会社法第449条第3項,https://contents.xj-storage.jp/xcontents/AS06072/11efa151/af4f/42d0/885e/ecf237327645/20260827094002048s.pdf,2026-08-29,2026-09-28,札幌市中央区大通西5-1-1,,2026-08-29T07:14:31+09:00,2026-09-05T06:43:22+09:00,
日本コロムビア株式会社,にっぽんころむびあ,会社法第799条第3項,https://columbia.jp/company/corporate/e-announce/pdf/NC-CC_final.pdf,2026-08-29,2026-09-28,東京都渋谷区神宮前1-4-16,,2026-08-29T07:14:31+09:00,2026-09-05T06:43:22+09:00,
株式会社ウェッジホールディングス,うぇっじほーるでぃんぐす,会社法第797条第3項及び第4項,https://www.wedge-hd.com/cms_v2/assets/files/notification/n20260828.pdf,2026-08-29,2026-09-29,東京都江東区南砂2-36-10,,2026-08-29T07:14:31+09:00,2026-09-05T06:43:22+09:00,
株式会社ウェッジホールディングス,うぇっじほーるでぃんぐす,会社法第799条第3項,https://www.wedge-hd.com/cms_v2/assets/files/notification/n20260828.pdf,2026-08-29,2026-09-28,東京都江東区南砂2-36-10,,2026-08-29T07:14:31+09:00,2026-09-05T06:43:22+09:00,
株式会社ウエストエナジー,うえすとえなじー,会社法第799条第3項,https://www.west-gr.co.jp/official_notice/kokoku_20260828_01.pdf,2026-08-29,2026-09-30,広島市西区楠木町1-15-24,,2026-08-29T07:14:31+09:00,2026-09-05T06:43:22+09:00,
株式会社ウエストグリーンパワー,うえすとぐりーんぱわー,会社法第789条第3項,https://www.west-gr.co.jp/official_notice/kokoku_20260828_01.pdf,2026-08-29,2026-09-30,広島市西区楠木町1-15-24,,2026-08-29T07:14:31+09:00,2026-09-05T06:43:22+09:00,
株式会社エアドッグジャパン,えあどっぐじゃぱん,会社法第799条第3項,https://corp.airdogjapan.co.jp/wp-content/uploads/20260828koukoku.pdf,2026-08-29,2026-09-28,東京都港区東新橋1-5-2汐留シティセンター15Ｆ、1508号,,2026-08-29T07:14:31+09:00,2026-09-05T06:43:22+09:00,
株式会社エコーワールド,えこーわーるど,会社法第789条第3項,https://www.mitutoyo.co.jp/public/cms-assets/corporate/notice/pdf/eco-world_merger.pdf,2026-08-29,2026-09-28,栃木県宇都宮市下栗町2200-1,,2026-08-29T07:14:31+09:00,2026-09-05T06:43:22+09:00,
株式会社サニーサイドアップグループ,さにーさいどあっぷぐるーぷ,会社法第181条第1項及び第2項並びに会社法第182条の4第3項,https://www.ssu.co.jp/ir/wp-content/uploads/sites/6/2026/08/20260828_publicnotice.pdf,2026-08-29,2026-09-18,東京都渋谷区千駄ヶ谷4-23-5,,2026-08-29T07:14:31+09:00,2026-09-05T06:43:22+09:00,
株式会社トゥーコネクト,とぅーこねくと,会社法第789条第3項,https://corp.toconnect.co.jp/wp/wp-content/uploads/20260828koukoku.pdf,2026-08-29,2026-09-28,東京都千代田区丸の内1-11-1,,2026-08-29T07:14:31+09:00,2026-09-05T06:43:22+09:00,
株式会社フィナンシェ,ふぃなんしぇ,会社法第449条第3項,https://financie.jp/campaign/corporate/FYE202611_denshikokoku260828.pdf,2026-08-29,2026-09-28,東京都渋谷区桜丘町26-1セルリアンタワー15階,,2026-08-29T07:14:31+09:00,2026-09-05T06:43:22+09:00,
株式会社メディカルネット,めでぃかるねっと,会社法第201条第3項及び第4項,https://www.medical-net.com/common/doc/denshi_20260828.pdf,2026-08-29,2026-09-15,東京都渋谷区幡ヶ谷1-34-14,,2026-08-29T07:14:31+09:00,2026-09-05T06:43:22+09:00,
株式会社リベラ・ゲーミング・オペレーションズ,りべらげーみんぐおぺれーしょんず,会社法第799条第3項,https://libera-group.co.jp/wp-content/uploads/2026/08/2026_08_28_koukoku.pdf,2026-08-29,2026-09-28,東京都新宿区西新宿6-25-8,,2026-08-29T07:14:31+09:00,2026-09-05T06:43:22+09:00,
株式会社共生,きょうせい,会社法第799条第3項,https://www.mitutoyo.co.jp/public/cms-assets/corporate/notice/pdf/kyosei_merger.pdf,2026-08-29,2026-09-28,川崎市高津区坂戸1-20-1,,2026-08-29T07:14:31+09:00,2026-09-05T06:43:22+09:00,
株式会社守谷商会,もりやしようかい,会社法第201条第3項及び第4項,https://www.moriya-s.co.jp/files/libs/1750/202608240837591715.pdf,2026-08-29,2026-09-15,長野市南千歳町878,,2026-08-29T07:14:31+09:00,2026-09-05T06:43:22+09:00,
株式会社広興産,ひろこうさん,会社法第789条第3項,https://www.mitutoyo.co.jp/public/cms-assets/corporate/notice/pdf/hirokosan_merger.pdf,2026-08-29,2026-09-28,広島県呉市広古新開6-8-20,,2026-08-29T07:14:31+09:00,2026-09-05T06:43:22+09:00,
株式会社正和プランニング,せいわぷらんにんぐ,会社法第219条第1項,https://seiwa-planning.jp/wp-content/uploads/2026/08/s_news260828.pdf,2026-08-29,2026-09-30,和歌山県田辺市東山1-5-14Ｓシティビル202号,,2026-08-29T07:14:31+09:00,2026-09-05T06:43:22+09:00,
株式会社正和プランニング,せいわぷらんにんぐ,会社法第789条第3項,https://seiwa-planning.jp/wp-content/uploads/2026/08/s_news260828.pdf,2026-08-29,2026-09-28,和歌山県田辺市東山1-5-14Ｓシティビル202号,,2026-08-29T07:14:31+09:00,2026-09-05T06:43:22+09:00,
株式会社Ｇｔａｘ,じーたっくす,会社法第789条第3項,https://pafin-cortex-production.s3.ap-northeast-1.amazonaws.com/Gtax_Announcement_20260828_e6159cf6e6.pdf,2026-08-29,2026-09-28,東京都千代田区麹町3-2-4,,2026-08-29T07:14:31+09:00,2026-09-05T06:43:22+09:00,
株式会社Ｊリスクマネージメント,じぇいりすくまねーじめんと,会社法第799条第3項,https://www.j-risk.jp/wprs/wp-content/uploads/2026/08/n20260828.pdf,2026-08-29,2026-09-28,新潟市中央区万代1-3-10万代Ｊビルディング,,2026-08-29T07:14:31+09:00,2026-09-05T06:43:22+09:00,
株式会社ＳＢＹ,えすびーわい,会社法第810条第3項,https://www.sby.co.jp/wordpress/wp-content/uploads/2026/08/PublicNotice_of-_Incorporation-typeCompany-Split.pdf,2026-08-29,2026-09-28,東京都港区港南2-16-1品川イーストワンタワー7階,,2026-08-29T07:14:31+09:00,2026-09-05T06:43:22+09:00,
株式会社ｐａｆｉｎ,ぱふぃん,会社法第799条第3項,https://pafin-cortex-production.s3.ap-northeast-1.amazonaws.com/pafin_Announcement_20260828_eed883961d.pdf,2026-08-29,2026-09-28,東京都千代田区麹町3-2-4,,2026-08-29T07:14:31+09:00,2026-09-05T06:43:22+09:00,
Ｃｅｌｌｉｄ株式会社,せりっど,会社法第449条第3項,https://cellid-web.s3.ap-northeast-1.amazonaws.com/notice_20260826_01.pdf,2026-08-29,2026-09-28,東京都港区六本木4-8-6パシフィックキャピタルプラザ5階,,2026-08-29T07:14:31+09:00,2026-09-05T06:43:22+09:00,
Ｃｅｌｌｉｄ株式会社,せりっど,会社法第449条第3項,https://cellid-web.s3.ap-northeast-1.amazonaws.com/notice_20260826_02.pdf,2026-08-29,2026-09-28,東京都港区六本木4-8-6パシフィックキャピタルプラザ5階,,2026-08-29T07:14:31+09:00,2026-09-05T06:43:22+09:00,
ＰｉｃｏＣＥＬＡ株式会社,ぴこせら,会社法第449条第3項,https://picocela.com/about/files/public-notice-of-reduction-of-capital-stock-and-reserves-20260828.pdf,2026-08-29,2026-09-28,東京都中央区日本橋人形町2-34-5,,2026-08-29T07:14:31+09:00,2026-09-05T06:43:22+09:00,
ＴＩＢＳ株式会社,てぃあいびーえす,会社法第799条第3項,https://www.tibs.co.jp/pdf/20260828.pdf,2026-08-29,2026-09-28,東京都新宿区西新宿8-17-1,,2026-08-29T07:14:31+09:00,2026-09-05T06:43:22+09:00,
ソースネクスト株式会社,そーすねくすと,会社法第240条第2項及び第3項,https://sourcenext.co.jp/~/media/Files/cojp/ir/announce/20260828koukoku,2026-08-31,2026-09-17,東京都千代田区三番町3-8,,2026-08-31T06:43:15+09:00,2026-09-05T06:43:22+09:00,
株式会社ソラスト,そらすと,会社法第219条第1項,https://kmasterplus.pronexus.co.jp/release/26404656/1228231.pdf,2026-08-31,2026-09-30,東京都港区港南2-15-3,,2026-08-31T06:43:15+09:00,2026-09-05T06:43:22+09:00,
株式会社海帆,かいはん,会社法第124条第3項,https://kmasterplus.pronexus.co.jp/release/26488340/1228238.pdf,2026-08-31,2026-09-15,名古屋市中村区名駅4-15-15名古屋綜合市場ビル,,2026-08-31T06:43:15+09:00,2026-09-05T06:43:22+09:00,
Ａｐｐｉｅｒ　Ｇｒｏｕｐ株式会社,えいぴあぐるーぷ,会社法第274条第3項及び第4項,https://kmasterplus.pronexus.co.jp/release/26403949/1228230.pdf,2026-08-31,2026-09-15,東京都港区愛宕2-5-1愛宕グリーンヒルズＭＯＲＩタワー40階,,2026-08-31T06:43:15+09:00,2026-09-05T06:43:22+09:00,
Ａｐｐｉｅｒ　Ｇｒｏｕｐ株式会社,えいぴあぐるーぷ,会社法第273条第2項及び第3項,https://kmasterplus.pronexus.co.jp/release/26403949/1228230.pdf,2026-08-31,2026-09-15,東京都港区愛宕2-5-1愛宕グリーンヒルズＭＯＲＩタワー40階,,2026-08-31T06:43:15+09:00,2026-09-05T06:43:22+09:00,
ＳＡＡＦホールディングス株式会社,さーふほーるでぃんぐす,会社法第124条第3項,https://www.saaf-hd.co.jp/20260825_1.pdf,2026-08-31,2026-09-14,東京都江東区豊洲3-2-24,,2026-08-31T06:43:15+09:00,2026-09-05T06:43:22+09:00,
インスペック株式会社,いんすぺっく,会社法第240条第2項及び第3項,https://www.inspec21.com/i-cms/resources/uploads/2026/08/20260901koukoku.pdf,2026-09-01,2026-09-15,秋田県仙北市角館町雲然荒屋敷79-1,,2026-09-01T06:43:15+09:00,2026-09-05T06:43:22+09:00,
ガンホー・オンライン・エンターテイメント株式会社,がんほーおんらいんえんたーていめんと,資金決済に関する法律第20条第2項,https://www.gungho.co.jp/ir/uploads/irs20260831.pdf,2026-09-01,2026-11-30,東京都千代田区丸の内1-11-1,,2026-09-01T06:43:15+09:00,2026-09-05T06:43:22+09:00,
スパイダープラス株式会社,すぱいだーぷらす,会社法第201条第3項及び第4項,https://contents.xj-storage.jp/xcontents/AS81382/60964e90/8680/4e83/b111/895a038f47f7/20260828172429213s.pdf,2026-09-01,2026-09-16,東京都港区虎ノ門2-2-1,,2026-09-01T06:43:15+09:00,2026-09-05T06:43:22+09:00,
セガサミーホールディングス株式会社,せがさみーほーるでぃんぐす,会社法第201条第3項及び第4項,https://www.segasammy.co.jp/cms/wp-content/uploads/pdf/ja/koukoku_260831.pdf,2026-09-01,2026-09-16,東京都品川区西品川1-1-1住友不動産大崎ガーデンタワー,,2026-09-01T06:43:15+09:00,2026-09-05T06:43:22+09:00,
マクセル株式会社,まくせる,会社法第201条第3項及び第4項,https://www.maxell.co.jp/ir/koukoku/pdf/sr_2026.pdf,2026-09-01,2026-09-17,京都府乙訓郡大山崎町大山崎小泉1,,2026-09-01T06:43:15+09:00,2026-09-05T06:43:22+09:00,
メディカル・データ・ビジョン株式会社,めでぃかるでーたびじょん,会社法第449条第3項,https://www.mdv.co.jp/ir/stock/pdf/260831_electronic_public_notice.pdf,2026-09-01,2026-09-30,東京都千代田区神田美土代町7,,2026-09-01T06:43:15+09:00,2026-09-05T06:43:22+09:00,
佐藤食品工業株式会社,さとうしょくひんこうぎょう,会社法第124条第3項,https://www.sato-foods.co.jp/pdf/20260901koukoku.pdf,2026-09-01,2026-09-15,愛知県小牧市堀の内4-154,,2026-09-01T06:43:15+09:00,2026-09-05T06:43:22+09:00,
東亜紡織株式会社,とうあぼうしょく,会社法第799条第3項,https://www.toabo.co.jp/ir/announce/pdf/boshoku/2026/20260901.pdf,2026-09-01,2026-10-01,大阪市中央区城見1-2-27クリスタルタワー18階,,2026-09-01T06:43:15+09:00,2026-09-05T06:43:22+09:00,
東亜紡織株式会社,とうあぼうしょく,会社法第797条第3項及び第4項,https://www.toabo.co.jp/ir/announce/pdf/boshoku/2026/20260901.pdf,2026-09-01,2026-12-31,大阪市中央区城見1-2-27クリスタルタワー18階,,2026-09-01T06:43:15+09:00,2026-09-05T06:43:22+09:00,
株式会社エルアットヒューマン,えるあっとひゅーまん,会社法第789条第2項及び第3項,https://www.pcdepot.co.jp/co_ir/public/lh2026.pdf,2026-09-01,2026-09-30,横浜市西区高島1-2-5,,2026-09-01T06:43:15+09:00,2026-09-05T06:43:22+09:00,
株式会社ジョイフル,じょいふる,会社法第799条第3項,https://corporate.joyfull.co.jp/ir/172/pdf/20260831.pdf,2026-09-01,2026-09-30,大分市三川新町1-1-45,,2026-09-01T06:43:15+09:00,2026-09-05T06:43:22+09:00,
株式会社スマートライフインベストメント,すまーとらいふいんべすとめんと,会社法第789条第2項及び第3項,https://www.pcdepot.co.jp/co_ir/public/SLI2026.pdf,2026-09-01,2026-09-30,神奈川県横浜市西区高島1-2-5,,2026-09-01T06:43:15+09:00,2026-09-05T06:43:22+09:00,
株式会社ディー・エル・イー,でぃーえるいー,会社法第799条第2項及び第3項,https://www.dle.jp/jp/ir/5f3cc9581fd9ae5f9f9a31efc4a2333672dd89c8.pdf,2026-09-01,2026-10-01,東京都千代田区麹町3-3-4,,2026-09-01T06:43:15+09:00,2026-09-05T06:43:22+09:00,
株式会社ピーシーデポコーポレーション,ぴーしーでぽこーぽれーしょん,会社法第799条第2項及び第3項,https://www.pcdepot.co.jp/co_ir/public/PC_h2026.pdf,2026-09-01,2026-09-30,横浜市西区高島1-2-5,,2026-09-01T06:43:15+09:00,2026-09-05T06:43:22+09:00,
株式会社ピーシーデポコーポレーション,ぴーしーでぽこーぽれーしょん,会社法第799条第2項及び第3項,https://www.pcdepot.co.jp/co_ir/public/PC_L2026.pdf,2026-09-01,2026-09-30,横浜市西区高島1-2-5,,2026-09-01T06:43:15+09:00,2026-09-05T06:43:22+09:00,
株式会社フレンドリー,ふれんどりー,会社法第789条第3項,https://www.friendly-co.com/ir/pdf/koukoku20260831.pdf,2026-09-01,2026-09-30,大阪府大東市寺川3-12-1,,2026-09-01T06:43:15+09:00,2026-09-05T06:43:22+09:00,
株式会社メディカル一光,めでぃかるいっこう,会社法第799条第3項,https://www.m-ikkou.co.jp/ir/notific/d20260831.pdf,2026-09-01,2026-09-30,三重県津市西丸之内36-25,,2026-09-01T06:43:15+09:00,2026-09-05T06:43:22+09:00,
株式会社ヤマダホールディングス,やまだほーるでぃんぐす,会社法第201条第3項及び第4項,https://kmasterplus.pronexus.co.jp/release/26401997/1228233.pdf,2026-09-01,2026-09-18,群馬県高崎市栄町1-1,,2026-09-01T06:43:15+09:00,2026-09-05T06:43:22+09:00,
株式会社八十二長野銀行,はちじゅうにながのぎんこう,民間公益活動を促進するための休眠預金等に係る資金の活用に関する法律第3条第1項,https://bank.82group.jp/ir/koukoku/pdf/kyumin.pdf,2026-09-01,2026-10-31,長野市大字中御所字岡田178-8,,2026-09-01T06:43:15+09:00,2026-09-05T06:43:22+09:00,
株式会社宮崎銀行,みやざきぎんこう,民間公益活動を促進するための休眠預金等に係る資金の活用に関する法律第3条第1項,https://www.miyagin.co.jp/cms-hjeg2ccyg8jy/wp-content/uploads/2026/08/kyumin2027.pdf,2026-09-01,2026-10-31,宮崎市橘通東4-3-5,,2026-09-01T06:43:15+09:00,2026-09-05T06:43:22+09:00,
株式会社山形銀行,やまがたぎんこう,民間公益活動を促進するための休眠預金等に係る資金の活用に関する法律第3条第1項,https://www.yamagatabank.co.jp/investor/koukoku/img/20260901.pdf,2026-09-01,2026-10-31,山形市七日町3-1-2,,2026-09-01T06:43:15+09:00,2026-09-05T06:43:22+09:00,
株式会社武蔵野銀行,むさしのぎんこう,民間公益活動を促進するための休眠預金等に係る資金の活用に関する法律第3条第1項,https://www.musashinobank.co.jp/kyuminyokin/pdf/kyumin_koukoku_20260901.pdf,2026-09-01,2026-10-31,さいたま市大宮区桜木町1-10-8,,2026-09-01T06:43:15+09:00,2026-09-05T06:43:22+09:00,
株式会社琉球銀行,りゅうきゅうぎんこう,民間公益活動を促進するための休眠預金等に係る資金の活用に関する法律第3条第1項,https://www.ryugin.co.jp/common/uploads/kyuminkoukoku.pdf,2026-09-01,2026-10-31,沖縄県那覇市久茂地1-11-1,,2026-09-01T06:43:15+09:00,2026-09-05T06:43:22+09:00,
株式会社筑波銀行,つくばぎんこう,民間公益活動を促進するための休眠預金等に係る資金の活用に関する法律第3条第1項,https://www.tsukubabank.co.jp/ir/denshi/pdf/tk/pub_20260901.pdf,2026-09-01,2026-11-01,茨城県土浦市中央2-11-7,,2026-09-01T06:43:15+09:00,2026-09-05T06:43:22+09:00,
金沢信用金庫,かなざわしんようきんこ,民間公益活動を促進するための休眠預金等に係る資金の活用法に関する法律第3条第1項,https://www.shinkin.co.jp/kanazawa/_news-1/contents/335/0901.pdf,2026-09-01,2026-11-02,石川県金沢市南町1-1,,2026-09-01T06:43:15+09:00,2026-09-05T06:43:22+09:00,
ＨＥＲＯＺ株式会社,ひーろーず,会社法第201条第3項及び第4項,http://notice.heroz.co.jp/file/koukoku20260901.pdf,2026-09-01,2026-09-18,東京都港区芝5-31-17PMO田町,,2026-09-01T06:43:15+09:00,2026-09-05T06:43:22+09:00,
ＩＮＳＩＧＨＴ　ＬＡＢ株式会社,いんさいとらぼ,会社法第124条第3項,https://insight-lab.co.jp/wp-content/uploads/2026/08/20260831koukoku.pdf,2026-09-01,2026-09-15,東京都新宿区西新宿1-26-2,,2026-09-01T06:43:15+09:00,2026-09-05T06:43:22+09:00,
ナイス株式会社,ないす,会社法第201条第3項及び第4項,https://www.nice.co.jp/uploads/2026_09_02_01.pdf,2026-09-02,2026-09-18,横浜市鶴見区鶴見中央4-33-1,,2026-09-02T06:43:32+09:00,2026-09-05T06:43:22+09:00,
京セラ株式会社,きょうせら,会社法第789条第3項,https://www.kyocera.co.jp/ir/pdf/announcement_chemical_260901.pdf,2026-09-02,2026-10-01,京都市伏見区竹田鳥羽殿町6,,2026-09-02T06:43:32+09:00,2026-09-05T06:43:22+09:00,
日本石油輸送株式会社,にほんせきゆゆそう,会社法第124条第3項,https://www.jot.co.jp/assets/pdf/news/list2026/20260901-0000_300.pdf,2026-09-02,2026-09-30,東京都品川区大崎1-11-1,,2026-09-02T06:43:32+09:00,2026-09-05T06:43:22+09:00,
株式会社ナック,なっく,会社法第201条第3項及び第4項,https://kmasterplus.pronexus.co.jp/release/26404937/1228235.pdf,2026-09-02,2026-09-17,東京都新宿区西新宿1-25-1,,2026-09-02T06:43:32+09:00,2026-09-05T06:43:22+09:00,
株式会社Ｇｕｎｏｓｙ,ぐのしー,会社法第201条第3項及び第4項,https://gunosy.co.jp/files/20260901rs.pdf,2026-09-02,2026-09-16,東京都港区赤坂2-4-6,,2026-09-02T06:43:32+09:00,2026-09-05T06:43:22+09:00,
株式会社Ｏｒｃｈｅｓｔｒａ　Ｈｏｌｄｉｎｇｓ,おーけすとらほーるでぃんぐす,会社法第797条第3項及び第4項,https://orchestra-hd.co.jp/ir/stock/pdf/share_exchange_20260901.pdf,2026-09-02,2026-11-30,東京都渋谷区恵比寿4-20-3,,2026-09-02T06:43:32+09:00,2026-09-05T06:43:22+09:00,
ＡＮＹＣＯＬＯＲ株式会社,えにーからー,会社法第201条第3項及び第4項,https://www.anycolor.co.jp/ir/notice/20260901.pdf,2026-09-02,2026-09-18,東京都港区赤坂9-7-2ミッドタウン・イースト11Ｆ,,2026-09-02T06:43:32+09:00,2026-09-05T06:43:22+09:00,
ＮＴＴ株式会社,えぬてぃてぃ,日本電信電話株式会社等に関する法律第6条第4項および同施行規則第6条,https://group.ntt/jp/ir/notification/notification20260901.pdf,2026-09-02,2026-09-30,東京都千代田区大手町1-5-1,,2026-09-02T06:43:32+09:00,2026-09-03T06:43:38+09:00,2026-09-04T06:43:17+09:00
ＮＴＴ株式会社,えぬてぃてぃ,日本電信電話株式会社等に関する法律第6条第4項および同施行規則第6条,https://group.ntt/jp/ir/notification/notification20260901.pdf,2026-09-02,2026-10-01,東京都千代田区大手町1-5-1,,2026-09-04T06:43:17+09:00,2026-09-05T06:43:22+09:00,
株式会社アインホールディングス,あいんほーるでぃんぐす,会社法第201条第3項及び第4項,https://kmasterplus.pronexus.co.jp/release/26400078/1228234.pdf,2026-09-03,2026-09-18,札幌市白石区東札幌五条2-4-30,,2026-09-03T06:43:38+09:00,2026-09-05T06:43:22+09:00,
株式会社アスカネット,あすかねっと,会社法第201条第3項及び第4項,https://www.asukanet.co.jp/contents/ir/pdf/koukoku/20260903.pdf,2026-09-03,2026-09-18,広島市安佐南区祇園3-28-14,,2026-09-03T06:43:38+09:00,2026-09-05T06:43:22+09:00,
株式会社ゼネテック,ぜねてっく,会社法第201条第3項及び第4項,https://www.genetec.co.jp/wp/wp-content/uploads/2026/08/boshukabushiki20260901.pdf,2026-09-03,2026-09-18,東京都新宿区西新宿6-5-1,,2026-09-03T06:43:38+09:00,2026-09-05T06:43:22+09:00,
株式会社ハイマックス,はいまっくす,会社法第201条第3項及び第4項,https://kmasterplus.pronexus.co.jp/release/26405960/1228237.pdf,2026-09-03,2026-09-18,横浜市西区みなとみらい2-3-5,,2026-09-03T06:43:38+09:00,2026-09-05T06:43:22+09:00,
株式会社ＪＲＣ,じぇいあーるしー,会社法第201条第3項及び第4項,https://contents.xj-storage.jp/xcontents/AS97662/55fb3a2d/2085/4907/ad7c/e70061f354b6/20260828151603562s.pdf,2026-09-03,2026-09-17,大阪市西区阿波座2-1-1,,2026-09-03T06:43:38+09:00,2026-09-05T06:43:22+09:00,
ＴＯＮＥ株式会社,とね,会社法第201条第3項及び第4項,https://www.tonetool.co.jp/ir/data/file.php?s=18,2026-09-03,2026-09-18,大阪府河内長野市寿町6-25,,2026-09-03T06:43:38+09:00,2026-09-05T06:43:22+09:00,
日本精鉱株式会社,にほんせいこう,会社法第201条第3項及び第4項,https://kmasterplus.pronexus.co.jp/release/26398330/1228229.pdf,2026-09-04,2026-09-25,東京都新宿区下宮比町3-2,,2026-09-04T06:43:17+09:00,2026-09-05T06:43:22+09:00,
株式会社アイネス,あいねす,会社法第201条第3項及び第4項,https://www.ines.co.jp/dcms_media/other/9742_INES_koukoku20260831.pdf,2026-09-04,2026-09-18,東京都中央区日本橋蛎殻町1-38-11,,2026-09-04T06:43:17+09:00,2026-09-05T06:43:22+09:00,
株式会社カドー,かどー,会社法第201条第3項及び第4項,https://kmasterplus.pronexus.co.jp/release/26404558/1228236.pdf,2026-09-04,2026-09-18,東京都港区白金台4-2-11,,2026-09-04T06:43:17+09:00,2026-09-05T06:43:22+09:00,
株式会社レクメド,れくめど,会社法第124条第3項,https://www.reqmed.co.jp/wordpress/wp-content/uploads/2026/09/ir-rm29_20260903p.pdf,2026-09-04,2026-09-18,東京都町田市森野1-7-23,,2026-09-04T06:43:17+09:00,2026-09-05T06:43:22+09:00,
株式会社関西みらい銀行,かんさいみらいぎんこう,会社法第124条第3項,https://www.resona-gr.co.jp/holdings/other/koukoku/kmb/pdf/20260903.pdf,2026-09-04,2026-09-24,大阪市中央区備後町2-2-1,,2026-09-04T06:43:17+09:00,2026-09-05T06:43:22+09:00,
株式会社阿波銀行,あわぎんこう,民間公益活動を促進するための休眠預金等に係る資金の活用に関する法律第3条第1項,https://www.awabank.co.jp/about/assets/kyumin20260904.pdf,2026-09-04,2026-11-06,徳島市西船場町2-24-1,,2026-09-04T06:43:17+09:00,2026-09-05T06:43:22+09:00,
株式会社ＪＤＳＣ,じぇいでぃーえすしー,会社法第469条第3項及び第4項,https://jdsc.ai/publicnotice/0001publicnotice202609.pdf,2026-09-04,2026-09-30,東京都文京区小石川1-4-1,,2026-09-04T06:43:17+09:00,2026-09-05T06:43:22+09:00,
Ｈａｍｅｅ株式会社,はみぃ,会社法第201条第3項及び第4項,https://contents.xj-storage.jp/xcontents/AS71035/6aae7b83/74a7/4114/91ad/1d7d00efecba/20260807112115999s.pdf,2026-09-04,2026-09-18,神奈川県小田原市栄町2-12-10ＳｑｕａｒｅＯ2,,2026-09-04T06:43:17+09:00,2026-09-05T06:43:22+09:00,
ジェイフロンティア株式会社,じぇいふろんてぃあ,会社法第449条第3項,https://contents.xj-storage.jp/xcontents/AS03967/42c1ef55/2d10/4b33/a604/a34b48857321/20260901105608124s.pdf,2026-09-05,2026-10-05,東京都渋谷区桜丘町9-8,,2026-09-05T06:43:22+09:00,2026-09-05T06:43:22+09:00,
株式会社アイソプラ,あいそぷら,会社法第799条第2項及び第3項,https://isopra.co.jp/wp/wp-content/uploads/2026/08/20260904_koukoku.pdf,2026-09-05,2026-10-05,東京都千代田区神田錦町3-19,,2026-09-05T06:43:22+09:00,2026-09-05T06:43:22+09:00,
株式会社アクア,あくあ,会社法第789条第2項及び第3項,https://www.aqua-ltd.com/pdf/20260904_koukoku.pdf,2026-09-05,2026-10-05,東京都千代田区神田錦町3-19,,2026-09-05T06:43:22+09:00,2026-09-05T06:43:22+09:00,
ＳＢＩ　ＶＣトレード株式会社,えすびーあいぶいしーとれーど,資金決済に関する法律第63条の20第3項及び暗号資産交換業者に関する内閣府令第40条第3項,https://pdf.bitpoint.co.jp/pdf/notice/e-pub-notice-20260905.pdf,2026-09-05,2026-10-05,東京都港区六本木1-6-1,,2026-09-05T06:43:22+09:00,2026-09-05T06:43:22+09:00,
ＳＢＩ　ＶＣトレード株式会社,えすびーあいぶいしーとれーど,資金決済に関する法律第63条の20第3項及び暗号資産交換業者に関する内閣府令第40条第3項,https://www.sbivc.co.jp/assets/docs/sbivc_publicannouncement_20260905.pdf,2026-09-05,2026-10-05,東京都港区六本木1-6-1,,2026-09-05T06:43:22+09:00,2026-09-05T06:43:22+09:00,
